,word,definition
0,a,a short variant of the vwerb
1,tua,an indefinite personal pro noun one it can often be translated by the passive abi oe he was born
2,a,a short variant of the possessive pronoun of the nd pers sgl cuε
3,aba,seeds hung up on a stick that is used in ewawa divination and when feeding witches gives knowledge of the secrets of witchcraft
4,aba,an old word for the anklet worn by the emada now called εɽↄdↄ its noise was given as dyeryεhdyεyεn
5,aba,r originally native hand cuff prisoners were fastened by means of aba to large blocks of wood nowadays a witch doctor simplement used to press a medicine against the ground while a prayer is said which ends obↄ n ↄr aba εɽu edI L a hand that ids in aba cannot do anything This constitutes a protective spell
6,ababe,witchcraft as a prac tice used for purposes of de fence or revenge or out of Jealousy or envy abab w na w egbe gbe the witchcraft of this man n very strong
7,abalbↄ,rum alcohol w any
8,abagute,triangular under cloth spec denoting women s cloth but also of general use f Yor ibantε
9,abe,state of being guilty in a lawsuit ↄde y abe he fell into guilt he has been found guilty at last seems to imply wrongfully v ɽe l
10,abε,razor cf Yor abε
11,abεkpε,a knife used to kil animals
12,abiba,edge of mud couch stota y abiba he sat on the edge of the couch cf iba apraise name of the also ebi
13,abigεgqε,abↄ I branch in ab erha branch of tree rank social position in ab ↄkpa ↄye he is equal in rank to somebody else ab ↄkpa iɽa
14,ye,they are of the same rank straightforward deal ing unaided by hidden sup port ordinary hand in abↄ
15,ka,what you are doing now is not straightforward i e you are acting under the in fluence of alcohol or with the help of charms or witchcraft or of some other hidden support oseu εe abↄka he did it unaided by money or free from any magic support abdkps woof made of wood used in weaving strikes the threads down in order to fasten them a stick held by women at a burial or second burial representing a matchet it is supposed to keep evil spirits away from the deceased s children abdkpↄ z a tree Dwspyros crassifiora used in building houses and also by the Jεkri and Ijy people for paddles abↄkpr is not made from it
16,abutete,high edge of a road v az l
17,ada,state sword worn by the dba some big chiefs and the priests of Osa and Jdxwah f Yor ada I
18,ada,family representatives at a burial
19,ada,junction crossroads
20,adabi,a deity supposed to stand on the boundary between the world and εɽivi on Ad agb ad ε ivi there the dead people rest awhile An Adabi is also made and wor shipped by the priestesses of
21,olokii,female of ↄsεl it carries many eggs looks like the male ogoɽo but has shining stripes cf ek l
22,adesz,middle ades ɽ
23,sye,it is in the middle of it ades uhudu crown of head ades n eva the middle of two be fween xɣεl adesε n ev iɽi la don t pass between them adesε n eva M two fia ε l adesε n eva
24,ad,apointed stick for picking fruit off trees
25,adε,buyer cf dε
26,adε,placenta
27,adiyε,fowl a Yoruba word more used than ↄxo xo at present cf Yor adiε l
28,adowε,a man who walks on tip toe on account of sore feet
29,adbbb,name of an dba father of Dba OvHrfave his altar is shown on L R fig
30,adblbbiε,rebirth being born again Akugbe cf dↄl bi adolbko sword sabre df Jekr
31,udↄlbka,chisel ɣεgi afia fi a B obↄ don t let the chisel cut my hand an insect affecting the yam creepers cf
32,fii,Christian blessing Akugbe c fid
33,afiala,flag
34,afizma,pulse afima fia ε
35,teitei,my heart is beating with fear cf fi
36,afiznoba,imitation coral beads original meaning is one does not cut for somebody but the reason for this name is not clear
37,afierha,headache
38,aforhs,agame in which some thing preferably something ed ible is thrown on the ground whereupon everybody tries to seize as much of it as he can
39,afs,a purification medicine and soup said to be composed of different herbs cf fo MNs v ebe
40,aga,a chair with rest ag ika cane chair cf Y or aga wood cutting
41,aga,barren woman cf Yor
42,aga,person
43,agalezi,whitlow said to be brought about by isue
44,agiε,corrosive acid an old medicine to cure leprosy a curse agi giε ɽuε mudia may acid burn you standing i e alive used by big a bandy legged young lizard idio chiefs cf giε agiexe n small change oko agi Qε gu ε nqa imami en ofi dola na me friend have you any small change there is I have nobody who can change fiaz a florin for me
45,agobↄ,left hand left side mostly used with the latter meaning
46,agukisiviogie,the star claiming rule from with the moon a very bright star pro bably the morning or evening star cf gu uvki siῦi ogie
47,agwe,a fast kept at the guae and by some big chiecfs outside it the participants must not eat new yam for seven days on the seventh day nobody Is allowed to see the dba and gun firing as well as drumming is forbidden After the seventh day the new yam feast is held Before the fast begins each of the participants apparently men only has to obtain a badge in cross form uma mn agwε from the priest of Osa this Is worn round the neck but big chiefs tie it to the edge of their waist cloth by means of small strings of fine coral beads At the actual feast the new yam must not be touched nor must the pots and plates used at the teast be used for other purposes The fast is said to have been Instituted by the oba Esigie Three months later there iIs another fast called agws dwen of aws
48,agba,a tree Gossweileroden dron balsamiferwm used in building doors
49,agba,a long wooden tray with cane sides for carrying loads used by men only agba I plain space at village entrance ug e behind the outer gate on it stands the egb tence it is also called agba uwe and possibly in other cases agbagba C agba gbaa agha stool used by the D ba and chiefs a small square carved seat like a table with four legs without a backrest mu agha gi ogie n ↄya tota I bring a stool for the ruler to sit on cf agha r
50,agbada,a kind of knife with two edged blade
51,agbadi,bridge
52,agbae,layer in building a well each one of a man s height
53,agbaguda,I women s cheek marks a Lknife wused for cleaning cooked yam etc
54,agbawe,a title wsed in ad dressing the dba
55,agbaka,crocodile agbaka amu edi ε if a crocodile catches something it does not give it up
56,agbakpa,bald man a nick name aghakpa n iloɽo a bald man who has a shining head
57,aghae,chin lower jaw agba ɽ ye gj oↄgↄ or gↄYLS D L l his chin is pointed cf Yor aghↄ l
58,aghe,water bottle of Euro pean make as worn by soldiers
59,agbeginotↄ,vulva idic matic indecent cf gbe gin
60,oto,elderly people with plural meaning people from ca years Egh Hist Egh says ↄ or e gbakimez the e stressing the plurality exaɽhε n ↄgbekamez hia v va v eldely chiefs were therein full strength Here the word is used as a verb gb ekamezi Probably of Yoruba origin cf Yor mueji
61,agberhie,shooting contest like εte in agberhie an arrow is lost to the opponent every time one misses the mark
62,agbeva,double df gba l
63,eva,m ripples on house walls only chiefs are allowed to have them a pattern a kind of chisel for carving patterns in coco nuts or planks it has a narrower blade than aɣa
64,agbεtε,a man suffering from a sore cf gbe l
65,agbo,a Yoruba herb tea used as purgative medicine cf Yor
66,agbo,ram agbo n iyoy bearded ram apraise name for the ram cf Yor
67,agbo,razor a little bigger than abε cf Yor agbori minm
68,aghↄ,in agb εvo district an old word ilu agb oo we gbaɽo e I how many districts are you looking after world esp in contrast to εmivi agh na not in this world for something that cer tainly will not happen
69,agbuxoxo,hornet a curse agbuxoxo oↄɽagb uε may a hornet sting you a a a native chisel fixed on a hooked stick used by wood carvers axa n okpe a tree Mumusops djave cf okpe
70,axako,a tree Xylopia villosa its hard wood is used for cross planks in ceiling ajɣako εzε Isolona campanulalr not known to be a separate kind by the informant
71,aqwehi,a title used in ad dressing the dba axik ↄdi elders extra share of a payment made to the village or of a killed animal axd d shadow
72,aha,a worm possibly a leech ahaBanakpal conception by foetus i e without cause in flammation of breasts c hava akpa ah sieve cf Yor ase
73,ahε,a disease either convul sions or dysentery or else gonorrhoea or other affections of the penis used with the verb ɽu l
74,ahe,chrysops ily
75,ahεkpi,another name for
76,ataikpi,scraper cf hia
77,ahiaε,bird ahiaῦε n ukioya or nuticya D ared bird the cry of which is said to be prophetic if it cries oya o oya o danger or disaster is ahead if oliguεguε oliguεguε one s errand will be lucky If it cries persistently oya o in front of a man he will return rather than continue his way t is believed to be a messenger of the god Oxwaha to his worshippers ahia o small brass figure of the above carried by chiefs when dancing at ugi ↄ v ugie and continuously beaten on the beak this is done in commemoration of an oc currence during the reign of the dba Esigie when he went to war with his brother Aruaɽa the ahiatε n ukioya cried oya o on the road but the dba killed the bird and did not give heed to its cry After his victorious return he instituted the custom of the ahiaῦ ↄ ahiaῦ osa bird of Osa the African Pied Wagtail and perhaps the Blue headed Wag tail Appears during the dry season only
78,ahiewoe,a fly its larva is called ewↄe d hiↄ
79,ahiↄ,urine ahio Te ba b ↄDa n eviraɽo u his urine is dark like that of a man who has blackwater fever cf
80,hiↄ,a hoe for collecting mud broader than εgwe cf Engl hoe
81,ahobεkii,want of some thing cf ho ahoεῦ ↄBa love kindness Akugbe cf ho ε ε l
82,ↄva,hawk
83,ahuwvε,general pains in bones and joints e due to yaws cf uve
84,aibanuafo,fully undressed Perhaps fo
85,aikivi,one cannot strike a group of charms protecting agalnst assaults worn mainly when travelling or when a fight is ahead cf kivi one is not undervest
86,aiceba,one does not eat in addition to it any acute poison
87,aka,painin the side probably due to pneumonia or pleurisy
88,aka,grass snake said to have a crest on both sides of the head they are rather long and spit their bite is said to be not very harmful there are the follow ing varieties aka n ebebe
89,ebe,green grass snake aka n ebiebi dark grass snake aka n evigvi ε vi YD yellow grass snake aka n ugbems gbe
90,l,monkey kiler aka along tree snake that kills monkeys by sue zing them said not to be harmful to man I diom y ↄ v aka to dress like a grass snake to be fully armed wv εnyε
91,aka,rack for drying meat with a fire underneath cf Yor
92,aka,x a bell used in the cult of the god dxwabhe tied round the waist during festival also worn by hunting dogs round the neck a dance
93,akahe,forked spear nowa days a fishing spear pointed rod L R fig attendant on the right c Yor akasi
94,akai,strictures of urethra or possibly also symptoms of dysentery impossibility to uri nate and defaecate also de scribed as a more serious stage of odo
95,akala,grey heron cf Yor
96,akala,a tree Rauwolfia vomiloria provides firewood
97,akadudu,atiny thing the odd one ovi akaῦudu one over one surpassing a guessed number term of abuse for small people uye v ovi akahudu lh nnl you are like the odd one v isε
98,ake,a growth on the thigh bone ake obↄ a ganglion on the hand same as era
99,akegbe,a man who pretends by dress or behaviour to be of a different age or rank
100,akegbe,a bad style of the hair dressing osusu
101,akerekere,a kind of water snail at times it retires entirely into its shell closing the entrance with a cover called ekokohiε o l
102,akεd,a deity the god of archery
103,akεgbuda,name of an Oba
104,akgrha,
105,akεzua,name of two Jba s Akε zua I and the present ba v iso aki months only used in connection with the numerals from two to twelve as in akiava m akia m akianε m akiasε m
106,akiaha,m akiahif n akiahi i o m akiagbe x m akiawoↄ o IT m akiaweva r m r months native ukpo a year
107,ako,a tree Dennettia tripetala its fruit is hot like pepper ako place encircled by hunters c f ibako ako a shrine moved through the streets at second burials of ba s Ihama and Ezↄmb s family corre sponds to ot in the case of commoners ako a position in the og
108,weεga,iron trap for animals nowadays mostly of European malke
109,akobiε,an idol in human shape built of mud for the children in the women s apart ment who also offer sacrifice to Akobiz and dance Though not a real god veneration of it may have a favourable effect on the increase of children in the house This was explained by the fact that the existence of an Akobiε attracts many children into the house and that some spirit may follow the children and see that children like the house Ekpo
110,akoribiε,a clay figure
111,alota,evening alkota n εɽ
112,ɣade,come to night cf ota ak tooth ak h a tusk blown whenever the dba is ap pearing at a ceremony or in a big dance i e whenever he is in full dress v L R fig GS ak si pigs tooth a tree Hylodendron gabunense used for beams supporting the ceiling and for verandah posts Called akasi because of its strong wood ak εhiε tooth of pepper a tree Albizzia sp used for roofing
113,oxogbo,a tree Ielrastemma dvoicum
114,akosↄ,a thorny creeper a little thicker than a man s thumb Uwaria macrotricha akjsↄ so ows akosↄ has stung my foot I have been stung by akoↄsↄ thorns
115,akuerhikdiri,a kind of worm or larva that builds its house of threads and sticks
116,akugbe,community union Akugbe N ↄhuaɽε Holy Communion cf ku gbe l akuif a dark brown bird with soft feathers edible
117,altumε,a tree Pterocarpus soyauxis used in building door frames egbaha the tree contains camwood but not a very good one it is not used for dyeing purposes cf ke
118,ume,a big tree akuↄmo womb akusmo fɽuε xerhe gbe your womb is very small said to a woman who has several times borne very small children
119,akwayagɣa,tree bear so called from its cry kwa a aɣa ɣa
120,nwanwanwanwanwa,thefeather of an arrow
121,alpi,bald head cf gbe I agbakpa
122,akpa,child in the womb foetus idiomatically used to indicate that there seems to be no reason for a man s action or for anything happening e g In ugu akpa giε a do you laugh with an unborn child what are you laughing at when seeing aman laughing without visible cause c ahava n akpa
123,akpa,fool not as strong an expression as ↄzud akpa ux you are a fool akpa n
124,ovivi,a fool who does things without deliberation
125,akpakomiza,an animal not found in Benin nowadays it has the surname akpakomiza n ↄgb ixwswse a who destroys exwe zweε because ac cording to tradition it drank palm wine from felled palm trees whenever it could find any and tore the trees with its claws in order to obtain more wine In the dra language akpakomize means lion
126,akpakpa,spider
127,akpakpava,street in Benin City leading from the Old Lort to Ikpoba also Ikpoba Road This street was not inhabited in former times and up to the time of the ba Adol the bodies of the deceased with the exception of the chiefs were exposed there akpalakp erha West African Grey Woodpecker
128,akpalode,leather medicine belt sewn by cobblers worn as a protection against charms put on the road and destined to cause diseases like elephantiasis or leprosy It also protects the wearer from gonorrhoea pains in the waist and the influences of witchcraft intended to cause Impotence
129,akpans,a tree I icalysi its branches are linked to the stem by joints cf kpano
130,akpata,native harp alkpat
131,ebo,tinea
132,akpawε,if it is said if Spems cue ivagu εe gbina if it were not for o I should have fought him of kpa we
133,akpekpε,platform built of small sticks as substitute for a mud bed e g in a hunting or working camp altar
134,akpεlε,amethod of divination similar to that known as ewawa but in akpε le a flat wooden plate is used instead of a drum and the images are taken in the hand not in a cup v iha
135,sbo,beads worn by women round the waist
136,akpↄko,smallest size of pepper hottest sort supposed to spring up from the excre ments of the asεsε bird alagbod pass cross road latest child of a woman who at her age might still have other children also used as a nickname alal a skin disease rashes looking like patches of powder it is supposed to be caused by a spider which when wounded by a man comes at night and licks his body cf elalb
137,alama,interference with other people s work e g by uncalled for help or gossipping cf
138,igbalama,a big monkey or ape
139,alexe,a dance performed by old men where everyone dances as he likes it is considered to be very funny
140,alemeεzε,a dark blue bird with long plumage grey head cf εz
141,alefe,or an escape c
142,le,a creeper that has a tendency to colil
143,alelε,a creeper that can grow very long mostly used to tie yam
144,alzvε,a night bird the Standard wing Nightjar it moves only a short way when stirred up alimi wQ smooth lizard uriyi c miↄyɣ
145,alimoi,T orange in alimo fi n exwa orange lemon in alimo i me gi ɽe lemon cf Port impes
146,alubarha,onion c Hausa albasa Yor alubↄsa y hil
147,alumagazi,scissors cf Hausa almakay i Yor alumbgaji am am am describes the cry of monkeys except that of ogi D astu am am am it is crying
148,ama,sign mark e g in dicating property ama n ↄr inya na lugzaε the mark which is on this yam is different omen ama fiia e ɽe an omen is biting me an omen shows itself to me e g buzzing ears for good or bad news a headache for bad news B symptom am uhudova fii oe ɽe a symptom of sickness is biting me brass fiure or plaque as a souvenir of somebody ↄsa e y ama he cast him in brass as a souvenir an oracle used to discover a name for a new Oba at Use an oracle used to discover hidden things and secret murder a special charm called uxudu n aya mu
149,ama,is carried by its owner on the palm of his hand it leads him te the spot where the corpse is hidden or to the criminal wound in yi ama wWl l
150,amε,water ame bi water is dark clouds have gathered rain is coming ame n ↄrhↄ rhↄ rain ame wewe drzzling rain ame ri shiε water eats pepper it drizzles a little still lesser degree than in the preceding case am eve water of weeping tears am enwε waterofbreast mother s milk also denoting a disease of the eye amdigbaro water does not beat face face cap c gbe
151,ao,a tree Licus asperi folim leaves are used as sand paper hence the idiom y eb ameme kp εfho a ya kpe fua a Wash your throat with am me leaves am not willing to glve you what you want
152,amenyanya,distant flashing of lightning This is possibly a sentence water is yawning amiↄra s adultery df
153,mie,hammock used be fore the arrival of the English for carrying chiefs who were travelling in the Jba s service amok en ↄf orhiↄ ham mock of the fainted stretcher Probably through the Port
154,amuegberiota,going to the ground with oneself humble ness Akugbe
155,amufi,a band of vilagers performing a certaln ceremony at the ugie called isiokuo they climb a high tree at Benin City the ↄ a tree beside the present Education Office with the help of ropes on top they fasten themselves to the stem but so as to be able to swing freely round it with spread arms and legs wearing rattles and bells they thus swing round making fluttering move ments with their arms In this way they imitate bats or birds and their performance is meant to represent a war against the sky v isickuo The dancers have the avamu as their taboo and they use a charm believed to enable them to fly if the rope breaks avamu is used in this charm
156,anwa,tongs
157,anyaerhi,owner of trees or wood a tree Distemonan thus benmthamianus The reason for this name is not clear cf nya erha
158,anyehr,a deaf man df ny eho
159,anyↄ,alcohol any ebo European drinks any ezin gin any ka maize wine any exws xwε cdf
160,exwexwe,raphia wine collected by cut ting a furrow along the stem after having removed the top of the tree anyↄ abalb strong liquor rum
161,anys,black rubber Funiumia elastica aɽaba n exwi l Idiom dvie LVHWOLOH v any he weeps with his tears flowing like the rubber tree i c as the latex runs down from the rubber tree
162,apopo,atree Lovoa klanecana used for timber
163,ara,avery small worm cater pillar living on leaves affects hunters very irritating to the skin ara rhie ε ara has attacked me
164,arale,interference with other people s talk etc name of a deity also called Arale n εbↄ n ↄw ifo A the deity who is in the open place it always does things without being asked to do them where upon people must make sacrHi fices to it witches report to it what they have seen ari next reincarnation only used with following avehe other next It is not certain whether the a of avehe does not really belong to ari c re
165,arioba,reign king dom government cf ɽe l ba T ari ↄkpa tail feather of a cock
166,ariorho,comein wet season any flowing water that dries IOo up or becomes quite shallow in the dry season cf re
167,orhs,lamp goer night moth cf rie ukpa ar a disease of animals affects goats sheep cattle etc skin eruptions like craw craw
168,arha,part of the ceremonies at the second burial takes place at night a person selected by the deceased acts as his representative during the night and on the following morning it is determined whether the sacrifice made to the deceased has been accepted arha pre cedes the institution of a shrine for the deceased v ɽe
169,arhεrhε,gentle treatment arhi arhuῦ
170,arhiↄkpaegbe,walking and standing up resurrection Akugbe
171,arhuafa,blind man
172,rhu,circumcision at no definite age cf rhuε arhu also arhi man person in connection with numerals only arhuv ↄkpa arhi Skpa one man arhuv eva arhi
173,eva,two men arhuon eha arhi eha three men arhud enε arhi enε four menj arhu isε arhi s five men arhu eha arhi eha s x men arhus ihif arb ihi seven men arhuv eɽE ɽ arhi eɽ f eight men arhu
174,ihifi,nine men arhu ighe arh ighe ten men arhu eso arhi
175,eso,some people ilu arhud eῦa no how many people are they arhu oto a viper bigger than
176,ivickpo,the rubber tree Fu tumia elastica aɽaba n exwi i anyↄ black rub ber aɽaba n ↄfua white rubber plantation rub ber cf Engl rubber
177,aɽagwa,a chief he has a quarter on the Siluko Road and keeps account of the time by counting the market days and observing the farming seasons he also knows the date of the last fall of rain in any year He keeps some of the rain water in a bottle until the following rainy season begilns
178,aɽaha,favourite wife now adays aB ebos i s more used a originally meant the favourite wife in the dba s harem
179,are,eating m in aɽe m egbe ma ma cating be good for the body answer to a junior s thanks for his food a wasting sickness
180,arebi,a kind of white yam f re bd c emaz
181,aɽekpa,an emetic df qe
182,kpa,a charm used to make someone reveal a secret e g in the case of wives who do not confess adultery cf ɽe
183,ta,swelling in the groin cf ix εvua l
184,aɽo,dye icam ukp y aɽo
185,nexwi,I want to dye the cloth black cf Yor aro L aɽo I x eye aɽo n ↄfua the white of the eye aɽo n ↄs oze sa eye that is cast in lead cataract aɽo εre εɣ mse vwe he does not see well idiom aɽo v e ghe vm J eve is very broad to him he is very greedy aɽwo oε ba my eye is red I am angry idiom aɽ uε iri ot your eyedoes not come down you are very angry said when trying to pacify somebody who is furious also you are wor ried aɽ uε suku MN your eye looks afraid you are shy face aɽ uε your face exclamation of surprise when meeting an acuaintance after a long absence surface aru s te surface of sore sore aɽu ↄmag surface of old scar kind sort aɽu skpa the same sort ar ukps G na xi sort of my cloth is this this is of the same kind as my cloth ao L hearth aɽ ewu hearth shrine of a god aɽ osa shrine of Osa avu εfae shrine of fae i e a hunters Ogii at which all their trophies are kept cf Yor aaro
186,aɽoicofiexↄeweriz,one thinks thought throws mind back return repentance Akugbe
187,arovεlε,greed aɽpovedε bl ε
188,gbe,greed is much for you you are very greedy cf aɽo ve
189,acowa,superior master cf te owa
190,ar,a fsh with a moustache its meat is good idiom same as eb evariε c Yor ard ande L cnpple with legs bent outward cf Yor ard
191,agugbo,farm doer far mer idiomatic cf Mu
192,ugbo,tongue idiom aɽavε fuε ta gbe your tongue is very long you twist a man s words in his mouth
193,afate,r animal aɽa e bu or kpↄ gbe v oha na there are many animals in this bush afav oha bush animal afa εzε river animal afa ato animal of the grassy plains meat afam uzo rhiεrhiε gbe antelope meat is very tasty
194,apεkε,a snake similar to
195,ovivie,a tree Afzelia afr cana bella and bipidensis
196,asa,whip w gbe
197,asa,shield nowadays a small shield carried in front of the ba Iyasε and some chiefs also called esa L R fig x oB wing covert of beetle or cricket cf Yor asa
198,asaka,a black road ant which smells bad and stings going in groups of I I asaka n oxi kpa single going ant another sort of road ant that stings badly
199,asaka,soup without meat
200,asavotd,black driver ants moving in large numbers smaller than asaka
201,ase,state of being not guilty iri ase v εῦε na ɽe I am not guilty in this affair
202,aseza,soldier cf Enagl soldier
203,ase,spot yasgɣ asa ni uɣa mi ↄε a go and look at that spot you will see it there period space of time ase ni mmnaɽu εe during that time he did it asε r command the grant of one s words coming true it is dangerous to utter anything detrimental to some body else Osa may make it come true c Yor afε as saliva
204,assgiz,iron rod for digging yams one side of it is broad some are also pointed
205,asekph,a white yam v ema
206,asεlε,a cricket asi hil a poisonous snake with a pointed head longer than
207,ovivie,the one with nuts a tree Phylanthus discoideus takes its name from the nut like round knolls in its wood which make it difficult to cut tissimilar toal sil though not as durable the wood is also used to make poles supporting the ceiling in native houses cf s ivi
208,asologd,xylophone
209,asoro,fruit of ebiεba very sweet found at the base of the plant Given in the F D list as Dioscoreophyilum lobatum Refers perhaps to ebiεba
210,asbb,night ov εg as at night time
211,asti,a shrub Randia coriacea its leaves when ground give a very durable black dye which is used by boys and girls to imi tate the tribal marks The F D list gives besides an as nexwi
212,asua,a harmful charm efbo hyD a pushing medicine which pushes people into dan ger lawsuits and disasters of every kind cf sua asu a shrub Carpolobia lutea itswoodis used tomalke the
213,akpata,forceful swallowing like that of a man who has got a morsel of food in the windpipe
214,ata,a tree Canthium glaby Sflorum from it medicine for
215,eda,is prepared
216,atayimua,what is said and cannot be debated soothsay ing cf ta mua The ɣ iIs probably the relic of an
217,ize,imitation of boa a snake bigger than aka but not so big as ikpi It has a very hard skin cf ta
218,ikpi,roll of tobacco of Port origin
219,atalakpa,leopard atalakp
220,iia,leopard man idio matic ↄxo s atalakpa sε he is as bad as a leopard Voracious people too are compared with leopards atat in atat abↄ palm of hand atat awε sole of foot
221,atauvi,the time preceding sunset the word was explained as being composed of tε and
222,uvi,and meaning something like deceiving the girls be cause the glow of the sunlight was sald to deceive people so that they stay longer on the farm and have to return when it is dark But this etymology seems doubtful
223,atete,fied selling in con trast to iɣo selling when sitting behind one s merchan dise
224,aterhu,a soft mat made from the reecd εbo easy to roll
225,atetd,a round flat cane tray made out of itoto and uxwerh oha used by wo men when hawking goods cf i o e Q grains in the market The grains are distri buted on it in heaps e Q for a penny
226,atiebi,caller of darkness a large insect perhaps a night moth
227,atita,meat an expression used when speaking with chil dren ifi atita nwuef I have cut you meat
228,ato,grassy plain as in the Kukuruku or Dw country
229,atorhi,gonorrhoea a better word than ↄkpatalz which also refers to a worse form of the disease cf Yor
230,atosi,whitlow finger must be cut off severe form of
231,isue,a small monkey which warns a troop of monkeys of the approach of any danger
232,ava,wooden or iron wedge used to split wood
233,ava,m thunder and lightning ava n uxuu thunder and lightning lit of above ava de y erha na lghtning struck this tree thunder bolt
234,ava,daytime wɣade ava n fɽ come in the course of the day avam u or an animal of the bat family the biggest one it climbs up trees clasping their trunks supposed to visit trees during every night cf Yor awamya
235,avig,clitoris
236,avavegbe,necessity want cf va e egbe
237,ave,ava a particle pre ceding the demonstrative pro nouns when used as nouns ave
238,na,these people ave ni those people oc casionally preceding nouns in the plural probably conveying a demonstrative idea av iXuo ni
239,hia,all those women av etε oε irHdwa my brothers are not at home preceding an interrogative a thereby adding a demon strative and nominal meaning av a noↄ l av aani ɽ who are those v iho
240,aveto,hair puller a kind of burr that sticks to one s clothes and hairs on the legs cf vo eto
241,aviɽε,coward probably also lazy person cf vie I
242,avioghε,an otu at the guae they announce the dba s orders in the town ringing bells εgogo
243,adε,m female woman e g in sm adῦε female child girl adv ig ↄba old ex pression for ibifk iyↄba wife ave Bε ↄna xi this is my wife av ebↄ favourite wife aῦ eb osa favourite of Osa woman with atresia vagilnae ap ogie rulers wite oloi used asaddress toan oloi by other women but also aw ba
244,awa,dog awas a charm in the shape of a pebble used to wish people evil or to bless them
245,aws,a big purple bird with a tuft on its head c Yor
246,agbe,fasting a modern Yoruba loan word cf Yor aawε and cf aguε
247,awod,another expression not so current for obobo cooked yam ground and at times mixed with oil
248,awua,taboo awua ε gb e family taboo awua εhi taboo of guardian spirit personal taboo existing in addition to the above awua
249,gfivi,tabooof the deity special taboo affecting priests cf wua
250,awuekia,impotent man df
251,wu,weaver bird a different kind is axa n onwina the carpenter weaver bird it has a red collar and its beautifully woven nest is to be found on the riverside with the mpouth towards the ground
252,axaε,disobedience
253,axarha,fork between legs cf Yor akata
254,axarho,a big monkey od Yor akato
255,axase,hw soothsayer cf a se
256,axe,wl L m than uwawa
257,axiada,eighth i innings In ayo gamo cf xiε sa
258,axi,selling cf xiε
259,axiε,mourning ↄɽu axiε he is in mourning f xiε
260,axigxie,the smallest kind of squirrel lives in hollow trees at the upper end they are hunted by smoking out the trees edible
261,axiↄda,senior house servant who looks after the house and property of his master in his absence and until his heir is grown up cf xε owa
262,axdxd,a fish with stinging fins
263,axua,subordinate of inferior rank axua ix v uw iɽa am inferior amongst them
264,axuwawa,soot
265,axuaxua,Pied Crow dark blue with a yellow collar round the neck
266,axuε,joint physiological
267,axuef,washing a greeting axuε mu mo may wash Ing lift up a child used to a Junior woman as reply to her family salute in the morning when she is leaving the men struation room i e when she has finished her washings df
268,xuε,lips axwarha
269,unu,lips axwarha unu
270,egile,underneath part of snail a word of abuse sru axwarhas unu dↄɣ ↄↄ v ↄɣL egilε he bhas a hanging I stronger winner in a game cf lip like that of a snail a xwarhao uhe labiamajora
271,axwaxuisa,scarab idiom XUO na yev aRwaxuisa Viwi o this woman is like a hmai le ugly cf isa
272,axwe,to morrow axwε uy ure to morrow you shall come
273,axwee,ɽ a creeper the fruit of which is used in playing marbles sorts axu ebo ebo D Klaineoxia gradi folim brown fruit a u ekpu Mucuna fiagellipes black fruit t is not certain whether the Latin terms are here rightly distributed game of marbles also played by adults gi a fi
274,axwee,let s play marbles
275,axwexae,a kind of heron which likes to bask in the sand cries piapia caught by means of an uho cf xuz I exae
276,axwexwe,a tree the fruits of which are used in the ↄɽ mila divination cf Yor a
277,kpεkpε,name of a Bini deity an ihε
278,axwoxwa,Double spurred Francolin
279,aya,a leaf used to prepare
280,afo,for the purpose of purification
281,aye,pleasure is in the world cf Yor aye
282,ayere,memuory df ye
283,re,m a seed a game played with seven of the above seeds which are thrown up into the air in increasing numbers and must be caught under in creasing difficulties There are eight innings in this game which is also played by adults if a man goes through the whole of it without a mistake his op ponent must start once again v ise n afi omunya th innings axiaga th innings gi a do fi ayo let s come and play ayo of Yor ayo
284,aza,store room in the house aza z long bell always found hanging over the image of a god aza a creeper Mussaenda elegans chewed by doctors to enable them to tell the future
285,azama,a deity or deities of the ba
286,azina,boar bush and do mestic
287,aze,fee e g for a native doc tor or somebody looking after a woman in childbirth or even for somebody to whom one owes a new position
288,azε,witch eating the souls of people witches are also called ifa n exwa the big ones ifa n iXi msi they who walk at night ifa n is ↄBa sε ra a who pass a man ie seniority rank power and na n ir abutete re they who are on the edges of theroad aman whose magic kills beople people who are unforgiving and revengeful such as try to poison others c Yor
289,aje,adze used for smoothing wood a word used in timber camps Engl
290,azimↄmvo,a tree Pachysicla micrantha its strong durable Ib wood is used for poles sup porting the ceiling of native houses and for making mortars pestles and hoe handles ILts charcoal is likewise very durable and used by smiths Because of these many uses the tree has the praise name erha n ↄm izo mM D l the tree that en genders money
291,az,dinner feast as given out of the ordinary routine in con trast to ew ↄ which means either a feast given to helpers under the use system or the yearly family festival w ka ba r to watch ba e ve deɣ ↄr eva watch it and see whether he is there b egbe to be watchful ↄb egbe rhia he is watchful by character b odε to watch the road e g in order to prevent passers by from spying into secret ceremonies to do something stealthily vw do ↄba rhi ε e he took it Secretly sba mu ε he carried it stealthily ba in ba ku to miss k fE se n ugɣeεba e ku aim at it properly that you ds not miss it to com mit a mistake ↄni r usu eo i n ↄ ba ku ɽ that is among the things he did by mistake
292,ba,to snatch off ba rhie to snatch somebody or something away oↄb xuo na rhie v ob ↄdↄ ɽe he snatched the woman away from her husband i e he ran away with her Iter banↄ ɽua fua wa to strip some body the iterative is used be cause more than one cloth is the object εbanↄ ῦ ua don t strip me used e g by a mother carrying her child on her back when it does not keep quiet and plays with her cloth ε to be stripped naked ↄv oxa na bin
293,ua,this child is naked cf ba ba r to be red or yellow v aɽo to shine of the moon v uki siεɽ ba to put something up right mostly into the ground ba ε ε y εhε na stick this yam pole into the yam heap orh iga ba he took feather put it upright he stuck the feather upright into his hair ba ema to stick yam poles into the heaps this is done when the yam ropes are about a yard long when the yam has reached the top of the eɣe ikpεsi poles are added and the yam ropes tied from the εɣε to the ikpesi v fi ema to stick a needle etc into some body wɣεba olod y ↄῦ egbe dont stick a needle into my body e among schoolboys ba igha to stick somebody with a thorn to proclaim a woman as a wile of the ba iɽ a ba ɽ igha they proclaimed her as a wife of the ba cf baba r iter a L to be hard i e difficult ldiom ↄba v axe n ↄlua ya l vi L it is hard like the pot which the ba dzdlua took to cook oil a pot BD ry which it was very difficult to heat and to cool agaln it is very hard indeed e g of a piece of work or a severe illness etc dba kua it is very hard indeed cf baba JJ ba to add used as second part of a wvwerbal combination v rhie de hence ba ɽe added to it may often be translated by besides as well etc ba in ba εw ba for the sake of ba ε ε n odf er ugbe e ba for the sake of yesterday i c for the thing which happened yester day you are flogging me
294,ba,to give up stop doing something to leave alone ba
295,oxid,stop walking bJ rie keep away ba ῦF leave me alone Jf ba baba to stick or peg poles into the ground plural or iterative form of the verb ba baba to grope for the way in the dark ↄbaba yo baba re v ebiebi he is groping here and there in the dark v
296,bibi,to be hard i c severe also used in the literal sense inwina ni vVizebaba ↄkelε fuga when that work was so hard ze for some time he ran away balb to hurt also in a meta phorical sense εt bals ῦ o the sore hurts me ῦε n ↄta ma bε bal dε gbe the word matter he told me hurt enraged me very much
297,ibalegbe,to scoop water with a cup or spoon etc bald
298,kua,to scoop out of bal ame kua v axe na scoop water out of this pot
299,basabasa,ashrub untumia africana latex is similar to rubber and is added to rubber to increase its quantity
300,baba,followed by dε word to tell a liec ababa εvε
301,gbe,to be naughty of boys it implies acts like touching what must not be touched riding a bicycle on the handle turning something over etc
302,idase,e to see ibε εɽe I saw it v de ɣe I bε to tap palm wine by making incisions with a knite ↄbε oↄgd be is tapping palm wine now ↄb ↄg he taps palm wine he is a palm wine tapper v so b to strive after the affection of young girls by giving them all they want from childhood upwards in order to marry them at the age of puberty This does not con stitute a betrothal bebgε bε describesaprotruding abdomen used with ye or ɽu aↄɽu εko bεbεbε he has an embonpoint
303,belε,x followed by kua to cut into slices same as
304,giagia,cut this plantain into slices to wane of the moon
305,bat,describes a short and very fat man used with the verb ye
306,betebεtε,sword sabre
307,bstzε,very big of a farm ugb εre ye bεtze his farm is very big b εwE to stammer cf ↄbεvE J v fu ε bi r to be dark dark blue when followed by didid i or suiswsuw c ebiebi biz tomove bil de to rush pour in of a crowd v
308,hihia,de yivi bil l
309,yo,bi re to move here and there ↄbi yo bi re he is moving here and there bi
310,egbe,to move body to walk with swaying body as cows and pigs do v dxwahe songs b to move aside so as to let somebody pass bi egbe n ugii Ue gbe ra step aside that you may let me pass to push j εbi ε don t push me v bi
311,sua,gbe to shut door window box or any thing that has a ld wv ε u to vomit c Yor bi vu ekpa cf ubidε bi x I
312,bi,to stab to prick with some pointed object ɣ εbii bvε don t stab me said e g when dancing with an agbada This sentence differs from the one given under bi to move only in the length of the vowel i in bii which there fore has been doubled here bi z to concern d en ↄbi ῦe what does it concern me i I have nothing to do with it b mabi ε iv bↄ v N it does not con cern me I have no hand in it bi oghi an expression used in the xwahε cult only after aka ba dances meaning uite so v isg
313,bia,to strip a palm branch or a banana or tobacco leaf by tearing the side branches or the leaves off separately at efach side v xub which describes the action of stripping a leaf by gliding along the mid rib at both sides simultaneously as can be done in the case of a small leaf
314,bibi,x to move to and fro to grope about oↄbibi yo bibi re he went here and there not knowing where to go v
315,baba,he missed the road to lead astray in ldiom bibi agh lit to mislead Somebody life ↄbibi oT aAgh v en iye na ho it is he who misled me to where I am now he brought me into the state in which I am now wv gie
316,ma,are you mad v kiza
317,bie,to cook thoroughly only of beans so that they are well done to be cooked thoroughly to be done same as ga iheῦε na bieɽe sVse the beans are done
318,bi,to bear a child Rabi whoboreyou who are your parents d eke n anabi which place is it that you were born where were you born cf ibiε Ig
319,bigabigↄbigd,describes something very crooked e g a tree with a stem that is bent several times or a cripple walking zig zag cf bi g v xuɽuxuɽ uxunu
320,bisibisi,reddish brown like the ordinary kind of house mud used with the verb ba b isusu to exorcise evil spirits by offering them isusu i e food that is taboo to them cf bi
321,bo,in b oxi to make circles as part of the ritual of bodily purification
322,boaboa,describes the walk of a big man who is in a hurry he strides along powerfully and does not look where he goes so that he may stumble a little funny looking used with the verb xia
323,bobo,to move to and fro of a fowl about to lay an egg dxomx ↄ na bobo this fowl Is running to and fro f
324,bo,de scribes an idle sort of walk or that of a man who is not feeling well used with the verb xia
325,boεε,describes the fall of an object like a palm branch or the branch of a plantain i e of a big leafy but not heavy branch used with the verb de
326,bolo,to peel skin to strip bark of a tree oↄbolo w eghe he tore my skin off when wrestling e g ↄbol egbe he has a bruise bol itue ni n ↄgi aya b owa strip that itue tree so that it may enable us to use it for house building wv kpal
327,rhua,to build b owa to build a house ↄb owa he built a house bↄ x to tell the future to predict bↄ me he told me the future n ↄbↄre who predicts comes chiefs support ing the Dba s and Ezↄm s arms they are said to tell the future for the dba to have one s future told by a doctor icayab v ↄ ↄbo I am going to zo and have my future told at the doctor s i e by casting the ogwega ba to be kind to somebody to treat kindly to favour ↄbↄ e gbe he treats him kindly impersonal ↄb ῦe it is favourable for me cf isibↄ a name
328,bↄbↄbs,gentle drumming such as on the oloi s drum The word occurs in the dxwahε song b b ↄg cf bε
329,bohii,big of stalks of maize same as bↄↄzi used with the verb ye bal z fleshy fat u ɣuye
330,balszↄ,you are becoming stout v itoto bↄ zi big and long of cobs of maize v bah
331,banε,x tospread grains y oto on the ground to winnow e g groundnuts by crushing the husks and blowing away the light skin from the palm of the hands bↄs isawa we ni winnow those groundnuts to shake oft e sand dust but also fruit from a tree bↄῦ exae ni y otↄ ukela o wa shake that sand off before you enter the house ue ɣ erha na n ↄm bave kua shake this tree so that its fruit is shaken off bↄῦ egbe to brush and slap onmeself with the hand if covered with dirt as after a walk in the bush or in order to remove insects v udia
332,bu,to be plentiful numerous ei na bii gbe these things are numerous many of these things are there ifa bu they are numerous bu
333,gbe,means also to suffice bu x to meet bu ε ɣ ade meet me coming come and meet me ibu re xia I am meeting him going am going to meet him to be equal in quantity e g two heaps of grains when being compared by people when trading bu y to pay a sum of money towards something iy isil is bu y osa n BH ɽe dε Itocokfhive shillings paid towards the debt I owe him p is not nasalised bu to decide bu εdε to fix a date to make an appoint ment for something ↄbu dε me hepromised meatime he gave me a date i when he would come ibu ε dε nε n ↄHɣaya re Lfixed adate for him when he should come lit which he should take to come ibu εdε nε n izaya s eva sε I notified him when I should arrive there bu εvo to found a settlement ɣa bu εvo na who founded this town bu ohiε to give a decision about a lawsuit ohiε n ↄbuɽu the case which he settled bu ude to glve warning advice ibu Luↄ u de fo nε Ihave warned you used when the man spoken to does not pay enough attention to the words c ibude buw ɽ to break of wood iron bones but not glass ibu obↄ I broke my arm abu ε ε he broke it iter buinↄ ε gW ε break them for me When followed by
334,ikuεkuε,to confess the name of a lover by an adulteress this was formerly obtained by subjecting the woman to the feather ordeal ↄbu εɽε she confessed him to be her lover v ka
335,bua,to do something enough used as second member of a verbal combination igua bu ɣ et ↄmah I have been talking long enough but Lit that he does not hear me ixia l oke lI ugboywodo bua nε I bave gone far and wide enough l e I do not want to travel any more cf bue LIL
336,bue,to stop for a long time in a certain place the word was said not to be known to some of the young people uteyabue v eke n uyo you have really stayed a long time in the place where you went teha expresses that the speaker did not think that he would stay as long as that cf bua I
337,buyεbuyε,formula of thanks given by women after a meal this is also used as a greeting to some body who has sneezed w εHεze I kada crumpled of cloth dye buy buy o r oh it is crumpled The fall on i s due to emotional reasons e d x an interrogative particle conveying the idea expressed by the pronoun which the nouns linked with it are followed by relative sentences d ↄῦa which man who d eῦi which thing what d εsε d kpo which time when d εdε which day when d eke d ehe which place where d asε d ako which spot where d uki which month d εvo which country I t is used alone in d en ↄxi which out of a cer tain number isit when used with ↄ a and repeated with a following noun or with ↄ y ↄe it comes to mean every one e g d ↄda d dɣ de we ri evaɽe obↄ re everyone must eat his own food d ↄῦa d owa ɽe lao everyone must enter his house i c I do not want you here any longer da r to have a severe hard etfect in obↄ da e hand was hard on him he received a severe blow gi obↄ da e let the hand be severe on him hit him properly an encourage ment for one party in a fight sda ovε gbe it grieves me very much I am very sorry idiom eῦi da e thing grieves him viz to give it away he is stingy cf evidavε da an auxilary verb in dicating that the subject performs the main action of his own will or initiative t idaɽu
338,ge,I shall do it of my own free will maksɽ agi ↄ ukeda aia it was not yet up to the time that you were sent then you went on your own account you went before you were sent with a long vowel that the subject Is just starting to perform the main action t idaru εe am starting to do it now da to drink alcoholic drinks also d anys cf ↄdany da to pour down of rain stronger than rh amε na dae sεse the rain has come down with a vengeance cf da da in d ita to take the ordeal da e take it da ɽe pass it to him da ind igo fua to be come smoke to be annihilated in a war song also d iz ua probably also in d ihoi to be in vain da in d iga to commit a murder Ojo d iziza v egb av n x ed ia Ojo committed the murder of his wife three days ago da in da va da
339,tu,to shout da tie to shout and call somebody
340,da,to stretch out to turn towards in da obↄ to stretch a hand out in order to obtain something As second partof verbal combinations it in dicates a direction towardssome body or something giε da to laugh in the direction of or towards somebody ɣeεgiε da
341,oε,don t laugh towards me but ɣEgiε vε don t laugh at mel mu aQR
342,da,to turn one s face to wards somebody As first part of verbal combinations in da nma to give somebody precedence of seniority i e though being equal in age and position as a matter of polite ness oↄda me gbe he always oh me precedence da lyi na to hold some thing for somebody miε da e yi m miε take and hold it for me da
343,yi,e a to stop some body until somebody else comes to stop wait da e yi xε h stop him to walit for mel to adjourn legal pro ceedings mad en ε yi xε iko n ↄde J we adjourned the case until the next court wait court which is coming
344,da,he prevented me from writing this letter lit that I might not write In connection with a noun and a verb in d amg Ina or gu to catch dropping water for somebody d ame gu E or mp ya nw igaɽi na catch the dropping water for me to take and drink this cassava d obↄ wi to hold on doing something d obↄyi itere hold on until I come
345,da,bad eῦi da no it is a bad thing scil to do
346,dabadogii,narum sp
347,dada,to carry heavy things by bhand ↄdada e ia he s carrying it along
348,dadaada,exact ly of time d anys f da
349,dadε,to test cf ↄdad ε o figh J to taste some thing in da ehsↄ to test ear to listen ↄdadῦ eh ↄ ɽe ke is listening t o it de r to fall ↄde v uhuῦ erha be fell from the top of the tree iter dele e Q in ifa
350,dele,they fell one after the other but iɽa de they fell all at the same time to happen to come about v ↄya e what did it take to fall how did it come about Combinations with verbs de
351,ba,to join v ya ba ade ba ifa he joined them ↄde ba ɽe it agrees to it it goes with it of different kinds of merchandise e g beans which can be mixed with each other in order to fetch a higher price de gbe to fall on something de gb otↄ to fall on the ground down ofe B obↄ de gh otↄ it slipped from my hand and fell down
352,e,ku to knock against somebody or something e g in the dark idiom de kf erha
353,iragr,he hits against this and that when he is drunk de lel egbe to fall and follow one an other to fall one after the other as e g bottles standing in a tree Par to hit oneself a row v dele de
354,mudia,to stop dead when going or running or e g when suddenly sliding Combinations with a noun d igwε to kneel but de gwε a to fall on one s knees e g in wrestling ita hegbasika v ↄde gw they had just started shaking each other as a preliminary to a wrestling match when he fell down on his knees b to remain unfulfilled to fail of a promise enya n ↄnyaɽd hia de gwe all the promises he has glven have not been carried out c to sink in of the nose as an organic malformation ihu gre de gwe his nose is sunk in deformed
355,de,in de k i e to remain also de ke re inya n ↄde kD re b n a ar axwe fe J yams which remain are many that we may eat them to morrow there remain for us many yams to be eaten to morrow n ↄde kqe r eva the remainder is there cf kε
356,de,to tie to fasten de
357,mu,to tie to d εte mu erha
358,na,tie it to this stick efv Yor de I v gba
359,de,an exclamation calling attention to one s presence A Biogr ge
360,dede,to embrace v mu va mu
361,deɣe,if desɣ εr owa ta ma ε irhi ukp v eda Lh N if he s not at home tell him that I have taken a cloth from here a particle implying that a question asked will be answered in the affirma tive I hope I suppose degɣ uma I hope you are well
362,de,to buy e I n ud εe ↄna xi is this the thing you have bought id osisi I bought a gun d emi na me buy this thing for me e n ↄd edvi kuε he who buys on credit debtor
363,ade,e to see idε ε e l sawit of ba e e mir di r to be brave ↄdi he is brave di to be hoarse urhu di voice is hoarse to him he is hoarse vw εgogo dia in dia ke to be near v si ke dia
364,ya,to stay somewhere to lodge odi eῦa ya he often or usually stays here the ya is not used in relative sentences v mu dia to become be straight
365,ddiae,it is straight di a to menstruate
366,dido,to be old idiom used by old people instead of xfi
367,dmag,for men animals and trees ahfade na dido wa this is an old bird e g if its flesh is tough to be mighty e g by possessing a powerful charm vu wohia d igwe cf de d izo ɽua f da d ihoi cf da
368,dina,to reach to arrive idin eva imami ↄε v owa I arrived there but I did not find him at home idiom din odg lit to reach the road to be successful a curse e i n uɽu hia Py adin odε nwuε lit things that you are doing all it will not reach the road for you whatever you do will not meet with success this can only be used as a curse not in con versation with a man who is unlucky apparently because the expression itself is considered to be harmful heveheve di to be senior idi ε I am senior to him I senior him cf odi dido
369,ixivi,to rot and germinate of seed yam only
370,divi,x to be deep εz na diῦi
371,gbe,this river is very deep to be hard to under stand to be idiomatic ex ɽe divi gbe his conduct is hard to understand edo n uzme na ε do n ↄdi vi no mar Bini you speak is deep Bini l e very idiomatic speech to go to the bottom of a river ectc v ifavia h e dividini X udi ive
372,disidivi,deep but n ot narrow v gulugulu used with the verb ye c di i d ixwiexwie ɽioua not to reach normal size to fall short In size of men animals but also of corn cf xwiexwigexwiε v kpε iri of men and animals only d iziga c da do r X to weave also used of the spider du ido to weave ido weaving d ukp to weave cloth to make baskets gw ε hu ↄba n ↄgua ducoxuae ho help me to look for a man who knows how to make baskets do to attend e du εki to attend market to trade du ikotu to attend at court of chiefs do ugie d ugie to hold an ugie of the da and his chiefs to be in full swing of trade in the mar ket εki do the market is on or is in full swing do to feed of birds and bush animals v ɽe of man and domestic animals
373,do,ga to stand around somebody or something df
374,ga,averb implying the idea to come but always followed by another verb to come in order to do something w ya J do s εɣ na s r coming to reach this time up to this time until now
375,do,to do something secretly ddo u εe hedidit secretly
376,do,guda to talk se cretly to whisper do
377,gu,gua to talk to some body in secret to whisper to somebody do mu to carry secretly away to steal heavy things do rhie to take secretly awayv to steal ↄdo εrhu rhie he stole me my cap ↄdo εwu rhie gw ε he stole a garment for me d obↄ l cf da d omia to move to and fro of people ill drunk drugged or in agony oↄw domia yo domia re v is eva he waswrith ing to and fro in agony when I came reached there cf d ove e doo a common form of in formal salute given when meet Ing somebody equal or inferior to oneself same as koyↄ hullo plur wa doo l do tε indicates that the speaks r is worried or absent minded v
378,dxwahe,song d ↄmo o a salutation addressed to chiefs w ↄmy G do swae n ↄbw do big family answer of the senior of a clan to the clan greeting v la instead of εwae ε zbεe or unie can be used d ove to move to and fro without sleep cf d omia d to become be thin lean Ba n ↄdↄx a thin lean man c f d ud ddε v sirI
379,dↄ,to extinguish a fire db erhε y quench the fire d to stretch itself of a spring trap when catching ifi na d ɽε the trap has stretched itself cf d
380,dↄb,a verb indicating x that a certain action is performed agaln v weri egbhe ↄdblb fu εe he did it again dbl egbe is also used e g in dbl egbe ta to repeat say ing dbl egbe ɽu to repeat doing Hence to mend to repair in dↄld cu to repair
381,dols,yi to repair and to prepare also to put in a safe place dol etebuɽu yi atekpas lay the table before we leave dbl amiↄ dadε to settle adultery to pay the hine which is at least partly used for the pacification sacrifice v
382,z,to propitiate the ground e g after a suicide dↄlb in ddↄl owa to rub the walls of a house with water mud or leaves Yor and cow dung in order to smoothe them cf dↄlb dↄlb in doↄl ukp to sew a cloth or clothes not only to mend cf dↄlb w emasini se dↄ enticing of women s eves v si aQo
383,dↄῦε,x to put rafters on a bouse previous to thatching it to grow up idiom for nwa I mostly followed hy
384,de,or re coming DRadaLc re ne xerhe iYaagi ε wy r U when he will be grown up a little I shall be sending him to Benin in dↄ T lyi to impose a law duduudu and dududu quite black e g soil under a rubbish heap ↄsiere duduudu it s quite black cf ddududi i
385,duddidd,dark blue like ink police uniforms and avocado pears used with the verb bi
386,duε,to scatter du εkil du ikotu f do d ugba to dance the ugba dance du ido d ukp cf do
387,dudu,xX to pound ↄduῦ ema he is pounding fufu du
388,exwae,to make an exwae charm exwae is always pounded and then made ma J into an oblong lump duῦ J d ugie exwae comprises the entire process to forge not used metaphorically
389,dyεyεndyεyεm,imitation of the noise made by the emada s anklets aba or εɽdↄ d d d p describes the noise made by lubasere
390,eba,x a timber tree Lophira procera leaves are red at first and become green later on red tail feather of the grey West African parrot same as
391,ebaxuε,nakedness c ba
392,eba,now same as enwa and nia eba ure now you have come ↄd eba he is coming now eba niJ g hy same as eba ebdbd just now
393,ebaxa,restiveness v zε
394,ebe,leaf herb special herbs and other plants called ebe eb ax ad eha three pointed leaf f eha a shrub Allophyilus africanus eb ahahi a shrub Piper umbellatum fruit used as a medicine against dysentery leaf as substitute for toilet paper cf ba i eb ahε fern there are two sorts distinguished by A eb ahε n ogi ba meaning the larger sort said to be use less and eb ahε ne gieɽe vol the small fern used for closing both ends of present parcels sent to the dba it is also tied in bunches to omε the palm leaf fringes at every Juju shrine it is an auspicious plant and without it as a sign of friendship the juju will not accept any sacrifice its seed is difficult to be seen and there fore it brings prosperity in life to the man who sees it it is as much worth as osumarme the fruit of uɽuhe and the placenta of a cow eb akpε a plant Miulleitia thonningiw the leaf is used against dysentery eb eni eni a kind of leaf not the one called elephant grass usedasthatch it lastsfor about five years and if there is a fire in the house for seven or more years v ebi εba eb evarie another name for the fish arↄ when dried its skin is oily like the leaf wrapped around evariε eb εRogo a tree F D lst ebogogo Carapa procera leaves are used to cover the ridge of thatched roofs they are tied to Thwe palm branches that are woven together ebi εba an in ferior sort of eb eni used for parcelling food stuff eb ik edo ɽe leaf of the money the Binis are eating a small plant Ageratum cony oides it has a white cotton tuft at its top used in the following symbolic way if somebody comes with a request to an influential clerk or a man in an important position he will be shown this Ileaf as a veiled question for a bribe or a pre sent hence the name eb is Hgu sa D l af of wul ture facces a leaf used for rubbing house walls it is mixed with charcoal and gives the walls a black colour vw usie its name probably comes from some similarity of its quickly growing patches with the splashed faeces of vultures eb itεtε an af leaf wused for a soup v z unwdↄ ε and for purposes of purification eb ↄd d a small plant oIalinum triangu lare used in preparing a soup v afↄ with a taste similar to that of ocro soup eb ↄd ↄd n ule na u amaame this ↄd d soup you have made is watery eb uε salt leaf a creeper Manniophyion africanum it causesitching when touched hence the name ebe n sy ba ve the leaf that pleases the dba a tree Monodoramyristica same as ikp osa it is said that somebody once showed its leaf to the dba and that the dbawas pleased with it and gave the man a wife and a servant the flower of this tree called iyↄha pawn Is used in a game Redupl ebebe or green ↄ ɽu ebebe it is green paper also ebe n agb ebe or n aya D lLig leaf that is used forwriting book also ebe nm atie leaf that is read or eb ebo Euro pean leaf eb imu warrant of arrest
395,ebε,wine tapping cf bε
396,ebε,boundary between farms of owners sharing the same plot cf ebε v sε v
397,eb,pointed iron rods or broken glass covered serving to keep people off from farm land cf ebε
398,ebi,darkness mostly redu plicated ebiebi ebiebi so
399,gbe,darkness has dark ened much it is very dark ebiebi sO darkness is darkening it is getting dark of bi l vicividi
400,ebo,Evwropean white man ebo mn ↄ xwa the great white man the Governor eb
401,igedu,manager of a timber camp cf Yor oyibo
402,ebↄbozi,seems also to be used as a prefix a dish prepared from cassava unground cassava is cooked then cut in slices and kept in water until daybreak t is eaten during farmwork because it is easy to prepare and can be kept it is considered to be rather inferior and it is mostly eaten by poor people ebabↄzi is said to have been the original way of preparing cas sava together with efεrhinyε DJ before ekpukpu usi J and iga i were intro duced which are the most usual cassava dishes now
403,ebubε,dwvst fine sand v
404,exae,a herb used as an ingredient for sOoups by the Akure people Yorubas it is said to be able to cure elapurhu tugitive swellings
405,eda,rain water cf da
406,edae,a tying charm used to ward off death in cases of fainting unconsciousness or approaching death agb edae y sn uhudu ov ↄkuↄve edae was tied to his head when he had fainted
407,edaikε,title of the heir to the throne in Benin he has a court of his own at Uselu and is a member of the Uzama
408,edava,dadeε ede buffalo bush cow cf Yor ede examination cf ede a strong creeper con sisting of many threads
409,edε,grey hair grey afua v edε it is grey lit white like grey hair v tↄ
410,emus,civet cat v ↄxε edia n ukpak a kind of white yam with a faint smell cf
411,ukpakb,villager bushman cf dia igue J
412,edifa,here more vague than
413,eva,this spot this side way part in this place edifa aye ra isit in this place
414,edogq,a large flying insect it sheds its wings edible
415,edoni,name of an dba
416,edↄῦε,roof the whole con struction including the thatch but not used for iron sheets v
417,ekpamaku,the roof of this house is not very high
418,eduɽava,driver form used by old people and women nowadays edraeva is generally used
419,ee,answer to the salute koy yes eerko yes friend
420,efa,a band of the dba s who purify breaches of taboos awua D at the guase they are relatives of the dba the sacrifice to otↄe is also performed by them they form a special sib under the Ogi efa
421,efada,missionary especially a Roman Catholic father Engl ef x side of the body efε ia ef my side aches me ↄgb eli y ↄῦ efε he hit me something in the side efε s some parts not a good expression considered as boyish speech vw ihe ef so yema v ↄ some parts are still good in it
422,eferhinyε,a dish made from unsifted cassava the cassava is ground and the starch usi pressed out the remaining pow der is left for two days to ferment and is then fried This dish has been given up by the Binis but it is still the stock food of the Jekris and Sobos cf Port farinha w ebↄbↄzi
423,igari,violent storm
424,efu,bullet v igele shot
425,uke,fleshy parts flesh of animals and human beings ega I main part of the cult of
426,dxwahε,known to adult men only cf ga I ugaῦε ega z afence across the bush on which traps are set also ega ifi lGA toap cf ga A
427,egalahi,small drinking glass liqueur glass c Eng
428,egedege,a double storey house kpεtεsi
429,egie,title of a chief egi
430,asegbere,hereditary title Short for egie n aɽe ↄsegbe jsegLbe tiutle that is taken eaten turn by turn here ditary titles are those of the
431,ezↄmo,and Elogbosε also called Ologboshere also
432,ogiadε,chiefs cf ugie L ogie l izie Egi enwa a clan which is said to have originated from Akurε Chief Edogii belongs to it cf ogie v εgbεe Egi esa a sib to which most shan Esa people belong its head is the Ezzmo who is said to have been king of shan at one time Chiecf U
433,nwagwe,also belongs to this sib cf ogie v εgbεe
434,egilz,land snail v akeɽekere
435,egs,a Bini village situated on the road leading to Siluko Is
436,iloko,X a force serving
437,dwahε,and represented in his shrine it reminds the god of any broken oaths that were sworn by him and it also helps to kill a man who has trespassed against him Lt helper to kill cf gu ε e gbe a rope with a noose meant to entrap the victim s foot used in the trap otohio
438,eguozaa,cry of onlookers used to encourage people who are felling trees on a new farm
439,egwi,the land tortoise it is the clever animal in folklore praise names eῦi z okp ows he thing that swag gers proudly eῦi nyaka the thing that walks like a cripple wv emosima
440,gruvo,hunter s hide v ↄxε egbagb faith belief nowa days iyayi is more in use f Yor gba gbb
441,egbaha,beam supporting the wall above a door
442,egbalaka,ladder
443,egbaɽozaɽo,an illness similar to esalↄ it attacks the hands or feet in the form of pimples which are very painful there is no swelling but a dis charge of mucus if treated it breaks out at another spot cf
444,gbe,lover used of women but also of men the word does however not necessarily Imply sexual relations
445,egbe,body egbe n ↄkp ↄῦa pe body that is beating a man a kind of jerking pain in the bones perhaps due to rheumatism also called egbe n ↄfi ↄῦa edi famni body that is striking a man a blow idiom egbe ε dad qD my body is precious to me I am careful not to hurt myself imu egbe gb okuta I took body struck stone I hit myself against a stone egbe gu εe u body is doing with her she is having a miscarriage there is said to be no wilful abortion nor abortive medicine but others e g repudiated lovers are occasionally though not frequently held to be the cause of miscarriages egbe muy he is fooling about or Intruding out of high spirits iCu ε e y egbe n ↄhε I did it to him to his body as lit give a present I did this to him without his being able to take revenge egbe is further used in the following compound expressions egb ame D kp zε riverside bank Egh Hist egb ek house wall egb owa latrine the general term not as out spoken and boyish a term as ow isa one another each other ifa gu egbe gbina they fought each other the same with ↄni that egb ↄmn iw en udo mae that body which I said we that you might weave for me the same that I told you to weave for me will egbe n uyasu ῦ ε ir eghe body you took to lead accompany me is not sc your own body it was not of your own will that you accompanied me egbe iɽ egbe n uyaha osa it was not of your own will that you paid me your debt the i may also be omitted orm at least be very faint though w
446,rhe,body you took to do it I shall still flog you though you have done it viz in spite of your previous refusal shall still flog you egbe n imaya hemi ↄ iyesiε nε N though I bad not yet seen him I still denied for him viz that he had done a certain thing
447,egbemudeε,high spririts cf
448,egbe,easy life leisure as e g the wife of a big man with many servants has ocf
449,egbe,felling trees when mak ing a new farm egbↄ fo nε v ugbo ɽuε ra is the fell Ing of trees finished already on your farm cf gbo v it rha egb x a high fence with openings at the side made of
450,ixivi,native tobacco much planted on farms
451,egbu,a kind of woodpecker with a big head and short beak akpalakp erha has a smaller head but its beak is a little longer
452,exa,chain not as big as
453,dsgidrd,this chain is very big prison in the meaning of Imprisonment amu ε y eɣa they put him in prison cf Yor enwo cf also oleɣa l ↄsuolexal ogbai
454,ewɣaεvo,sharers of the country this term refers to two groups of Bini chiefs the Elɣaεvo N ogbe and the Exaε vo N oɽe While the first group contains the house hold officials at the guae the second consists of the fief holders in the country who however reside in Benin ity The four most important mem bers of this group are Iyaseε Il Esↄgba l Es and
455,osuma,a position in the og
456,wega,x rubbish lying in the house in the moming before it is swept wv ikpoleywo bad taste in and smell from the mouth esp in the morning e o present of food given to e g emosima the tortoise when seen by a worshipper of I wahe e ox o a tree Iwrichilia prieuriana but also Dwuboscia veridiflora used as firewood only
457,eɣorcε,an idiomatic word for conception pregnancy used when wishing that young people or foreigners may not under stand what is being said w
458,rhie,eating feast cf ɣ v
459,exute,camp near the river beach eg ute n ↄ mose a beautiful shore beginning of a Christian hymn in Bini cf Yor ebutε
460,eha,three ε d eha three days ax eha three pots axe n eha the three pots eha irↄ v ugie three are not in twenty seventeen redupl eheha all the three
461,eheha,in groups of three
462,eha,in eha Egbe hia dressing up originally dressing up as masquerade dancer c ha
463,eha,six ifa eha de si of them are coming
464,ehaεkpε,name for the group of chiefs who are neither mem bers of the Uzama nor of the Exaεvo Their leader is chief Dbas ogie c εkpε LO
465,ehaks,film on teeth c aks ehε is not used alone
466,ebhaya,hire rent ehaya umu ikεks ue yi ca s t hire you put your bicycle on do you hire your bicycle out cf Engl v ixZo
467,ehe,food given to one s wife to be cooked w we emehe
468,ehe,x place iri ehe I am going somewhere I am goling on a journey or on a walk eheikehe wherever eheikehe n ↄrhirhisε ε ↄ ma ghina e wherever he goes he must fight u e d chance same as
469,eke,I have no chance to do it menstruation v owal
470,ukps,fish eh Qb fresh fish ehε n ↄkae dried fish
471,ehεgbuda,name of an dba he instituted the Ibiwe society
472,ehεmihε,name of an dba e hia all vi ehia re bring them all ena hia ɽ ↄɣoↄe all these things are his idiom ehia ehia xi all is all it is all the same and ehia ehia xi mε ehia e hia xi Beε ɽe it is all the same to me e means something like concerning it in reference to it n I alsoihiaya x tassel ehiax ↄ ka tassel of corn maize a small bell worn by some priests ehiaga naught nil ehↄ r ear vw daῦ ε edge ehↄ ɽe its edge of a table cloth etc cf the use of Yor eti ehsↄ xX an annual sacrificial festival to the ancestors iɽfa kaɽu ehs they are per forming the ehs festival or ri ebↄ v orhu with a god s name as a following genitive an annual festival of a god e eh olokii festival of Oloki eh
473,osh,festival of Os The latter takes place about April the ewaisε the priest s assistants beat drums ixede and dance and while dancing they perform magical tricks these are said to be taking a tortoise out of their abdomen vomiting scorpions stabbing themselves with knives without injury and sowing plants which grow up immedi ately The priest himself is said to turn into a leopard elephant chimpanzee an oil palm etc transforming himself into a cow being the most difficult degree
474,ehs,avillage on the boundary between Biniand shan country Ehor
475,ehbdbↄ,title of a chief who supervises and helps in the butchering of animals for the dba and slaughters at all the dba s sacrifices he is given parts of the slaughtered animals a praise name is Ehjdↄ n
476,oriafade,Eh d ↄ the meat eater ehoↄ ae aterm derived from the
477,ogwega,v ↄba this position is believed to indicate enmity from a brother by the same father hence ehↄyae means something ike a brother by the same father who is at the same time onef s enemy hidden enemy among one s relatives It seems however that the term can also be used without any connotation of enmity only to denote paternal relatives A brother by the same mother s not usually one s enemy this was explained by the fact that he is of the same blood and that he shares one s properties C ↄɣae
478,ehↄῦr,purification general term cf howe v ihoGegbe ihoBowa ihoDεdo
479,eka,the Ika people and lan guage inhabiting the Agbor Division of Benin Province and Igbak in the Benin Division they are a branch of the Ibo speaking peoples
480,eka,biscuits a baked orfried foodstuff consisting of maize eka oka of beans eka eɽe of yam ek inya fried with oil orlard or baked may be ground before or of plantain eka obvwede plantains cut and fried f Yor akara
481,ekaewe,sgl a band of the dba s consisting of some of his relatives and performing the sacrifices at the ugies together with the hama ekaɣa or ikaɣa bridle gag v uxu
482,ekaikai,measles same as
483,enwinwa,glass tumbler pro bably Port caneca u ukpu
484,igobele,kerosene als called am urhukpa lamp water Engl
485,ekasa,x a tree Omphalo carpum procerum husks of its seeds put on a string are wrapped in bamboo raffia leaves and worn round the feet as a rattle rattle v above a dance performed after the dba s coronation at which ekasa rattles are worn
486,eke,place eke n iye the place where I live v ehe e d
487,ekegbia,title of a chief the senior of the Isiεῦεɽo sib
488,ekeze,a masquerader reprec senting a spirit Ekeze who appears when the Oovia society dances disturbing the masqueraders and driving them away he dvia people fight him but however numerous they are always conquered called ekeze n iy εivi Ekeze the mother of the god
489,ek,rest day of a god every fitth day when the priests stay at home adorning their juju whoever works is supposed to meet with bad luck cf εdε ek r mud for house building ekz n exwi black mud mixed with ulakpa the red and best mud in house building ek εxexae sandy mud formerly uwsed to fill Swampy spots in the rain pit ukpafε now also for plastering the house walls it is used for building when other mud is lacking ek Gbuε clay for pottery v obuε v also oɽoɣo orhue wall ek gbe wall of Ogbe the wall running round the guae esp the Jdba s harem There was once a law that anybody who touched this wall was to be Lkiled This however led to so many false denunciations that the dba de creed that the man who de nounced the offender should be killed as well Since then itissaid there has been no further report ek egg ek ↄxↄxo hen s egg ekε kpεkpεyε ducks egge Throwing eggs at a man is the greatest insult in Benin
490,eki,a pad used when carrying oads cloth grass etc same as ukuoki uwluga rhi eki mayyounot serve and take the pad scil as your only reward may you be rewarded for your service to a servant coming from work as an answer to his greeting by a senior man There is also a curse t uɽaga rhi eki may you serve and receive a pad as your reward
491,ekia,m penis eki osisi trigger of a gun eki awa dog spenis ashrub Evryihrina spec also Callichi a stemosepala one has a long fruit and a dark green stem the other a short fruit distribution of the Latin names unknown e kighesiyeha missing ten in sixty fifty
492,ekita,dog cf Ibo nkita v ovi akota awa l
493,eko,x a camp i e a tem porary though possibly long inhabited settlement for pur poses of hunting farming and formerly war ek aɣεB a shelter consisting of four poles and a roof of mats serving e g as a market stall cf oko v agd oxogbor name of Lagos Yor eko per haps the name is of Bini origin as there is a tradition that Lagos was founded as a Binl war camp
494,ekoko,cocoa Engl
495,ekokohiε,native spoon con sisting of the cover of a snail s shell still used by a few old people and in bush villages v
496,akerekere,malice ekueku wrong false undue ogbe Ov
497,gkueku,semen
498,ekuε,Dbellows ozo gua kp eku εsese Ojo knows very well how to work the bellows
499,ekuεɽε,a bird the cry of which is said to spell evil and it is believed that a district in which it is frequently heard will have many deaths the cry is interpreted as kii εɽε kikikik ka L tie it viz a corpse strongly and the evening and night cry is εvo foo the country or village is finished After the first cry a death is expected in three or seven days time if somebody is ill at the time of the cry the witches will expect his death forit gives the witches power Therefore the bird is shot if it is possible cf kui n
500,ekuku,cook Eng l
501,ekuyε,Furopean spoon df Port colher v ekokohiε
502,ekuzo,a shrub Omgokea Rlaineana cf eka uzo
503,ekwabↄ,upper arm cf abs ekwawε
504,ekwawe,thigh cf owε
505,ekwabↄ,also ekwdↄmby D a fat brown rat same as εhHete esi
506,ekpa,vomiting cf kpa
507,elpa,hitting knocking with the fist boxing mot a sport ekpa ɽe tu ghe h his boxingresounds much he has a good way of hitting
508,ekpa,a present given to the dba in order to notify him of a sacrifice going to be performed in which he is going to take part this is done e Q by the followers of the god xwahe
509,ekpajudo,a tree Albiza zygia the leaves are used for soup the wood as firewood
510,ekpakara,a beetle found on the raffia palm ↄ ↄ D and the oil palm ud it sucks Juice out of the cuttings made by wine tappers or out of the stumps of felled palms v
511,oɽu,scorpion
512,ekpakpεhi,a long loaf of yam fufu similar to a Iloaf of bread w osugba
513,ekpakpoyo,a tree Canarium schweinfurihqs
514,ekpalakpala,a flat fsh possessing many bones and rough scales and therefore not appreciated it has a red and a blue stripe on either side cf
515,xwavraxwaɽa,corrugated iron sheet ekpamaku n aya ki owa corrugated iron that is used to thatch houses
516,ekparhurhu,a small wasp that has its nest on creepers
517,ekpekukpeku,a shrub the fruit of which is used as a poison for rats it is reputed to drive them mad but if the onlooker laughs the power of the medi cine is supposed to weaken so that the rat will not die also called ekpekukpeku n ↄgb of LhuL ekpekukpeku which kills rats ekp kpεyε
518,kpεkpεyε,amasquerade society of young boys imitating the Jvia society no mirrors and cloths as in dwia are used for the masquerade dress but only palm branches and ropes the senior is called oh εkpo priest of ekpo their purpose was stated to be mainly cheer ing up the quarter but they have a juju as well in form of a stick which has a certain power thus e g barren women may sacrifice a cock to it and offences against it are also ex piated by the sacrifice of a cock members of the society some times bar a road by means of a rope in order to obtain a small toll from passers by Where there is an Jvia society young men leave the Ekpo at the age of fifteen but where there is none as e g at Urho N igbe they are said to remain in it until they are or years of age v Akobiz
519,ekpokpo,bullet
520,ekpadε,thanksgiving especi ally a procession round the town passing all the chiefs gates made by a newly made chief duck cf Yor mu egbe ɣX ima ɣRay ekpↄVe b get ready that we may go for a thanksgiving procession to day cf kpↄ e
521,ekpukpu,a dish prepared from cassava the cassava is ground with the rough outside of a pierced kerosene tin where upon it is made into a ball This is ground again in a mortar olb mixed with water and baked Like usi and iga i it is one of the more modern ways of preparing cas sava v ebobaↄzi eferhinyε p
522,elayaloɣo,a bell used in the
523,mwahε,adisease tinea c lalb
524,elapurhu,fugitive swellings in the arm itches due to filaria Effective medicines are said to be emu ↄhae ashes of a bachelor and a herb called
525,ebubule,a dropsy v ow
526,elukeluke,a name for the river tortoise ema r general term for drum of two drums usually played together the one having the lower tone is referred to as iy ema the mother drum the omne having the higher tone as ovi ema the daughter drum Some of the most important drums are em εdo drum of Benin a big round drum beaten with one stick during the ugie that is called ukpetuε the beats are interpreted as gi ↄJ ↄba sε disease lit Iet that of the Jba pass let the will of the dba be done em iɣa a drum for chiefs it is put on the ground and beaten with two sticks especially in chiefs houses during the ehs and during ugies when they are tossing the bε i e performing a sword play priests of JIxwahε have it as well em izaduma a war drum em izagbεdε a drum played when the young men icoxae and
527,ixele,a small drum covered with hide on one side only beaten by hand a dance drum v ugo mostly used by women kor other drums w igɣede J
528,emaba,emaz r yam plant and fruit while on the farm inu ema ɽkpε ɽe how many yams did you dig to day v ba
529,fa,isa eka er
530,ight,wild white yam empbwH edia n ukpak
531,ogigha,wild red andwhite yam erhuɽu othervaricties are arebuw olusBe J
532,udi,a drum made from a calabash with arattle fastened toit used during ugies and by some chiefs a dance at which the dancers hold this drum and drum on it while moving forward and backward cf ema
533,emasini,machine e g ema sini n aya doI ukp machine for repairing clothes sewlng machine emat iron cf ↄ v ogul
534,eme,monkey v atugiε
535,alazi,uhi DCG
536,emghε,q bands or crowds of women acclaiming the ba when he is marching through the town during the ugie called isiokuo they ex claim iyare safe arrival or welcome home emεhe n uɽubi carrers of the dba they must never be seen by the Dba without a load on their heads therefore when he is near they either put the nearest thing on their heads or they lean their heads against a house wall as if about to lift the house asking help of passers by mu mea lift i for me URubi is a quarter of
537,uselu,
538,emiadε,illness complaint may be made specific by a noun Indicating a part of the body e g in emiaῦ obↄ loɣ Te l lit an illness of the hand is paining me a special disease s emiaῦ ɽhobo lit Sobo disease probably ascites w
539,uhudova,a special kind of red yam the fruit of which hangs from a rope cf ema
540,emiowo,meat same as afab e
541,emobo,a kind of tortoise said to have been charmed by
542,dxwaheε,an uɽuhe tree standing on εki ↄba in Benin City which is the seat of a god that is worshipped The dba makes sacrifices to it and any burial must pass under it Cowries and chalk are then thrown to it as a sign of notice to the tree or the power mani fested by it
543,emompo,loan cf mↄmyo ivo r
544,emdws,one variety of white yam cf ema
545,emuge,ashes grey ↄfua v emug it is grey lit white like ashes v edε
546,emunεdmune,fire fly
547,enε,four ma enε no we were four of us ens i r ↄm ugie lit four are not in twenty sixteen en i r ↄv iy
548,eva,four are not in forty thirty six redupl enenε all the four enenε four by four in groups of four
549,eni,elephant elephant tusks are kept on the oba s erha J shrine w also ak hε
550,oko,hippo potamus oɽoboto is more In use udia ebe
551,eni,name eni fuε vo what is your name v ati eni fu A N what do they call your name is more usual cf
552,iheni,so thus c eriv
553,eniboku,a white bird the Cattle Egret or Buff backed Heron which is considered to be wvery senior its praise name is eniboki dↄxdↄ n uhε Fl Enibokd the fowl of If They are not common at Benin City but many of them are sald to come at the time of the dba s igwe the sacrifice to his head where also one eniboksii is included thirty or fiftty come to a certain tree near the guae they are said to come from Ifs
554,eniti,crayfish found in rivers
555,enixuxu,pigeon it is a sym bol of happy marriage ofↄ ῦ IifA ye v ↄ enixuxu R their marriage is like that of the house pigeons
556,enwa,now same aseba D redupl nwanwa enwa fide now are you coming
557,enwananwana,flash of lightning or of the reflected sun In a mirror enwananwan erh spark from worked iron in a smithy w c nwana
558,nwana,answer c nwani ε inwaniεbε
559,enwadε,a palm branch with its side branches on enwad
560,bɽioi,mother s breast milk enw εmila cow milk
561,enwini,a drum which is beaten by the Ogbelaka people during ugies or at one particular ugie
562,enya,promise cf nya I
563,enyaε,name of a Bini village seat of an d wahe shrine a market is also held there
564,enyanya,yawn c nyanya
565,enyε,around fruit similar to a calabash edible
566,eome,yes my son used by old men t o young men a short form for e ovi ῦε
567,epiapia,the Piping Hornbill same as axwexae
568,era,ganglion v ake
569,eri,r knotty part in a piece of wood or in a creeper eri erha na igiava the knotty part of this tree or wood cannot be split v mu retardation in growth of a child e Q v kp e
570,eria,x grazing cf ria ɽe v rie explanation of the code words in the ogwεgQa oracle
571,eriaria,sandfly
572,erieri,a bath containing medicines taken by a man when about to die somebody else will then die in his stead while he himself will recover this substitute may even come from the same family
573,eris,s thus v en uɽu na enp axaa u lel ↄsi oↄBa Lt as y ou are doing now so people do follow their friend you are acting like a real na v eriↄ thus like that eriri I asmall white ants hill used as a food for chickens and for kose v ulelefe eriri drag net cf Jekn
574,eriri,lodging in somebody else s house for want of a house of one s own erd iye I am in lodging or a lodger i era rent u iQo l c ro
575,sruerd,eru a rack standing on a farm or for greater safety in the bush on which the yam harvest is kept It consists of several main poles utdyotↄ or
576,uke,father erha ε my father erha a your father erha e his father erha a l erh ima our father erh uwa your pl father erh ifa their father erha ῦ osa our father Osa an epithet of Osa erh
577,odede,grandfather erha B odede my grandfather also erha ε n ↄRwa The term may be specified erh erha father s father erh iye mother s father umobↄ L fiather a the re vered ancestor whose shrine is
578,erha,in every Bini house erha Be n agbↄ my father of this world my lover said by a woman the man thus referred to may be quite young and the reason for this is probably that he is like a father towards his beloved w iye egbaxia erha n as agh miε ser thefather whom one reaches the world to see fosterfather or generally a man who treats a young boy like his father i e shows kindness to him r tree shrub erha n ighs ya k dhi the tree which the foreigners or Ibos take to construct ks theirghi a tree E ythrina sene galensus erh grhε tree of fire practice of felling a tree by putting fire to it erh tikoko pipe shrub a shrub perhaps Sterculra oblonga F D ist Okoko from which the tubes of long pipes are obtained erha n ↄba ya kp oti hi ddo re the tree which the da took to take the leprosy away from Benin a tree same as anyaerha F D list Distemonanthus bentha mianus wood stick erh
579,eru,all the sticks used in a yam stack eru erh εzb stick of law suit dock witness box ↄzen unu εɽε v uw erh zo he gave his statement in the witness box or in the dock erh ido the stick to which the threads are fastened in a loom erhe part of palm fruit that joins the fruit to the tree the erhe are burnt in order to obtain em uxuε palm husk ashes when burmning they are called uxu erhe a copper stool sent by the Portuguese L R p I on p xrrI there is a brass copy of it made by the dba Eɽesony J
580,erhε,hfre kok erhi ni me build up Lt collect Join wviz the firewood that fire for me erhε bavogo freis laming on anoldfarm a shrub Enantia affinis the wood is yellow inside a feature which probably explains the tree being called fire but it is not clear why on an old farm wood is used for building purposes
581,erhεrhε,a plant similar to
582,ikpogi,craw craw erh abε craw craw of razor barber s rash
583,erhua,tying one s cloth cf rhua
584,erhiimohi,the Dark heeled Cuckoo or Senegal Coucal
585,erhupu,a kind of yam red and white fruit a little bitter is eaten a good deal by the Yoruba people a medicine is obtained from it ensuring quick conception v ema
586,erhudu,prayer Christian and pagan blessing v
587,ise,butterfly v
588,ovi,eɽe a white bean not from a shrub like ikpexie of which the Yorubas make eka Yor akara the Bini people use maize and water yam cf Yor eree
589,ere,r gain profit ere ɽuε kpols v eLi n uxif na your profit is great in this thing that you are selling reward ere n ↄrhie me v ekpa n n iu nε eɽnoHdv eva on A Lb the reward he gave Yod for the thing I did for him is what is there i e isover there cf Yor ere
590,eɽesonyε,name of an dba ersɽ decception by some body of porr
591,ero,cunning deceiving cheat ing cf o I v u
592,eke,knife for kitchen and eating er ulema cobbler s knife c le ema
593,eru,placenta
594,eɽelε,eight
595,efua,any harmful εfbo charm destined to cause sick ness and possibly containing poison as well it is put into food thrown at people when they are present blown into the air when they are absent put on one s path etc c ua v
596,gbe,xe
597,esa,x side taken by some body who is not concerned in a quarrel palaver etc d esa n uye v ↄ yi which side is it that your are in it on which side are you share in some enterprise plot of ground etc esa dↄ X uε voo v d your own share is what in it what is your share in it idiom ε ε esa it is of no account it does not matter n ufu na hia iv esa all this what you are doing is of no account it does not do me any harm cf igbesa
598,esabu,shop factory same as ow εki Engl
599,esagiε,blood same as srhaε
600,esago,demijohn cf Yor ago
601,esakpaede,I amen s drum the ixele age group dance to this drum it is small and round covered with skin on both ends but not narrow in the middle name of the dance
602,esalebo,a plant the seeds are strung up and put round a calabash serving as a rattle w ukus esalb a disease small sores mostly on hands and feet re sembles smallpox but bigger in size probably tertiary syphilis
603,esama,a chief who performs the ama J ceremony relating to the dba s children
604,esaɽa,sawi it seems to occur with the prefixes a and ↄ as well cf Port sierra
605,esaba,any carved bone or lvory cf ighesada
606,ese,any sacrifice ordered by an oracle predicted sacrifice es dsi ge y ↄ eghe it Is a predicted sacrifice that has drawn it to his body i e that has caused the trouble is often sald as explanation of a disaster bad luck etc that has befallen a man idiom imu es ↄg iε n ↄgic ma I took the predicted sacrifice of Ogiε and gave it to Ogiε a name leftitalone v z afugbo
607,eseku,a dwarf like being believed to live in the dense bush it looks like a man but is covered with hair all over the body including the face so that its eyes are almost invisible It carries a mat woven like the house of the worm akiierha
608,kairi,a chief senior of the Iw εguae society the title is not hereditary
609,esexeseɣε,the gum tree Tetrapleura tetraptera esi bush pig esi ebo European pig house pig re cently introduced same as εlεdε esioha abrownrat found in dirty places used as a sacrificial animal by the priests of d mila same as ekwaemo esi oha may nowa days possibly be used to dis tinguish the bush pig from the house pig cf Yor esi v
610,azana,good perhaps good ness oↄῦa esi a good man n ↄῦa esi the good man edi esi a good thing
611,esia,bhail occurs e g at the time of every heavy rainfall in the rainy season orho and on the whole three or four times in the year
612,esiasio,a bird the Bristlebill it is said to summon all the birds to the bath in the morning and the evening the head is used as a love medicine by young men
613,esiga,cigarette idiomatically they are also called ikpThi b
614,emila,Miler s finger Miller s was the first European store in Benin City Engl
615,esikoto,also a grease for rubbing oneself esikpoɣ o the Bulbul it has a curved tuft of feathers on its head ugu akpata said to have been appointed king of the birds but etitibiti be came king at last
616,eso,some eso r owa v ifa some of among them are at home redupl eseso with negat verb neither eseso
617,mare,neither of them has come also n ↄre ir eseso who has come is not in either
618,esosomaye,a charm having the power of predicting owned by the O ba Some powerful doctors are said to own this charm as well in which case it is not called esosomaye Es a chief one of the most Important members of the Evxa gvo N oɽe
619,esoagba,achief member of the ExaεRvo N oɽe acts for the Iyasε in his absence
620,esokisi,socks Engl
621,esssi,church Engl
622,esu,r a harmful deity which is sent by other gods mostly by
623,drdmila,owl general term there are four different kinds which perhaps may have special names its cry in the backyard means that someone in the house will get fever but it is not considered as very dangerous The owl may be a messenger of witches or a strong charm watching by night i e a charm that is supervised by witchcraft men also are believed to turn into owls es ulkuc u esuku school Engl
624,eta,act of talking also of parrots ↄxuε na gu eta this parrot can talk Lknows talking cf ta ata
625,ete,a position in the ogwh ga divination o c v Yor irgtε
626,etebetebe,a very small in sect running on the surface of water in rivers cf Jekri etebe
627,tebe,said to be equal In meaning to Biniifadifal
628,etebuɽu,table Fngl et an old word barbarian foreigner it denotes a man from a distant country who does not know the law and does not re cognize the Dba
629,etiafd,silk v esada e siliki cf Port teada etigoε erhigdε heron
630,etisa,teacher Engl
631,etitibiti,a blue black bird not very big with a lyre shaped tail said to be the king of birds by the Bini people
632,eto,hair eto ɽuε ti gbe or et uε your hair is very long eto n ukε thick hair like that of Africans eto n imo light hair like that of white men reddish hair et as hair of night ε hair standing up on the head et ifi afo eye lashes same as ifWi afo et aɽo eye brows et ekia male pubic hair et uhe temale pubic hair eto n asaɽe plaited hair a style of women s hair dressing the hair is plaited in parallel rows along the head worn by young women v akegbe isaba okuku oxogbo uc eha
633,etolotolo,turkey cf Yor
634,tolotolo,cock s crest at its throat etdↄ ↄtↄ R ↄkpa cock s crest cf ↄgↄgo
635,etuhecu,scissors cf Port tesoura
636,etuɽd,a position in the ogwεga L divination o c o cf Yor etura
637,eva,two eveva both w ifa veva ɣade tell both of them to comel eveva two by two wayay uvi eveva ou pl stand in double file etε n eva the two brothers evairavugie two are not in twenty eighteen
638,evav,or evavu valve in cars and bicycles Engl
639,eve,weeping am eve tears idiom eve n a dza vi a Lit the weeping with za s wives wept for dza crocodile s tears dza was a wicked but powerful man whose wives were glad when he died It is used in the following way ɣevi eve n ad za vi ↄza lll don t weep croco dile s tears over me cf vie
640,eve,elephantiasis there are three kinds of elephantiasis ev
641,axwaxwami,the small size eve n uko calabash e the big size and eve
642,leyolere,elephantiasis run go run come a fugitive variety of the disease said to be the most serious one it is stated to kill the patient gradually if somebody has died from it the swelling is quickly removed be fore it disappears again for there is a belief that otherwise it may follow the man into his next re Incarnation Reincarnated men may be recognized by their having this disease and it is believed that it does not kill a man a second time v uxutu
643,evi,wrestling cf v ya gbe
644,evie,anvil consisting of iron fixed on wood also okuta
645,evuato,or possibly an animal perhaps a rodent pos sibly identical with the one called cutting grass said to have come during the last de cades from the grass country N W Th badger cf ato
646,evue,a kind of ant that is found on corpses
647,eva,there eva jↄsεe there it ends used at the end of stories vu e v I ev a cf e v evava and ebaba my father used as an address cf Yor
648,baba,parents
649,evoxo,rice cake ize is used as well which is at the same time the name of the native rice the word is mostly used by sellers when praising their merchandise doha evoxoo orn Iin a n older form which is dying out ɣxoha evoxoo in the pl wa is prefixed
650,evs,scabies
651,evu,xL mist a woman s name
652,eva,here v e v I
653,elada,a man who con tinuously looks at himself in order to see whether his clothes fit cf va a
654,edloε,madness evAEG ɽε do yↄ ɽe his madness was quenched to day he has a lucid interval cf ↄῦHve
655,eti,thing something with negative verb nothing ↄmarhi edi nε he gave him nothing For nothing edi
656,rhokpa,is uvsed as well marhi eDi rhakpa nε he gave him nothing e i da bad thing evil Bibl
657,edikedi,everything any thing eoi n abaku wMmm things which have been done by mistake mistake edin ale things that are cooked cooking ilei is not pos sible eBi n amj mpyε things that have been lent loan also ev amo mbε e i n exwa the great things a the burial of an dba b witches idiom evi E my child wife servant Followed by genitives evi eh ear rings more used than oɽok ehↄ ed i exue things of shame disgrace v u ev igbina weapon lit thing of fight ed iri thing of rope an animal given to a man to be taken care of or possibly simply domestic animal e i okↄ seed okas is not used alone edi orhↄ harvest edi ɽ ebo thing of Euro peans plate is not nasa lized evi ugadε things of service bride wealth dowry eGi dGwawa palm oil chop v ospεxerhε B In the following cases the con struction seems to be a short relative sentence without the particle n eῦi fi thing that attacks small pox edi gb eni thing that has killed elephant toothache mot when cutting teeth ed i r akm thing that is in the tooth toothache with children when cutting teeth eῦi r aɽo thing that is in the eye yellow fever also ev ir aɽo evi r ↄb εvo things that are in the dba s country an age group consisting of the boys of b r years they sweep the streets or in a village that is very populated they carry refuse away eDi r unu toothache not when cutting teeth v e d
658,edidadε,stinginess Akugbe cf e i da ewa I sleeping mat made out of the sticks of ebi εba ewa act of giving food to witches as done by witch doctors at a witches meeting place slaughtering included c wa izobo
659,ewawa,a method of divina tion practised by the Osm priests small images of human beings and animals cowrsies chalk charcoal and a model of a canoe are put on a drum A chewed kolanut is spat on to it whereupon the images are put into a cup and thrown on the drum again The resulting ar rangements of images are then analysed If e Q the image of a sick man falls into the canoe somebody will die The image of a goat e g resting in the canoe points to the sacrifice of a goat required for some pur pose e g for curing an illness v ↄbo ewi afishyielding much meat u ekpalakpala e windo e winda window Eng ewisiki enwisiki whisky ewde whistling with mouth ewje larva of a fly found on mud couches produces itch ing and craw craw it is believed to be attracted by the urine of children who sleep there v ahiew e
660,ewua,m act of waking the dba by a shout similar to a cock s crow name of the gang band whose task it is to wake the dba The office was created by the dba sigie therefore all the members of the ewua wear a cross Their leader is the Ohu ↄba and to wake the dba is ki ewua kie
661,exae,u sand powder exa osisi gun powder re dupl exexae e g in odε na ɽu exexae this road is sandy lit makes sand sand ebubeε ekε
662,exarha,repetition exarh
663,uxudbu,or exarh εbo y repetition of medicines charms magic formula spell cf arha
664,exarha,umbrella
665,ugbiname,X small little owa n exerhe the small house owa na y exerhe this house is a small one a little e g the Bini title of Egh Hist Ekherhe vbe ebe itan do a little from the book of stories of Benin a little about the history of Benin cf erhe also
666,exirhi,Bini name for the Ekiti country exↄe I mind character k exↄek exde with all one s mind Akugbe uvE x ↄe da you have a bad cha racter will egbe exdↄe palm branch with its leaves removed used for tying yams u enwade
667,exue,shame exue mu dε I am ashamed
668,exuε,the remnants ashes of a farm fire they must be burnt once agaln cf uε exudↄxXuoↄ exwoOxw arat trap
669,exwae,a group of charms of oval shape made of a pounded medicine that has been mixed with water or when making a stronger exwae with coco nut milk or blood Those stronger exwaes must not be made in one s house in the
670,ggu,stands in that caseit is used to push one s enemies into danger v sua and also in cursing and blessing In other cases it stands under a small thatched shelter outside the wall of the compound those exwaes are of a stronger nature they are called exwae n odiↄ a main exwae lit exwae that is senior to man and they give strength to the particular god whom the owner of the exwae follows Others are found in the shrines of gods they are given the blood of sacrifices v wa waise J Possibly the exwaes always have some rela tion to the Osi they are also said to be moving with witches and therefore the witch doctor holds an exwae when giving chop to witch craft in order that it may com municate with the witches and tell them that they are given food A curse is exwaa exwae sua ɽuε may exwae push you w asua bo
671,exwe,are you drunk from exwexwe to somebody who acts foolishly or like a drunken man v udegbots ↄg
672,exwi,the Scaly Ant eater
673,exworhↄ,swamp cf Yor kpotↄ kpↄtↄ slush eya a I nonsense t εῦ yaɣ a ta he talked nonsense eyas a z ga ɽi or ulka while unmixed with liquids
674,eyaɣa,disregard lack of respect toward senior people cf
675,yaɣa,asib that of the Iyass n ↄh fvef the morning greeting is la yedε o v gbεe
676,eyeye,praising appellation of a woman who has many chil dren v iyeye
677,eyε,grandchild eyε n okpia grandson eyε n oxuo granddaughter wv iwu J ihiεhiε sakpaɽ ε yodi abi na
678,eze,a chisel like blade wused by wine tappers
679,ezegizegi,dysentery v ko of Yor origin
680,ezike,a musical instrument made of a long thin calabash a flute it is played by the kpezikε during ugies for the dba and a few chiefs
681,ezima,a repair a defective place made good ezↄ na gi this repair leaks cf z
682,ezomo,achief the highest in rank after the ba lves at Uz bu a quarter of Benin City where he seems to enjoy sovereign rights to a greater extent than any other ruler in the Bini country in former times the inhabitants of Uzεhu are even said to have seized men from Benin City he is the head of the egi esa sib cf ogie ruler and esAa Ishan and the Ezↄmojs are sald to have been rulers of Ishan once upon a time though not the first Ezombos his messengers are or were until a short time ago much respected in some parts of the shan country He is considered to be the first war chief of the Binis and as such has the most powerful charms Every momring he sits on his dais calling down evil on the enemies of Benin The title is hereditary by ERuropeans he is called Ojↄmy A praise name is Ezamo N uti c Yor d amo or ojↄmo
683,ezdti,name of an dba
684,g,yes as reply to a question
685,gbe,m danger harm
686,gbete,a very fat brown bush rat living mostly in dust heaps near the town same as ekwsεmyo J also called esi oha bush hog It is sacrificed to
687,jdmila,a ceremonial sword worn by chiefs it does not show as high a rank as the ada cf gb εbε ebε a tree found near water Milragyna macrophylla planks are used to build ceilings bi n uɽoɣo a praise name of the war chief Edog v
688,abigεgε,a kind of sedge growing on river banks the leaves have saw like edges used by women to make a kind of mat aterhu L LD and bags
689,gbo,any charm of powdery substance with which people wash themselves kpe or rub their foreheads or chests The substance is fried and ground when being prepared Mostly of noxious character but also for preventing diseases and bad luck εb εrhia spoiling charm harmful charm εb
690,ilove,charm enabling a man to have intercourse with a woman without her knowledge gb ↄzivig charm used by thieves it makes the place where they are going to steal deserted v asua efua bomisi name of a Bini deity an ihε who transformed himself into a hill after dxwahs had become a river
691,ebↄ,q any sacred object that has been instituted by man and not by a god himself in contrast to ihε a general term for god deity cf Yor bↄ v wu l ve bbↄh an oↄkakuo warrior chief with Elogbosε under Ezↄmpo
692,gbu,temporary resting place e g in travelling or for hunters the place whence one sets out and returns to roast one s meal for farmers the rest place during the period when the farm is cleared and no oxogbo has yet been put up
693,gbubu,a depression in the roofs of Bini houses intended for leading the rain water to the ground bue name of a Bini village
694,eda,leucorrhoea cf Yor εada l
695,rde,native crown εd ivie bead cap same as grhu ivie cf Yor ade
696,gdε,day ε dε ni that day then refers to the past only With numbers e c dε ha
697,wε,six days from to day gdε hif rR a week from to day εde fudaɽie eigcht days from to day rde kiasugi εɽε fiftteen days hence but with a different tone in the prefix εdε ha three days time d nε four days time deε ha sIx days time εdε hif a week s time sεdε fuvgaɽε eight days time ε dε ghe ten days time εdε kiasugie Q fifteen days time with the exception of εd eva two days time and the form er a gde ɽ ɽε for the more fre quent ede fUvaɽ εd εki market day The days of the Bini market week are st εd gki oↄba day of Benin central market nd d εk
698,igo,day of Igo mar ket rthis day is also called gd ekε n aka lit small rest day i e the day between two rest days rd εd εki ad lo day of the Adblb market th εd ek rest day originally the rest day of the Dxwabhz priests only now all over the country On gd ekε the witches are supposed to have their meetings The day is also called ed εki Enyaε day of the Eny aε market Some expressions for days of the European week that are used by old people only Monday εdε n asuε nwina v uzↄla n the day one starts to work in the week or ad uzsl εd gbe n week is finished at daybreak the wverb is do Tuesday kpad evav uzdlal two days in the week cf
699,ikpεdε,the day which divides work into two wa For the other days w icaxwe axwe l uz la Idiom εdε n aw eri edε ye the day when it is said so the day is the day when an dba s death is announced by the Iyasε i e three years after his death edε is used as subject in several cases where in English the im personal pronoun it is used e de mii iut is dark v also ota hiihii and nwa gbe before found in a negative sentence eli veria masunu εdε such a thing never happened before preceding e ne adds the idea of before ago e n rde so some days ago the other day v gε imi ebe n εdε so I bad a letter the other day b last time n εdε so n ima nami egbe eɽr iyis edifa sε R m dbbe last time when we met each other it was that I reached this place last I have never been here since we met last time v e d
700,ededeveda,never with nega tive verb
701,edεgbedεgbe,every day daily cf εdε εd gzbegbe
702,edegbegbe,every day daily cf εdε degbed gbe
703,edi,palm nuts collective uhud εdi bunch of palm nuts ikp εdi are single nuts edi ebo European palm nuts pineapples cf Yor
704,adi,Benin
705,edogbo,neighbourhood neigh bours collectively eῦ Rdogbo oε nↄ they are my neigh bours people of neighbour hood
706,edw,a tree bitter kola Garcinia hRola edible with round not oval pods It is sacrificed to Shango the Yoruba god of thunder εdu eni Elephant s bitter kola Penta desma butyracea was not known to the informant fae name of OgXfi in his quality as god of hunting thus BDbD called by hunters and warriors they keep the skulls of all their trophies on his shrine and take all their weapons to the shrine when they sacrifice When sacri ficial meat is shared the biggest share is given to the man who had the greatest success in hunting without regard to seniority A hunter s shrine is in the Ogii room of every head man of a clan ↄka εgbε e v ↄkahudUu J
707,efe,wealth ε ε e kpↄl ghe his wealth is great
708,efua,whiteness cf fusfua
709,ufua,quickness used after a verb in the meaning of quickly wɣad εgiεgiε n idogi d u hudvu war esabu de
710,gie,L h I t come quickly that I may come and send you on an errand to go to the shop ↄnwina s giεgiε he always works quick ly egiegie be quick df
711,giegiε,ome stringed native musical instrument in the form of a bow put to the mouth and played with two sticks
712,ggzogo,x bell icakp εgogo kpe L am going fo ring a bell clock watch hour ↄmudia y εgZog ↄlpa he waited an hour εsgzog en ↄtu enε J atu it has struck four o clock cf Yor agogo
713,egui,bathroom of Bini house where the owner s Osii iskept guae ba s residence a Benin City
714,egwa,a creeper Huppocarpu spec nov used for tying yams to yam poles rafters etc in house building
715,ggwe,hoe gu εE hu ε gwε n ivaya gb iuvu lt help me to find a hoe that I shall take to clean the grass hu is a real low tone here but with a slight fall in hu the sentence would mean let me find ggwh I a bat living in houses smaller than ↄwo ggwε a rattle made out of the long leaves of the uɽua palm which are twisted into a chain of small receptacles con taining a few esal ebo grains each worn round the ankle by o via dancers ggi abↄ an obsolete or at least idiomatic word for bead armlet coral or other beads as worn by women and children nowadays ivi abↄ is mostly used εgh aw an obsolete word for bead anklet same as ivi awe
716,ggha,armlet of iron or brass also leather armlet on which charms have been sewn the charms are intended to give the bearer strength e g to a woman in a difficult case of childbirth cf Yor εgba
717,ggbe,a quick dancing step accompanied by quick singing and drumming
718,εgbenagbifie,killer that kills the cleared bush a strong harmattan wind blowing from noon until about four o clock cold with clouds of mist ggbedi large oil barrel hogs head
719,ggbεe,widow ggh e sib patrilineal exo gamous liaison other than by marriage if begun without knowledge of the relationship of the partners must be purified by a sacrifice to erha the ancestors The members of the gbεe have a particular morning greeting w la als a special taboo v awua and a senior ka εgb e who must live in Benin City or have a representative there v uniε ol ewae J Umogd l
720,umosii,name of an Jba ggbεle r small piecce of em broidered cloth worn round the waist by people attending ugie ggbεle an idiomatic word for suicide v ze
721,ggbima,house wall put up in the Jekri way with bundles of sticks and canes may then be plastered
722,ggbo,a forest thick bush b distance inu εgb Xk eVa ya s rdo ke s how far how much distance is it from here to Benin cf ugbo Yor igho ggbosi unripe palm nut bunch not yet containing any kernels
723,gvele,a man belonging to the ixele pl age group ca irom to years of age they used to serve during wars and do carriers work they still help in house building and fell trees on the farms of the most important edi only occasionally on big farms
724,exe,small yam pole
725,exε,time xε hia always exe ni at that time then exrikeɣE and kegɣεike wD I every time ɣε na at this time now n εɣ εd a three days ago cf εdε eha n Eɣ εd nε four days ago cf edε enε wv ne NI e d
726,gɣodi,African black kite and black shouldered kite this kite iIs often found near farm fires and there is a story that it is a transformed man who cannot be come a human being again be cause hischarm has been burntin a farm fire cf Yor awodi e odo Impluvium same as
727,ukpaf,im pluvium in the women s apart ment εgjɣod iki implu vium in the ikdi The room containing the εJ od εriε is not an ikw it is long while the ikiis are square
728,gɣdε,a tree Ierminalin sU perba used as firewood only The F D list contains another tree εɣ E n ebi dark e ↄε IL erminalia worensis This distinction was not made by my informant gx uvu bush crocodile the small sort of crocodile that lives in swampy water Ruw u na wu v ob ↄkpa kev ow ↄkpa this crocodile is paralysed on one side lit died n one hand and one foot They are believed to be paralysed and therefore their bones are useful as a charm that keeps thieves from stealing gx ute a dance danced at an ugie
729,gha,buffalo cf Yor εj
730,chae,forehead
731,ghexue,green pigeon l inago calvus
732,ehe,yam heap gh yes as reply to a question ghi T one s personal guardian spirit εhi is believed to live in the εɽivi it prays in ε ivi for our long life and it is also responsible for any lucky or unlucky happenings It is be lieved to be with a man all the day and at night it gives account to Osa The hi is represented by an object near a man s sleeping place the com position of this substitute secems to vary according to the sib to which the owner belongs The ehi does not want any blood sacrifices Whuul the head Is believed to be the εhi s helper and to render account of the happenings during the day to it ob εhi na it is the εhi s work Lt hand this is said whenever a man has achieved anything extraordinary or has had outstanding luck hi ba ftitle of a chiect Ilit the ba s εhi he is chosen by divination to be the repre sentative of the ba s εhi and his main qualification is that the oracle must have pronounced him to grow very old He has great privileges e g he can say anything he likes to the oba without committing any offence Formerly he had to die when the dba died v egi egbe εhi n oha lt bush ehi echo there seems to have been a belief that the hi n oha actually was a spirit that re peated onme s words eεhi n axde region at the back of the head the hole is explained by the belief that during his stay in εɽiῦi a man has to pay something for his food and that a part of his skull is cut out in order to serve as a payment cf hi ghi x native pepper εhiε
733,nexwa,big pepper pl a special sort see also ikpovuxo and akpↄkↄ εhi εdo Lit pepper of Benin the so called alligator pepper fhi zbo pepper of for est a tree Lonchocarpus grif fonianus only used for build ing oxogbo l pepper soup εhiε savε y ↄῦ aɽo pepper soup has splashed into my eye
734,ehihi,a very small black ant found in the house
735,gho,m throat voice ho gre la gbe his voice sounds much i e carries far said of a falsetto voice
736,ghohawε,cold scales of iron beaten off by the smith enwa nanwan erhε sparks
737,ehoho,wind εhoh ε ziza whirlwind
738,ehii,hollow spaces in trees caused by insects that are still covered with bark fhui ogo ogo old farm a tree rema guineense mostly found on old farms it has wvery soft wood which is perhaps the reason of its being called εhiil and is not used for any purpose
739,eka,a position in the ogwεga divination cf Yor ika
740,gka,bright red or yellow beads called agate beads round or cornered
741,gkete,throne of the dba
742,eke,cunning deception by hiding one s faults an old word equivalent to eɽo occurs in an dxwahε song c o c c kεdhua name of a Bini village eki market fki ↄba the dba s market the central market in Benin City ki ad l Adobl smarket r miles from Benin City on the If Road εki enyaε the market of Enyaε miles from Benin City on the Eh Road v dq
743,gkire,frog ki ugbo lit farm mar ket name of a Bini village where dxwahε is believed to have transformed himself into the river bearing the same name
744,eko,Dbelly εko v ove am satisfied v to be full av fko I am satisfied va to fill ko Te it grieves me fko xia ε ko loɣↄ ε my stomach pains me fko hihiε ε I have diarrhoea εko rhiεrhiε ve I am pleased εko riaɽa e am displeased negative of the preceding is more used εko bals Bε it grieves me ε ko luzu ε I have indiges tion ko n ami r eῦi belly where one sees its thing viz discharge dysentery is not nasalised εko asa belly of shield a spot where all dangers concentrate so that escape is impossible okuo ɣize baba ifa ke ile fi εko asa when the war had been raging hard for some time they then ran into a place from which there was no escape
745,ekokodu,heart idiom for
746,okadi,a spirit roaming about in the bush which causes bad luck and lack of will power Everybody has a personal kose The εkose is given sacrifices con sisting of a small basket agba full of small anthills ulelefe D a man s worst enemy e in a fkos ε uxi ɽa D oh are you his enemy
747,gkↄ,Yoruba word for Bini
748,akasa,x waist εkil oxuo women s bigcloth base of a tree kuε x the town of Akure in Ondo province the Akure people a general name for the Yoruba people Yoruba is also used
749,ekwe,palm branches woven together to serve as ridge okpo of the roof
750,gkpede,cross bow gkp huge big e g In kp εho a loud bass voice εkp iku layers of dry leaves
751,gkper,amusical instrument apparently a horn producing high sounds sεkpeɽ ↄmwε a blue black bird the size of a pigeon N W TIh glossy starling
752,ekpε,Ileopard εkpε n owa leopard of the house is a title used by chiefs in ad dressing the dba
753,gkpiro,a tree Chrysophylum africanum its fruit is edible and a kind of otiε
754,gkpo,q space Tkpo na vE sε this space is wide enough ekp iyeke middle space between shoulder blades εkp
755,ↄxe,half space between two main poles utdyotd of
756,eru,at that time
757,gkpo,bag kp urhu air pipe dkp ahir bladder gkp ekia region of pubic hair male kp ofi a bag of yaws a sufferer from yaws jvaws daddy kp uhe region of pubic hair female
758,gkpohutu,headache f
759,kpe,leather box cf kpo
760,gkponiyεkea,a woman with child
761,ekpowa,gecko
762,gkpoxurhu,gkpo
763,gkpogɣↄe,a tree Beriima heudeloliana the bark is used as a medicine but if not well pre pared it is a deadly poison lt was also used in the dba s ordeal mixed with sasswood inyi The name also corresponds to Berlinia auriculatm on the F D list kpoↄ ↄ ε r Macro lobium limba el dε also e house pig not known in ancient times also esi ebo FEuropean pig cf Yor εledε stomach cf
764,elu,interjection used to en courage boers
765,elu,x a tree the leaves and root of which contain a dark blue dye the dye it is used by boys to imitate the tribal body marks the dye obtained from the burnt roots is used to dye the real tribal marks
766,glubb,flour ma name of a Bini village
767,emila,cow εmil ogiso a green caterpillar εmil ↄvia practice of twirling the bull roarer at the yvia society in order to warn passers by that secret things ar going on the bull roaring was believed to be the voice of the god himself
768,gmunↄamuerha,catcher who catches trees a creeper Begonwia mamniy found on trees
769,gnwe,wound
770,enwinwa,ɽ dog tick same as ekaikai a disease a tree Larmea acidissima gnya albino ↄwaɽu rhurhurhu v εnyaε he is staggering ike an albino who cannot see well during the day
771,enyaε,neck used of men and animals in the case of things
772,urhu,is used
773,enyε,snake εnyε n εs river snake a snake said to be living in muddy places at the bottom of rivers it never bites v aka arhuvots aɽεkε asisha ataikpi
774,idodia,no
775,gpipa,keg barrel εpip exae a keg of powder cf Port pipa
776,grze,x somebody else unknown to the speaker ɣerhie ε ↄX WDε ↄ X εrse nd N ve don t take it for it is not my own it ls somebody else s ↄ εrεe always means somebody unknown while ↄɣ ↄῦa vehe does not imply un known er ↄXu ↄna did somebody do me this when something bad has happened in one s absence This example leads on to the meaning of some un known enemy implyimng any forces that work towards one s undoing such as e Q the evwil wishes of other people bad advice opposition etc The εrεFe is glven a sacrifice upon the advice of doctors the act of win is called mu ze al l and the prayer is εrεe ῦe t n iyaɽu ε my eree look we at the things I am doing sacrificing to you The prayer averts the above mentioned influences The term occurs also in a thanksgiving formula used by a junior woman to her seniors when having taken part of a meal εre e vigb uε the bad wishes of other people may not kill you
777,kada,lit equals and enemies of each other are we and he he and I are equals and enemies εrε e BI uXi you are my enemy i e you have tried to undo me The term is also applifd to witches hence rhb mu
778,ze,n εfe means to give food to witches v kose J riε fba s harem at guae
779,grha,bush cat a little bigger thanedi smellsdisagreeably
780,erhaε,blood v esagiε
781,grherhe,brain not regarded as seat of understanding
782,erhe,groin abdomen below navel
783,gerhia,wickedness erhia He ima his wickedness is not good i e is too bad ↄka εrhia pl e the first in wickedness of a man the evil spirit the bad example ↄna ɽ ↄka gεrhia n ↄr gbεe ni N this is the evwil genius of that family e f rhia erhi perseverance ↄv rhi a man of perseverance
784,erhoxwa,a position in the o
785,gwrga,hermaphrodite
786,erhu,hat cap srhu ivie bead hat with beads hang ing down at both sides of the face worn in different styles by the ba Ezmo and probably hi ↄba
787,erhiirhuu,tail frhii rhuB ekita dog s tail erhirhud esi tail of pig a tree Amphimas plero carpioides its durable wood is used for poles supporting the ceiling in native houses erhirhu owa sicl roof of house as seen from out side ere I εɽ f ↄce l gre and rd pers sgl as object and possessive pronoun it has besides the forms e ɽε ε ↄɽe ↄe ↄɽε ↄε
788,greɽe,flute
789,ere,to day εɽ na ↄre to day he came ribo the second senior chief in the Iwebo sOciety riyo a chief head of the
790,umodu,part of trap that part of a rope when used in a trap which entraps the victim
791,gro,watchfulness occurs in So ε and yi ew to watch to observe w title of a chief member of the Uzama cf isievieɽo
792,groro,a small four cornered bell it is found on several shrines of gods e Q on those of
793,dvia,and dxwahε but also on the ancestral shrine
794,groxi,chameleon There is a tradition that the chameleon was present when the farth was created therefore it walks care fully in order not to break it ↄmaε n εɽoxi lit the chameleon age describes that age when man can only walk a few paces without stopping for breath
795,εtu,female of ε huε antelope
796,gruvs,river tortoise same as
797,elukeluke,a small kind of squirrel with bulging eyes
798,gfiti,X world of the dead and the unborm Osa and the other gods reside there as well as the εhis and the dead people X a general term for an cestors the dead and even the gods masquerade dancer also owi εɽivi he is addressed as the god whom he represents and he carries an uxurhe he only speaks in sounds like mmm or gbrr curses uttered in his presence and confirmed by his knocking the uxurhε to the ground are believed to be effective v dvia εɽivi odo
799,dua,is a masquerade dance performed during the agwe dↄɣ εneε possibly for
800,osa,shrine of the Dba s father at the guae J B the Christian Heaven gr va x brass brass brace let v sa Ig εɽↄdo
801,gse,well properly ↄɽu e se J he did it well redupl
802,gsese,very well aɽu e sEse he is doing it very well cf TsesEvese se
803,gse,goodness favour oɽu B εse he did me a favour
804,gseese,also e plate Of Port origin
805,gsestveese,very much df
806,gse,horse cf Yor fi sigie name of an dba son of
807,dzdlua,and brother of Arhuaq a
808,gsd,suffering poverty sεs gb εe gbe gbe r heis very poor ↄῦ εS no he is a poor man cf s z v ovi
809,gte,shooting contest held with bows The target is an orange or a branch thrown to the ground or an agberhie
810,gte,sore of long duration
811,gtebↄ,heap of mud collected for building purposes place in forest where passage is barred by creepers
812,eti,strength power physical as well as magical ti fo o eh strength has finished me am tired gtu beard chin beard and moustachoe etu x cellulitis sore gums εtu xia ɽnuε ɽa are you suffering from sore gums xia to pain
813,gveεe,kola Cola acuminata verticilata Tv oha bush kola a wild kola Cola heiero Dhylla children suck the juice out of the husk εv oh ↄb ita kola of the ordeal doctor s bush a wild kola Cola caricifolta used in an ordeal and as a medicine for the bladder ε vee gabari Hausa kola the kola intro duced by the Hausa people Kola is given to guests as a sign of courtesy and friendship v
814,ikpe,palm oil εvi egbe fai lxrd viekoi name of a Bini village seat of an Jxwahε shrine
815,evirhi,a trap for animals cf Yor εbiti
816,gvo,X country village in cluding possibly several quar ters people εvo hia everybody language fol lowed by name of country gvu edo Bini language gv uhobo Sobo language gou igabari Hausa lan guage v urhu e d cti
817,eoε,word εd are ad monition given to disobedient boys εvῦ ta truth ov
818,gvata,truly ῦ ot whisper dsh v otↄ gbe hↄ he has a keen ear matter affair ε na ima ir this affair is not good mo matter of child child bearing According to A glε word has a long vowel in the stem while εdvε matter hasnot I tisnot certain whether this distinction is generally made by Bini speakers
819,ewae,a tree Polyalthin sua veolews used as firewood and for roofing houses
820,ewae,sib same as εgbεe Or uniε no longer used as much as sgbεe
821,ewe,goat sw aῦD D female goat e w ↄwa castrated goat
822,ewer,the daughter of one of the Ogi efas she was the wife of Ubi and a very kind woman Hence her name has become a symbol of goodness Thus there s a grecting ↄxi swer o god speed a lucky journey
823,ewe,a certain quantity of yams the yams stored between uhoho on eru wedo name of an dba
824,gwedos,prison
825,ewεe,chest part of body ɣεf ῦ evi v εwεe CE me
826,ei,don t strike a blow at my chest weka name of the first Oba of Benin it was taken up by the father of the present dba who reigned as wdka II wia smell εwia e ima N its smell is not good cf wia wo calabash funnel used e g by wine tappers when pouring wine into demijohns or narrow mouthed calabashes
827,gwobi,a man who likes to play jokes on other people gwobi ↄda uxi you are a joker
828,gwu,garment gown coat shirt any garment except trousers v utalawε wu fuε m ose gbe your gown is very nice swu ivie bead dress worn by the da the term does not include cap collar odigba and
829,udahae,name of an dba wuare name of an dba under whom some of the present Bini gods e xwahε and
830,ake,xr quiver a curved tooth or bone which in native opinion the viper flings at its prey out of the mouth It is believed never to miss its ob Jective and if the victim runs away t must return to the miper v osumade
831,exi,a small Climbing animal
832,exivi,a tree P uIprtadenia africana its fruit has the shape of a belt and is used by boys in play the bark is used as medicine for oviyabε
833,gxoxo,x corner as seen from inside ↄlere y ε oxo he hid in the cormer private when used as a genitive after another noun e g in isum
834,gxoxo,conspiracy
835,gxoxo,a big monkey
836,gxu,door gate xwi εxu na lock this door bi εxu na
837,gbe,close this door gxu ogbore sxu ↄgw o e gate in odi leading from street to compound
838,exil,a person who is infirm unable to walk cf ku exiix i a small fly sweat fly
839,gxwia,bull okpia
840,gyotↄ,foundation of house first layer of mud d ot
841,eze,stream river εfzε n awae abridged river a bridge redupl εzeze swampy watery εzezε eva na Xxi J this place is swampy v oke
842,ugboyxodo,tree stump when several feet out of the ground space round the base of a tree v ugzv udU un
843,geziza,a spirit in the shape of a man it roams about in the bush and catches people whom it may keep for years it is believed to be a great doctor and its hair et εzza a plant is used by doctors in every kind of medicine in order to ensure quick action cf Yor
844,aaja,gzdↄ case in court cf Yor
845,gjv,to cut loose in m to cut palm nuts and let them drop yaf di na go and cut these palm nuts to remove the thatch of a house in order to replace it by new leaves or to remove old leaves from the thatch fi owa na me remove the thatch of this house for me the a represents only a very short glide fa
846,fua,a to release to acquit in court ↄfa ε fua v ikotu or v ow iza h o N he re leased him out of court b to set free a slave f ma to loosen i e to take out yams from the stack eru ɣaf ma v eru na who took the yams out of this yam stack fe r m to escape to slip out ahiaῦe ni f ima that bird escaped us ↄvoxa na fe v iypha this boy is free from pawn i e from being pawned ofe obↄ de gb ot it slipped out of my hand and fell down f ↄrhi to escape life i e to faint to be cured from a disease okpia na fe nε v uhudu n ↄvae N this man has re covered from lit escaped the disease he had v lε fe to be rich cf fe fe
847,fe,w entirely completely used with the verb fo ↄfo
848,fecɽe,it is entirely finished but v fεfe fe for good finally isi kpaa va fεεɽε I left there for good
849,fefεfz,entirely completely altogether used with the verb
850,fo,it is completely finished ri ↄe fo
851,fefesfe,eat it all up the fo may be omitted v giε
852,feko,an aumiliary verb df
853,hεko,their work is getting slowly finished fεko gently softly softly m very sharp accom panies the verb mu v Le εLε ε to throw combinations with verbs fi d to miss to mistake ahoa n ik ɽ ε nwa ifi εe d lit the hawk I just aimed at I missed t v z ɽo fi fAl to throw something into fi ze fi
854,oha,he threw it into the bush fi gbe to throw something at ↄfi εze gbe he threw it at me fi gb ual gbe tua to shoot dead fi kui to throw
855,gbo,at a man fi xε to throw εbo on the road same as gbe xε Com binations with nouns fi agbha to summon a meeting in a saylng which occurs in a story but v also tie t iko fi axwee to play marbles fi egbe del egbe to transform oneself e g into an animal v xia fi ema to dig the biεF yam poles ikpssi into the ground for the εɣε J poles it is ba ema ba z f to throw expresses a more forcible action than ba to pierce fi eso weri egbe to turn some things round to revise Egh Hist fi exwae yↄ to wish something bad to a man holding an exwae in front of the mouth and spitting after the words to curse by means of a charm to implicate f ε ki refers to the movements during the coitus a formula of blessing iIs uwRufi εkid ihoi may your coitus move ments not be in vain used by a person senior to a woman met when sweeping the house or the dais of her husband s Erha as an act of purification when having cleansed herself after menstruation v axuε f iha to cast an oracle does not indicate which oracle is meant n ↄf iha for oracle doctor as glven by N W Th is said not to be as good as ↄb iha
856,sbo,to quote a proverb as answer to somebody s question he has to guess the meaning to drop a proverb v kp ita f ive to give somebody a hint by means of a proverb the person thus ad dressed needs further explna tion f ita f ive me he gave me a hint by means of a proverb f iyeke gbe to turn the back towards some thing e g gb odε to the road fi obs yi to put one shandintosomething fi oki to perform oki l vw gbe iLukuse to construct a rattle i e to throw the cord round the calabash to and fro when making the net covering the calabash fi unu to speak in an unseemly way of or to ones superior Egh Hist to beat also of the pulse obↄ rdwuε fi leilei rɽa x is your pulse lrt hand beating fi e i to hit somebody liyt to hit somebody something vi a blow refers e gQ to a blow in anger while gbe means to flog as a punishment ifi εɽ evi I hit him cf egbe n ↄsfi ↄ a e i D fioɣoɽo
857,ko,to hop on one foot to shoot v sa to attack of a disease edifi fi e small pox has struck him he has caught small pox it also denotes the direction of a throw only into some locality fi fi b to leave in fi yi ↄf f yi he left it fi ya to die of a man with family wu is used of a single man of a man who has a family it was said that part of his body is stil living also ikia lterat
858,filo,to drop things one by one b to shoot birds or animals one by one t ifil ifa I am shooting them one after the other c to be foolish t ufilo are you mad vu
859,kiza,q to cut fia fua to cut off fia gbe to cut and add to to bless of a Christian blessing bu tw n erhudu na na to say prayer for somebody to bless in the pagan way cdf
860,afiagbe,tocut food for somebody t uɽami mo fiana mayyouget a child or children to cut food for used as a formula of thanksgiving after a meal by a woman towards a senior woman or man also to her own parents v εrεze fia
861,ra,they are crossing the river cf gbe ra v gwa I b to break into a row of people called ikpokpa at an ugie or into a row single or double file of people at an
862,dvia,festival In the case of the Jvia the man was is whipped forit in the case of the ikpokpa he was formerly killed and is nowadays made to pay for a big sacrifice costing up to Ls
863,fia,ce a to bite ekita fia
864,geɽe,adoghas bitten me b idiom to cheat i afia ε ssese ave oε εre shall cheat him bite him eat properly just look at me and look at him i e you will see Combinations with nouns f idi to dig a grave fi enwε to be cut breast to be weaned fia igɣo to cut money to fine somebody v ze I afi ozo i o v ikotu n
865,owiε,Ojfo was fined in court this morning f iɣo to change money f izo na i me change this money for me v idbla f ihue to be cut at the nose to be de faced of a coin or cowrie fi odε yil ob to cut the road to somebody s hand to reach a certain place earlier than somebody else by using a shorter road to make a short cut fi osuɣEu yi egbe to trouble somebody by means of charms or intrigue fi ova to glve a nickname praise name w also ɽe sfi ova me he gave me a nickname fi ka to reap corn maize to become be cut or broken to come off of a button e g iri n itaf n iterat whkps ta yifia the rope I put up ta on yi which I was about to spread clothes has snapped bu is only used of wood and iron v also wu to kill a sacrificial victim to be salty wv tatadta s to smell sharp v taitai f age to hit a man ifia
866,emi,lit I hit him some thing i e a blow the is not nasalised f idQ cf fi a
867,fe,to make a clearing for a farm with matchets previous to felling the trees on the plot fi fie ni seεse make that clearing properly cf ifie v gb itε
868,fiexe,to sway to swing some thing ↄfieɣ uherhε xid v imi o ε he was swinglng the firebrand along when I saw him cf fi u cuesɣe to shake something that is on the ground fizhzmm blim imitates the cry of the rat oxa ix o cf fia
869,hba,very tall and thin of a tree only used with ta it is tall f itAa cf fi f ive cf fil yeke f fi
870,fo,to finish often followed by
871,nε,already fo also often follows another werb in order to express that the action expressed by that verb has been finished erha na fo nε this fre wood is finishing already orhi εɽe fo bx he has taken it finished he has taken it all cf ufodε D
872,fo,toperspire used with the sub ject afↄ perspiration ↄfↄ f e I am streaming with per spiration cf ↄfↄ f
873,fo,to splash a liquid med cine on plants in order to make them yideld plentifully This liquid called εbo n ayafↄ inya J i e medicne to be splashed on yam is obtained from the tree osuↄbs c
874,afↄ,which is also splashed on the body or the house for the purpose of purification f ↄrhi cf fe
875,fu,in fu re to become be cool fu egbe to be peacetul comfortable for some body eva na or aga na this chair fu egbe this place is comfortable i e peaceful without worry for me fu ε ko only in the pt fu ko to be of peace ful disposition fi kugbe tomix ↄfɽi ofighↄ v igaɽi ku gbe he mixed palm oil with gari fu in fu re to cool ↄfu ame na re he cooled this water fu to snatch to grab ibicka ni wafu εvεe n ↄr eva vio vou children there snatch the kolas there and take them fu ε ε to stammer or more exactly to begin one word before finishing the other vw b εde fua second part of verbal combinations implying that the object is thrown away but for liquids and grains kua v mu fia fa fua to be white ↄfua v ak n unu it i white like the teeth of the mouth cf
876,fuonfua,x to perish a curse
877,uɽafva,may you perish answer iwua en ↄfua o I am forbidden what is perish ed o something like God has not destined me to perish to die out εgbε ifa fua xia Lpit their family sib are perishing along i e dying out This would be a bad curse if uttered to a member of the clan cf fua fugfuε fuε smothering of a fire that only smokes a little a smaller fire than that described by ɽuecuεɽcuε used with the verb ba
878,fusfua,to be white ukp s n ozo rhuaε fuↄfua the cloth Ojo wears is white c fua ga to serve ↄga e he served him ga yi to serve for a betrothed girl with her father ↄga y ↄvox wvi he served for the girl cf ugae C e a ga to cook to be done of food that is being cooked inya na fεdko ga this yam is cooking gradually v bie
879,ga,to surround v l to fence i e to set a fence as part of a trap across the bush cf ega or to put a fence around something e g a tree or the hole of an animal ga ezi oi na n idoxm ifi y ↄ Lt fence the base of this tree that I may come and set traps there wv gba I
880,gadagbaa,big nmot fat of animals e g horses elephants bulls hippopotami or cro codiles used with the wverb
881,ye,to surround shε iɽa gag egbe he surrounded himself with them also ↄv ifa cf a
882,gaigai,describes a manner of walking a measured walk with wide steps white man style used with the verb xia the i is not short
883,ge,same as de
884,gegeege,very high of a hill okenayo gegeege thishill is very high cf gogoogo v
885,golotoo,and geletee
886,gele,an auxiliary verb em phasizing the main verb may be translated by indeed or similar words ↄgeleɽu e in fact he is doing it ↄgeleɽru e really he did it geleta e
887,ɣe,extraordinarily high used with the verb yo df
888,golotoo,tightly shut
889,geuetrewry,imitation of the sound of a bell egogo but v ko dkoↄwd v also goylo gi g u to allow to do something to let ↄg ifa ɽu εe he allowed them to do it he let them do it In the st and nd pers sgl g gu are used instead of gi igu ε ɽ U e I am allowing you to do it b I am helping you to do it I am doing it with you pf ↄg W ε Cu εe a he allowed me to do it b he helped me to do it vw gu gi a is used in the Ist pers pl meaning let us gi aɣaxia let s go to permit of something being done equivalent to English suffix able εgi ari ↄe it is not edible gi to leak of a canoe or house oks dε gi my canoe is leaking cf ugivE
890,gia,to cut with many objects e a bundle of things or a cord contalning many strings etc dgia iri na he is cutting these ropes cf giagia giaɣa
891,wiogin,to cut into many pieces giagi ab erha na or bel ab lop the branches of this tree off df
892,gia,bright red used with the verb ba r w resz εɣ a l
893,giaxa,fo cut or tear into little pieces ↄgiaɣa e ku erba ku iri he tore it up into little pieces and threw it about e g of an infant tearing paper cf gia gi asi of gie gidigidi r big of yams used with the verb ye l
894,gidigidi,blazing sending flames up used with the verb ba kpoo woo
895,gidighi,strong robust a riddle okpia gidighi mu okpia gidighi gba a strong man catches a strong man and tiecs him the answer is olodo mu εBu gba the door frame keeps the door tied cf gidigbii
896,gidighii,very big e g of trees houses boxes rocks of an elephant used with the verb
897,i,to send gie uhu u to send on an errand gi gr uhudu gi erha e he sent him on an errand to his father also used as second verb of a combination in order to indicate a direction towards something or somebody v above toattack of diseases the object being the particular spot that is affected possibly this item does not belong to
898,gie,to compare ɣEya e gie
899,bε,don t take him compare with me don t compare him with me gie
900,ma,to show something that cannot be taken in one s hand or that is at a distance to some body ↄgi ugb εLe maveε he showed me his farm ma is long gi odε da ma to show a bad way to lead astray also in a metaphorical sense agi ode di ma ῦe v inↄ
901,ibude,he led me astray when I had asked his advice v bibi ya dido J gu dido gie to spit in gi asE gi exwae y to spit on a charm after pronouncing a prophecy or curse in order to confirm the words spoken w
902,drwahε,songs gie always seems to imply deliberate spitting tu asε
903,giε,to laugh agiε y εvUR Ue he vll he s laughing at my words ↄagb oxoo giε he is bursting with laughter of ogic I
904,gi,to give way to break suddenly of a worn out cloth
905,giε,to burn owa giεɽε fefεεfε the house burnt or is burnt to the ground cf agiε
906,giegie,to be quick at some thing ↄgiεgie nwina he is working quickly cf εgiεgiε I
907,giεɽε,very bright of weather ede raɽB giεɽε the day was very bright
908,gilogilb,tall and thin of men only wv sigosigo which seems to indicate a greater de gree of thinness used with ↄtaε L O he is tall nwsεεɽ
909,gina,x to be against εo E na gina ε this matter is against him he is guilty in this matter used as second part in the combination rhia
910,gina,in agbↄ rhia gina ε lfe is spoilt for him meaning he is impotent or he is destitute in case of a woman she is barren or she has a venereal disease c
911,agbeginoto,very hot of boiling water used with the verb t v iciyvici giri gri describes a sudden or unexpected motion ↄ gwa kpao
912,giri,he got up suddenly v ha
913,gizaka,describes the falling
914,down,it fell in the above stated way
915,go,to shout go nwa to praise somebody in songs for some accomplishment Egh Hist ↄ go nwa ῦε he praised me v rho tia
916,gobagobagoba,describes a manner of walking the walk of a cripple whose feet are bent to one side so that he walks with a list the foot that is behind moving sideways Used with the verb xia l
917,gogoogo,high e c a hill used with the verb ye goyogo ɣo describes the sound made by a bell Rogo J but v kaxakoy q v gE RY rɣRyY
918,gokada,very tall and lean of man used with the verb ye but also with tota to de scribe a tall man sitting upright cf gukaa v rhig
919,golotoo,very high used with the verb yo c f geletee
920,gootro,loud describesthe noise made by a cricket used with the verb tu to become be bent crooked ↄgↄe it is crooked of bi g g in g u gie to hold the annual festival of a juju not used for ancestor festivals d εɣε n uwa yagl gi ↄxwahε yi
921,ko,when do you hold the festival of dxwahε friend cf ugjgie go g gↄ g upright uɽu ihue g g ↄ g d your nose stands upright special charac teristic of the European hence the above sentence may be closed with ov ihu ebo like the nose of a white man This feature is considered as funny On the other hand an ihue pεrhε flat nose said to be v ihu eZwi like the nose of a tortoise is not thought to be beautiful either
922,galogolb,describes the walk of a wvery tall man with the upper part of his body swaying used with the verb xia c
923,ogdↄld,a verb indicating q that another action is performed by the subject with the help of somebody else or that the action is reciprocal e Q gu b owa to help somebody in building a house gu
924,de,to buy something from somebody ws igu dε I bought it from you gu
925,dia,to stay with somebody or something esp in order to guard it e g of a hunter s boy who watches the kill while his master is in the bush gu
926,dido,i d to lead astray by giving false in formation v gie r yarI
927,gu,gua to talk with somebody gu gwi to quarrel with somebody gu
928,gbina,to fight with some body gu ho to help somebody to find something In an Impersonal use gu means to succeed ↄgu eE ɽu h helped me to do it succeed in doing it idiom BD egbe gu εe u body helped her to do or body did i t with ber she had a miscarriage gu becomes gu hl front of the objective Bε me and da us gu z cf i gua I also guara used by old people to know how to do a thing used with verbs only igua xa ɽe Idon t know how to say it gua LY to adulterate sgu anyↄ na he has adulterated this palm wine sgua oɽoka na he has adulterated the metal of this ring in both cases gua may
929,be,gue to cover with a lid g uwawa na n ikia weεti y L N cover this pot in order that the flies may not get into it to be covered uwa wa na gueɽe this pot is covered
930,guεεɽ,very small lame as
931,eyescryexε,e g in ↄ ɣede ne gieɽ banana
932,gaka,describes a certain way of sitting down used with tota used e g of a wvulture perching on a tree ↄti y uhu erha ghiki it has flown and perched on a tree In the case of a man sitting down it describes a huge big man sit ting down as if collapsing y gika very lean but not im plying tallness e g people who are lean on account of a disease stresses the leanness less than
933,kagukagfi,intensifies an impres sion of flexibility used with the verb voxo of the tail feather of a cock e g or the creeper ika J or the shrub unwerhi ta
934,gulugulu,deep of narrow holes such as uy egwi I wells or deep places in a river used with the verb ye g unu to keep quiet g un uε something like shutup a milder expression is gi ah εvE lit let hear word cf
935,gue,nwa
936,guozaa,describes the noise of falling trees when a farm is being made
937,guoↄve,ɽ to brush with some thing soft an Spovs or a brush or leaves to dust by shaking v baῦ J idiom giↄn eghe to shake body to turn brusquely round when addressed ↄgul ῦ egbe kpaↄ v igu εe gua he turned round brusquely when I was talking to him to wag the tail of a dog themanwhom the dogs greet in this way is object of the verb gwa to pull of a canoe also gw okd gwa gbera εzε to pull somebody across a river gwa y l lit t pull in it to join in puiling gwa y o Ny join in pulling to men sitting in the canoe without helping gw εze to cross a river by canoe gw ame given by N W Th with the same meaning was sald not to be used by A cf Yor wal gwa to dig gw εhe to make a yam heap or a heap for planting coco yam or gari cf Yor wa gwa to fit to be suitable of rooms gwWa ↄ it fits suits me in space we w eva agwa e
938,yi,do you think it say that room there will fit him i e that there will be enough room for him idiom Ogbe gw ihjwa Ogbe a quarter of Benin City does not fit Ih wa a name it is in tolerable e g in n uye na Ogbe vegw ih wa ɽm t what you are in now Ogbe will not fit Ih wa any more ve J to day the temper in which you are to day is be coming intolerable sc and I can no longer put up with it e g to a nagging wife gwa in gwa ehiε to scratch with nails or birds with their claws oxuo na gwa ehiε this woman scratched me v nyi gwa in gwa kpaↄ to get up gwal L to search ↄgwal en we he searched for the goat
939,gwalb,kua to dig some Rtrg out of a heap of similar things e g gwal isawswε kua he or it e g a fowl is searching digging out ground nuts cf gwa
940,gwe,to be with to be pos sessed by SEAL inya iro n igzaɽe ɽ J I have no yam to eat e day answer ↄswe def it is with me have some cf gu
941,gwe,q to know to be ac customed to something ↄgw ebe ghe much he is very clever to be a favourite of a wife or a servant ↄgwe Be ghe she is a great favourite with me but ↄgw εve gbe he knows how to talk well also gw obo gu obↄ to be intimately acquainted with igu obↄ ɽe I am vwvery well ac quainted with him ↄgu obↄ he is my special friend agu ob ↄdↄ ɽe she is the special friend of her hus band she is her husband s favourite wife cf gu gua L
942,gwe,to sacrifice to one s head during the igwe festival otherwise Eu uhudu is used At igwe a spedcial amen formula is used gua
943,sonyεε,otherwise isε gw ehe cf gwa gw ze cf gwa
944,gwezegwezg,entirely Egh Hist arhia mu ot gwε zEgwezε it is entirely spoilt gwi x to quarrel to be angry with somebody magbagwi we quarrelled with one another bgll Tε gwi he was angry with me i e a master with his servant to state one s case in court to litigate hence n ↄgwi litigant used in con c he knows book he is grumbling indistinctly also ↄgwi hahihd to drone of beetles mly gw obs cf gwe gw oka df Lmay L
945,gwa,to tremble to shiver agwo e he shivered v SOgWISIZWd b gwↄx ws qɽ to get or be broken of glass earthenware etc ugegbe na gwoyↄe this mirror is broken but can still be used w wu which means that it is now completely use less to break something gwdɣ uy egbe he broke the mirror
946,gyafaɽafafafa,loud de scribes the crying of an infant
947,gyεxegyeue,this yam has yielded very small fruit gba an auxiliary verb in dicating that the main action iIs done by several subjects to gether ifa gbaɽu εe they are doing it together g i a gbapu εe let us do it together gba to tie ↄgba B obↄ text only n ↄgwi w ifε Doↄ osEe h oo the litigant said he had awitness n ↄgu ῦa gwi he who quarrels with a man plaintiff n ↄti ↄῦa εↄ n agu gwi quarrelled defendant accused v n ati εɽ ε ↄ idiom gwi e z uw unu he is stating case of inside of mouth he with whom is he tied my hands gba gina to tie to igb ab enwan xεrhε ni gina ɽ egbe have tied the branch of that young oil palm xerhe to its body Also gba mu J gb ogba to make a fence a round something terat gbaloↄ i used with plural objects but in dgbal s obↄ it means he tied my hand several times round i c he bandaged my hand to stick together cf gha
948,gha,thoroughly of people only igba re ↄ a esi noO I know him thoroughly that he is a good man to be complete exa be n idu ikotu na gha na l o the chiefs attending this court are complete
949,gba,interjection used calling dogs same as sss
950,gbaa,level used with the verb in
951,ye,wide broad of bigger things than gbadaa e g of a river or pond cf gbodoo
952,gbadaa,wide broad used e g of a basin ↄvee ghadaa it is broad cf gbadaa
953,gbaghaagba,they became close friends texts Uke kevearhuapo rigid stiff ↄye gbagbaagba it isstiff sameasεgi avoxo it cannot be bent
954,gbayada,als c gbaɽa ada describes the fall of something having extremities e c the human body when thrown down in wrestling mu ε gb otↄ gbaraɣada throw him down gb as an encourage ment to wrestlers also ya gbe gbaraɣadal
955,gbakagbaka,big thick of plantains and teeth ↄ εdε na ye
956,gbakagbaka,wide used with the verb ye of ditches pits ponds and rivers indicates a stil wider degree than gbodoo l to know somebody gbe I to hit to flog to kill v also gbe ɽua Iterat abele Js agbel ifa hia and ↄgbel ifa hi a he killed them all to per form something esp a dance to dance to pick leaves from a tree to catch of a trap This verb is also used for various purposes its exact meaning being determined by a following noun or verb Ex amples of combinations with verbs gbe gin ots to hit against the ground e g when killing a snake and also in the meaning of to insult somebody who isill and in bed c agbegi
957,notↄ,miε lLit to hit and take something from somebody to seize something by force o gbe t miε oεre he seized it from me by force gbe mu ot to ruin somebody
958,gbe,ɽrua to kill gbe
959,yo,gbe re to turn OvVer and over to fumble d n eli yo gb εe re mada N he handled the thing fo and fro but he did not buy it the syllable gb εe is actually a fall not a low tone this could however not be shown here imafε v ↄgQua yagb en veε yo gb Qe re v eva I I don t know what he is talk ing about he is turning the matter over and ovwer there i e he is not talking to the point Combinations with nouns gb
960,akiyεyε,to make fun of somebody ya ivaLe gb
961,akiyeyε,I made fun of him or made a fool of him v gb iba gb akpa to be bald gb alama to valk about gossiping to interfere ugb alama gbe xari eke n nriz you gossp too much go towhere you are going or mu aɽ u L od ↄ w e L turn your face there get out v mi arale I gb aɽo xɣe to look after agb aɽo ɣe E he is look ing after me okpia na m obo gua gb aɽo ɣ e i n arhie nεf thie ῦe this man knows wvery well how to look after things given to him to keep gbe asa to whip ↄgb εv asa he whip ped him gb ebibi to dazzle onwe gb ebibi y ῦ aɽo v izeɣ ε e the sun dazzled my eyes when I had looked at it for some time gb edae y uhuῦu to malke a charm on the head to make a charm with beads that is tied to one s hair or applied to the beads it ensures long life used by the chief Esj gba gb eh to fish df igbehε ↄgbehε gb erh
962,erhε,to fell a tree by setting fire to it gb esa I abs la D to take somebody s side in a dispute without being concerned oneself agbh esa I ab lel Te he took his side and bowed him cf igbesa gb i na to sacrifice something to a god igh ei n ε ivi I KkLilled something for a juju gh exaxa to make a sign gb εbε to play the εbε state sword this is done by chiefs when saluting the dba at festivals ugie gb εhii pf to bg be hollowed out by some insect and thus made useless of corn and beans ↄka na gb εhu εyi gi are sokpa maxii ee n XIX hih al this corn is useless it is no longer edible unless we strip it off for the chickens gb εte to shoot at a target to have a shooting contest gi ayagb εte let us go and shoot at the target gb s εho S ho to let out something that was meant to be secret cf
963,ↄgbεveho,to make fun of a man ya gb iba v gb akiyεyε gb ogiε ↄy egb εɽe gb iba be is making fun of himself gb igiagia tostamp with the feet and clap hands to spur on and accompany masquerade dancers vw Jvia gb igiawε to step sgb igiawe lele o E L he marched behind me cf giεf owe gb iguma to pant grunt e g when carrying a heavy load ihe n ↄmu xua ɽe gbe t ↄɣigh iguma v ↄl oke la LONALLT the load he has taken i e he carries is too heavy for him he is panting climbing passing the hill gb igho to spin a top gb
964,iro,to ask pose a riddle for somebody na smu iro n igbe nε he guessed the riddle I asked him gb irhu to give shade gb ixiav to pound ocro gb it to make a rough clearing in the bush e c for a telegraph line v fie for farming purposes in volves a much more thorough clearing gb iyare to welcome in triumph a warrior returning from a war gb izε to form bake an izf gr rice cake round or oval ing mould gb ize me dε bake a rice cake for me to buw v ma gb obodo to pirouette gb obↄ y ↄbotidi to have an un lucky hand in handling some thing gbe oda to kick sgbe oda he kicked me man horse or cow gb ogiε to make fun to make fun of va gb ogiε v gb
965,akiyεyε,to bore a hole gb oki to perform oki also fi oki gb oroɣ o to spread mud on a timber track gb osiko to notch timber gb otↄ down Lt hit ground is used as second part of verbal combinations e g in erha ni de gb otↄ that tree fell down iɽa fi erha gb ot they cut trees down gb oxoxo giε b to burst with laughter lit to hit with one s knuckles and laugh gb ↄfb to become wet to be wet ukp oeD na gb ↄfↄ this my cloth is has become wet gb ↄkan abe to have a serious quarrel with some body idiomatic gb ↄrho to be muddy gb ↄvo to be jealous ↄgb ↄwo Te she is jealous of me gbe ↄvo to make somebody jealous edi n ufu nεD gbe ↄvo what you have done for her makes me jealous gb ubi to slap ↄgb ubi y ↄ ɽo he slapped my face gb ubi IR to make bholes for yam sticks with the pointed stick ubi gb ugbo to do farm work as one s occupation to be a farmer gb ugb ogi erha to play a certain children s game which consists in guessing things that are known to a few of the players only gb uke tostamp ones feet as in a special kind of dance uke ↄgbe na ɽa is he stamping uke there The na is used when the speaker can see the man gb umε to rub oneself with camwood which dyes the skin red this is e g done by the women members of
966,dwahε,at the ikpol ki festival and by men at the agwe new yam festival at the guae ↄ pb um ε n sxwahe she has rubbed herself with camwood for dxwahef gb uzε bu todance the UzEbu dance gbe is also used with the names of other dances e g gb akaba or gb ukpukpε to dance a war dance gbe a verb indicating that an action is performed intensively or extensively or that a certain state exists to a high degree much well always fol lowing the mainverb gw ob ifa
967,ghe,wε he is much well acquainted with them sgw ob ifa gbe sOme thing like he is always in their company The verbal character of gbe is shown by the different intonation in these two forms the Pf and ipf gbe x to be rotten aɽabe na gbe this meat is rotten so that only parts of it are eatable ↄgbe also means something like it is gone in the case of something that one takes without intending to return it e g from a debtor gbe to break of day εdε gbe day is breaking this sen tenceis als used as a name
968,gbe,r to cross to pass in
969,gbe,ra ↄgbe ra xiad v imi ↄε n owiε he was passing along when I saw him this morning gbe ra n ugεyɣive oε pass with out looking at me Also be sides ↄs ifa eha n ir eva gbe ra ve se there were three of them there besides him lit it reached them three Also used as second verb in verbal combinations imparting a motion across some thing mu vi to bar by putting something in across the way e g a to show that a certain plot has been chosen for clearing a farm it is done by putting two crossed planks on a small round cleared spot in the bush b to debar access to one s wife by using a medicine certain uudu n aya gbh oxuo medicine taken to cross a woman
970,gbe,odε to bar the road to bar one s way or plan uhudu n ↄgie re e B od eῦi n iteracu ɽe h the message which he w prevented me from doing the thing that was going to do to day gb
971,otae,xε to bar ground wait to put poison efua into somebody s path in order that he may contract a disease etc ↄgb otↄe x ↄɽe he poisoned the ground waited for r I him he put poison in his path fi x ε
972,gbε,x to cut off gb ifudvul he is cutting grass igb ↄε I cleaned it e g a coconut from the surrounding fibres to carve with an agbε agb ivi he is carving a coco nut to write in gb be lit to write leaf to write a book Ietter etc ↄgh be gil e he wrote to me do
973,ↄgbεbe,orhue to mark with chalk infants are marked with chalk from a few days after their birth up to the age of about seven months Iterat gb nε to mark the face with tattooings
974,gbi,to be blunt of a knife erm na gbi n uyalb ere O this knife is blunt so that you should go and sharpen it and come abε na feko gbi wε kwelo e yi this knife is getting blunt have you really sharpened it
975,gbidii,describes the sound of something heavy falling into water also that of a bather jumping flat into water w
976,gbividi,gbigbi to spread a rumour ita gbigbi ↄta ni xida lit they are spreading that story along cf ogbighi
977,gbigbigbi,describes a strong wind or a tornado the rushing of a river and knocking at the door oↄhoho gbigbighi there is a strong wind blowing
978,gbiɣidi,describes the sound of long but not heavy objects e firewood falling to the ground also that of a wrestler being dropped down by his partner ↄde gbi idi it fell e e the firewood w ghidii
979,gbimm,describes the sound of a gun going off in a room e g by accident gbina to fight way εgbina L D J don t you pl fight agw Tε gbina he fought with me cf ugbinave
980,ighbina,to wage war stronger than gbina gbina to seek shelter with somebody igbina a I seek shelter with you gb icudu cf gbε l
981,gbodoo,wide broad not as much as nyamajfa used of something that is extensive deep or long as well as roads rivers ponds and spaces ↄvεe
982,gbodoo,it is very wide cf gbodoo gbadaa
983,ghadaa,broad used of the full moon uki na vee gbodoo h the moon is very broad cf gbodoo
984,gbokoo,tall and a little stout of a human being used with
985,ye,to open cf gbo
986,doo,loud and clearly audible used with the wverb
987,gua,xe cf gbe I
988,gbb,to fell trees on a farming plot all in a heap while t means to fell single picked timber trees cf egbs gbↄ to bark of a dog or leopard wowowo gbↄ to cut a plant and re plant it also to take a cutting and plant it cf gbↄ w ko
989,gbohuit,tall and fat of a n human being verb ye v
990,gbokoo,looking a gape always implying foolishly and there fore worse than suifi
991,gbukegbuke,describes a smell like that of the seed of the
992,ekpekukpeku,tree out of which rat poison is prepared the smell causes a man to vomit verb wia
993,gbuuu,describes a smell like that of corn aka rotting in water as a preparation for
994,akasa,it smells like rotting corn a who interrogative ɣ aru e who did it ɣa nↄ who isit cf ɣ abi ↄna ɣ vaa an auxiliary verb in dicating the Future ↄ are he will come ↄɣaade probably he will come as reply to a question but also used in the Progressive asanwina he is working and in the Imperative ɣanwina work in the latter case the form with added ɣa was said to be used to a man who is a little way off while nwina was said to be used to a man near by to warm oneself in xa erhε to warm oneself at a fire x L an auxiliary verb used in conditional sentences with a low tone pronoun it in dicatesareal condition e Q ↄɣare if he comes with a high tone it is used in the apodosis of hypothetical clauses e g
995,ↄwɣare,he would have come i to cry at the slightest rebuke of children Ma to be dear expensive ↄɣAa
996,gbe,may your selling be dear a greeting to traders df Yor nwhb ɣabi ↄna who has borne the fifth generation of de scendants the last generation a man can see such as e g the long lived Azaka but whom he can no longer identify hence the name v iwu eyε ihiεhiε hr e sakpaɽεɣod i J
997,ɣae,to share to divide iɽa ɣa uzo they divided the antelope ifa y ae n edi they are sharing the thing nanaɣ a eῦi dividing things division in arith metic v voro ɣa ka ↄka D J to share turns to do a thing in turms oldↄkpa
998,ɣaka,the police changed reliefs
999,ɣiɣadxɣaa,very bhot of the weather dε n ɽε ɽu or ye
1000,ɣavaaxa,it is very hot to day
1001,xarao,a salutation used to wards chiefs at any time it may contain r mean ing something like may you be there and referring to long life v e doo
1002,xe,to look ↄɣe ve he is looking at me yU e l ga Ntolook around ↄRelεga egbe he looked around
1003,uyge,to look at a show u e usually a dance lare n imu ε
1004,ujqe,lit come that I may carry you to look at the dance to asmall child c ɣeɣe uge uzegbe
1005,xedve,particle used in the negative imperative and subjunctive ɣ Cu εe don t do it ɣεyo don t gol Re I to fornicate cf oɣ to feed occurs in dI xwahε song also in t urami egbe ya ɣ ↄre lit may you get body to take feed it may you be ft to bring it a child up properly a blessing given to a woman after delivery like m ↄ ↄ
1006,ɣewr,half way incompletely occurs in a proverb
1007,ɣevwexrεɽaɣewq,describes a stealthy way of walking like that of a spy with varying speed and frequent looking round oxia ɣEreɣεme εuep n he walks like a spy ɣi an auxiliary usea in several ways especially x following the auxiliary ke which links up facts and then ↄke
1008,ɣicucge,and he was doing it okeɣ iɽuU e and then he did it in temporal clauses ↄ Jis eva s D LY or when he had arrived there in the apodosis of a conditional period after a negation meaning no longer fɣiu εe he no longer does it c f Hu
1009,ɣidigidi,big of parts of the bodly like arms and calves o to be heard which is wrong ↄye j idig idi itis big
1010,vcivici,x describes a blazing fire erh ba x iriviri the fire blazes up wowowo J bhot mot as hot as
1011,giogiogio,it is very hot to circle of a hawk etc yodi ɣaɣ o yo ɣo re v od
1012,uxudu,to worship as a god also o εb cf eɣo ɣo l to live nomadically to haveno settled dwelling place as e g Hausa traders ↄɣo ɣo
1013,xia,he is leading a vagrant life cf ɣo r to make a feast eating feast deɣ uɣa y ↄ n ima dogu e nwina Lit if you will make an eating feast for it that we shall come andwork with you thenwe shall come if agricultural help is not paid for an eating feast is given to the helpers a agɣd e ɽε
1014,uxurhuxurhu,we have feasted to day in abund ance so that something had to remain cf wa eɣ to rejoice to be glad ax ↄ e he was glad ↄɣↄɣ
1015,yvↄ,bhe is glad about it cf ɣ xu a variant of the auxiliary jɣi used after the nd pers sgl e g uguɽu e youshoulddo it ɣ ugɣe d xe
1016,ha,x to bore a hole to pierce to penetrate to give a sudden start cf ha v
1017,fuɽa,to frighten okpia n ↄxia ni ha o mwa that man who is going there frightened ne just now con tinued ikefuɽa giɽi and I gave a sudden start cf hal ha to pay a debt also ha o sa oha en osa he always pays me the debt the ipf indicates that the payment is made continuously i e in rates ha ε to make a parcel of leaves e g food stuff that easily breaks into small crumbs as
1018,ize,to hide some object in a box in order to make somebody guess it as a test of his tele pathic gifts ↄha ibo y εfkpokina he put something secret into this leather box v sa ibo to tie iIn ha ema and ha inya to tie yams to the yam stack eru i e they are tied to the
1019,uga,which is part of eru n ema ha to stand sloping at an angle but not crooked in itself erha na ha this tree stands at an angle owa na ha this house hangs over Idiom ame or evae ha ῦε the water or food has gone the wrong way in drinking or eating i e into the windpipe ico ha ɽε thinking is at an angle with him he is em barrassed puzzled confused cf
1020,iba,hano to pick sort out e g good grains beans etc from a heap han ihete n ma v uw iheῦe na pick the good beans out of these beans
1021,haa,to be pregnant ↄtε ε
1022,hava,my ↄtε is preghant
1023,hawa,in hawa yo hawa re to be restless e g of a man who has lost something he to refuse he y otↄ to refuse somebody s company b to divorce ↄh εe y oto he refused his company b he divorced her
1024,he,y L Lt to refuse somebody in it same as fi y to leave in the lurch e g in a palaver he an auxilary verb in dicating that the main action is performed in spite of many obstacles or reluctance at last it seems to be used mostly with following v i but it is also found with ca l i e in the ingressive form ihe iɽu εe I have done it at last or after all iheraɽCu εe now at last I am going to do it when following ma the negative particle of the pf it means not yet he has not yet come
1025,he,eni to glve a name i e christen ↄhe ῦ eni also he he gave me a name m h εɽ eni v adabi ↄe it was I who gave him a name at the same time when he was born f iheni
1026,heuu,an exclamation of surprise
1027,heveheve,a bird whose cry mmahere is much heard but which never comes to the main road the cry is usually heard dying down or receding into the distance hε to carry many things v
1028,vid,in hε yo he re to breathe heavily cf hewε I hε a particle closing a sentence or clause opened by b how v uwa vie hε how have you pl slept v e aye hε what how is the timeX hε no mm εo
1029,hεhε,to level ground for the purpose of house building ↄhah ε bhe levelled it h h
1030,finu,to level mouth to come to an agreement or decision ifa hεh winu they have come to an agreement cf
1031,ihghunu,a variant of the verb
1032,feko,speak gently
1033,hbnεdε,safely easily h Roe of h l heawε to breathe ↄhεw gsese n ugε gi afiama fid a he breathes pro v so that you need not be afraid lit so that you must not allow pulse to beat you ↄhewe y ot hewe y uxudu x he is heavily draw ing breath down and up he is breathing with difficulty as e g a man suffering from asthma he wε to refrain from doing a certain thing hewε re don t do it lit something like leave off used when an order previously given is re voked hewε ɣew iyo stop don t go ↄtexia ix igu e gua ↄnah fwε he was about to go when I talked to him he then gave it up v ko εtq
1034,hi,to pray Osa and hi for one s well being during thenextreincarnation ari avehe occurs in a proverb cf ehi L s
1035,hi,x toclimb ihi oke I am climbing a hill ihi whu
1036,erha,I climbed up a tree of new moon to come out for the first time uki mahehi the moon has not yet come out to ride a horse ihi εsi I am riding a horse to show of tribal marks which stand up a little from the surrounding skin iwu gεɽe hifj his tribal marks show Idiom hi oha to give presents to one s superior also to the ba imuoha to the ba only zigwe wife to her husband man to his superior e g to the chief of the quarter exi n ixaya hi oha er iho na wN the things which I will take to present are the ones am looking for now
1037,hi,second part of verbal com binations implying the meaning away out of v mu hia to scrape hia erha na n ↄri gsese scrape this plank that it may be properly smooth hia kua to scrape off hia to try to keep up one s social position or one s health to struggle against diffi culties to strive one s utmost erhedε edi ↄyehia though he has nothing he is still trying to keep up appear ances uhia sε nε you have tried enough e g if one has been offered enough by a poor host or if somebody has tried to give help but without success hia to be bright and clean only used of something that has been washed ukp na hiiɽε this cloth is bright after being washed cf uhiave L hva v nwanwa
1038,nwa,to ask for a sacrifice by means of an oracle of a god v ese hie x to blow on a fire ↄhi
1039,erhε,he blew on the fire ahi g re be is blowing on it hie x to put a ceiling on a room but to roof is dↄ ε to ridge a roof hiehie also hiehieɽe and Egh Hist hieɽehieɽe NA at all ε r hiehie A there are none at all or he is not at all there
1040,hiε,to be prosperous wealthy ohiε ne sεse he is very prosperous
1041,hiε,x to deceive of charms
1042,hiεhiεhiε,describes a high and faint voice used with the verb
1043,gua,tall and fat same as
1044,gbbhuii,trembling of old people or nervous trembling used with the verb gwd not as strong as zεzεze
1045,hihiε,to upset w ni for a canoe ↄhihi ↄR n owiε l he upset it this morning hihiε to fail kua to upset so that the contents are thrown or poured out e g a bucket of water
1046,hiihii,misty only used of the mist in the early morning not of the mist during the harmattan which may last up to a m used with ɽu
1047,hio,to be proud in a bad sense zf is used in a good sense v ↄhio ba what is he proud of his r to urinate his to cut a straight line into something e g to slit the peel of a plantain in order to take it off more easily before roasting the plantain but to split through is va also in Lis iwu to mark the de signs of tattooings on the skin previous to the actual process in hiↄ o t to dig a grave
1048,hiↄɽↄ,to drag somebody on the ground v Uke keve arhuaɽo oshiaɽ ve L he dragged me along on the ground hisR to breathe heavily
1049,hidia,to swell obↄ E hiviaε o n my hand is swollen biats
1050,hmmmi,describes the noise of distant rainfall or of a distant waterfall amg rho hmmm it is raining far away
1051,ho,x to look for to want iho εre I wantit ho g eε to offend ↄaho εῦH he always offends me ho ε to love to like ↄho εvE h he likes me ho
1052,bekii,to look for something without finding it ↄho ε e bekii he looked for it but he could not find it to have sexual intercourse with is expressed by the direct ob ject
1053,hoho,to blow wind idiom hoh ot lit to blow the ground to dig a grave ifa yihoh otↄ ake imu ε y ↄ when they had dug a grave he was then put into it possibly also ifa ɣi
1054,hb,to lay eggs usually without
1055,ekε,the hen has laid an egg h ɽ to hear ihↄ ε v unu εɽ S I beard it from his mouth I heard it from him h εoε lit to hear word gi ah εoe let hear word shut up to understand sh εdo he understands Bim ih ε I understand it
1056,hs,x to wash hoLukp to wash clothes ha eto to wash one s hair idiom ho εzε to wash river a method of fishing v iewe to drink and bathe in blood as done by the chief dsa during a certain sacrifice to collect and mix mud in ho ekε same as ɽu ek also h gka
1057,hs,to grow of hair hii ede to grow grey hair to become old hↄ uro J also hε uro to be full of the moon df uro u ko ro vewae
1058,hↄῦε,to brush oneself or some thing as a means of purification e c after a breach of taboo hↄῦ egbe to purify oneself by brushing haῦ owa to purify a house hoↄῦ εvo to purify a village cf ihbvegbe l
1059,hu,X to foam ↄhu s ↄsↄ it is foaming a great deal
1060,hu,ekpa to make sick to nauseate e g a bad smell or taste not used metaphorically mu fua ↄhu ovV ekpa take it away for it makes me sick to grow quickly of a child
1061,hiui,to feel sleepy impersonal use ove hi e I feel sleepy
1062,hii,nwa to Dbe become quiet of children to stop crying ↄhiwi nwa he is quiet he has stopped crying v g unu h hua x to be become clean ukp na huaɽE this cloth is clean oko na hua gbe this fellow is very clean neat also hua ukp n bsma hua ɽ urhuaε it is a dirty cloth that you wear to be holy Orhi N ↄhuafε the Holy Ghost c hia A uhiave hua to make a sacrifice prepared with new yam as is done to every god at the end of the agwe
1063,hue,to swell owε n imu gb edi
1064,hueɽe,Lit my foot which I took to hit something is swollen cf uhuede v hivia hu ede c h
1065,huε,x to wake somebody up huε ε o d agbhe wake me up when day is breaking to restore somebody from a faint m hd ɽε v ↄkuoU ve it was I who restored him when he had fainted v rhiↄ
1066,huase,very deep and narrow e g of a ditch or of a narrow passage through the bush the entrance of which is like a hole e g an ega ifi used with
1067,e,to have a surfeit to have too much of a good thing shiihii e I am sick of the sight of it vw a
1068,huhdhiw,describes an in distinct muttering or grumbling used with the verb gwi
1069,hizshiihii,describes a bad smell like that of a dead rat e g used with the verb wia v
1070,zuzuzu,huɽↄ huumd describes an extremely lazy way of walking as well as a dull appearance generally used e g with the verb
1071,xia,conjunctive pronoun of the Ist pers sgl
1072,iiε,describes the cry of the monkey ogi the i is rather open the second one very high in pitch and the last one very low ↄtu ii he is crying of an ogi monkey v am
1073,mmm,x fumbling about e g with food when without ap petite ib ε a difficult palaver i e one full of contra dicting statements making fun of somebody v gbe r gb ogie
1074,iba,mud bench or niche serving as a couch iba ofe
1075,ibaaɽe,mud benches in front of the house beside the door iba εriε couch un der the eaves at od εriε the women s apartment ibaaɽu efivi aro D n niches containing the ancestors shrines viz ibaafu erha niche of the father s shrine and iba aru iye niche of the mother s shrine
1076,ibaba,bracelet worn by princesses v uvi J
1077,ibaema,planting small yam poles εɣε cf ba I
1078,ema,
1079,ibaigha,sticking in a thorn act of proclaiming a woman as the ba s wife or a boy as ↄmada For merly the people of the ba s household could proclaim any attractive woman even though married to be an oloi in the da s harem By the words of this proclamation she was fixed to the spot where she stood or went then a cloth was brought from her home and she was led to the guae c ba
1080,igha,bunting game in surrounded areas of the forest v ukp ku ibaleghe quick temper rage cf balb egbe w
1081,owowo,ibalegbe sgl ↄ age group among Jxwahε members corre sponding to iɽo ae cdf ibalegbe ibafo ibaaɽo great suffer ing Prayer book p cf ba aɽwo
1082,ibata,shoe boot ibat ame rain boot ibat obↄ glove lit hand shoe worn by Yvwia masqueraders cf Yor bata Port bota
1083,ibi,charco al soot ibi axe soot of pot ibi biw gbe v egb axe na soot is very much on the body of this pot this pot is very sooty v axw awa
1084,ibig,x intestines tyre of a bicycle ib ikεke ibig r X young people servants The word has been found only as part of the following words ibi ruɣa ibi εric a gang of men cleaning the grass at the eri ibi ukoni and possibly
1085,ixibieriε,a secret language used by the members of the Iwebo society Said to contain many Portuguese words
1086,ibiedo,son of a slave i e himself a slave cf ibicka
1087,ibieka,pl sgl ↄvoxa small children servants wives people over whom one has full right ibick iy ↄba the maids of Iyↄba the dba s mother she gives them in marriage and receives the bride price for them of ibiε ibirruɣ a young people in the chamber young men in service at the guae some of them being emada sgI ↄ who hawe been clothed i e finished their time as mada some of them not They are the younger members of Iw εguae Iw ebo and Ibiwe N d ef ibie lre x J usa
1088,ibiiki,brick mile stone mile Eng ibi ukoni pl also used as sgl idiomatic expression for
1089,olei,cook and helpers in the kitchen generally some chiefs have three or four people working in the kitchen pound ing fufu cooking etc cf ibiε ukoni
1090,ibiwe,societies forming the ba s household it was instituted by the dba Ehεgbuda and it takes care of the Eriε the ha rem Part of the members comes from the maternal family of the dba its senior chiefs are Osodi and Inf In Ibiwe the ivueriε are the youngest age grade v iw
1091,ibobo,a thin skin not as strong as ikpakpa ibob ehε skin of a fish but ikpakp
1092,ehε,scales ibob inya yam peel but ikpakp inya is used for yam peel with some yam adhering to it Ju abol ibob erha y eva na bolo who peeled the bark of the tree at this spot
1093,ibowa,building a house or houses cf bs x owa
1094,ibskpo,tent ibↄkp oha bush tent camp tent ibↄkp imuε mosquitonet c f Yor
1095,ibakpo,a tree Conopharyngia pachysiphon and pendulifiora ibu n ↄmwsεe male ibu fruit a ilittle smaller than a tennis ball watery latex ibu n aῦe female ibu fruit a little smaller than a foot ball milky latex The corre spondence of the Latin names is unknown both are used for medical purposes
1096,ibu,confession of adultery as made by a womanl c bu o one of the three Bark and fruit of
1097,ibude,advice cf bu
1098,ude,day fixed for some thing appointment cf bu
1099,rdε,judgment c bu
1100,ohiε,a drum accompanying the dba s footsteps and also used by chiefs when going to an ugie as well as by the inhabitants of the Ezↄmq s quarter
1101,uzεbu,when dancing the
1102,uzzbu,dance it has a skin on one end only this is secured by strings fastened to the other end
1103,idabo,act of stretching hands out St Mark iv cf da
1104,obo,a guess mu I
1105,idagbo,an open space ya ta ε y dagho v odↄ go and spread it a cloth on an open place there i e for drying it
1106,idase,mischievous playing about by boys e g playing with a trap and letting it fall for nothing or playing with something breakable or carry ing a load at the side of his head oxi uhudvu J v z
1107,idavehs,act of listening Akugbe cf da ε ebↄ ida wε x heel ida w est a heel hoof of horse b a kind of grass Bryophylum pinnatum used by women as a medicine for securing easy de livery ida alone is used with the possessive pronoun ida fε its hoof cf oda owe v be l
1108,idegbe,unbetrothed girl v bε
1109,idedi,buyers of things a gang of the dba s belonging to the Ibiwe society They go about the country requisition Ing food for the Eguae against payment Formerly this payment is said to have been very small cf dε eῦi id E a knife used in the kitchen andin other house work same as e L R fig
1110,idi,grave cf f id
1111,idibo,name of a Bini village seat of an Jxwah shrine
1112,ido,x loom v abↄkpↄ r
1113,ihue,do the spider has woven a cobweb
1114,idobo,r hindrance ob stacle disturbance emu ldobo gW wε v ehe n iye do not put ob stacles to in front of me at the place where I am do not disturb me at my house
1115,idodia,or I stand secretly a very small snake blue black with a white spot at each side of the head it lies coiled up and does not move much and runs away when touched bites when trodden upon very poisonous cf do dia v enyε
1116,idola,florin cf English dollar
1117,idu,wild dove it has a brown back and shining wing feathers it is believed to use these feathers as a mirror in order to see whether anybody is fol lowing it probably because it pushes its head forward at every step looking sideways a dif ferent kind is idu εgbho dove of the forest it is bigger BDL than the preceding and brown all over
1118,idugba,dancers with rattles ekasa on their feet dancing ugba cf d ugba Idu ivi otↄ name of a sib lit quarter of the children of the ground its headman is chief Edↄhε one of the members of the Uzama This name is also applied to two quarters of Benin City which they inhabit on the road leading to Sapele and be hind Uzebu on the road leading to kεhua Their greeting is la idu cf idudm l v εgber
1119,iduu,quarterofa town the quarters are usually somewhat separate from each other and each one is constituted like a separatevillage d iduῦu n udia v oɽ εdo at which quarter do you live at Benin City idi ↄgwa n ogbe ya I live at gwa Nogbe a subdivision of the quarter of
1120,ogbe,arrow ifLῦ uh ibs arrow for a bow feather ed ifev Ekpede arrow for a cross bow directed by a leaf on the arrow ife ikeke orm ifε ow ikεke ul spoke of a bicycle wheel ifeS agwe rib s
1121,ifi,trap general term
1122,ifie,x act of clearing a spot in the bush with matchets from undergrowth previous to burn Ing it and felling the big trees on it v gbo ifie ni fo ndf ra listhat clearing finished a place thus cleared of
1123,fie,planting of ikp si poles cf fi l emaz
1124,ifieto,pl a band of people dancing naked at various ugies they wear their hair in small plaits cf fi l eto l
1125,ifub,x wing of any flying animal if ehε fin of a fish ifw ar eye lash es
1126,iga,feather ig dɣ oh with a n like glide after the g an eagle feather
1127,igacawa,Dbucket c Yor
1128,garawa,cassava as plant and sifted as food v ebↄbↄzi The more modern kind is cassava fufu may be mixed with yam the cassava is kept in water for a fortnight then thoroughly washed pounded in a mortar rolled in balls and drie near a fire The black crust is then scraped off whereupon it is cooked and pounded once more cf Hausa gaɽ i l Yor
1129,gari,fetters for the feet
1130,igedu,any timber tree timber igedu n ohs a big timber tree Entandrophragma septentrionale macrophyllum and ederi cf Yor gedu v ohoↄ igE ε small branch igEg erha na nya fua a branch of this tree has split off
1131,igiagia,excited singing cry ing and clapping hands as encouragement of masquerade dancing and wrestling v ghe yagbe
1132,igie,r main principal part of something corner xo xo igi owa corner of a house outside corner also igi
1133,ekε,x comparing things comparison v igieUi in comparison Akugbe The thing with which the comparison is made stands in the genitive notice reminder y ↄna Lu igiesi Ue n ima gba ta ni g h lit f take this to make comparison of that matter about which we spoke to gether take this as a reminder of what we spoke about cf gie edi ugie ε v wu
1134,igim,stamping with feet in dancing stronger than uke igi awe footstep not stamp
1135,igitnε,chest part of body not so common as ε wee ↄpb ekpa y ↄῦ igiεnε he struck my chest in boxing
1136,igiodε,guidance cf gie I
1137,ode,water yam a kind of white yam v ema
1138,igiadu,authorization orh igiodu ne ya ru εe he authorized him to do it cf
1139,gie,a village situated on the road leading to Uyx t about ten miles from Benin there the Portuguese entered an Olokii priest lives there and there is a market as well
1140,igobele,a tall glass or glass jug for wine or water about twice as tall as ekalaka h Ds o Engl goblet v
1141,egalahi,outstanding vein like parts of tree buttress
1142,igagb,corner ↄtul mu I igoga ni he ran round passed la that corner v xoxo
1143,igii,was also given its head is chief dbasogie and its centre the brass smiths quarter at Benin City cf ogui I v ε bεe
1144,igue,bush village igue n uwa ye ni gmose the village where you live are is not nice looking
1145,igugguε,tickling idiom iguεg Uiw egbe tickling of inside of body secret enmity manifested by intrigues telling lies about one s enemy etc v so r
1146,iguma,a grunt panting v gbe
1147,igunwagwe,vilage igue of chief Unwagweε name of a Bini village seat of an
1148,dxwahe,shrine
1149,igwabↄ,manual skill espec in wrestling and games but not in manual work v εr igwab aɽe xwamu ε gh otↄ if it had not been for his skill he would have knocked him down cf gwε obↄ
1150,igwedi,r knowledge igwedi ar εti knowledgeis power skill in working e g in carving carpentering etc but not only manual skill e g it is used of a teacher as well cf gwe eῦi v igwab i edi gwe I knee igwε tolb vE my knee is itching me in Bini ↄy ↄr igwe jyi D it brought him to his knees e Q said of an offence for which the wrongdoer must beg forgiveness on his knees igu
1151,aba,knee of arm elbow igw εwe goat s knee a shrub its leaves are used N W Th to smooth newly made clay pots cf εwe igwe the time when the annual sacrifices to the head uhudgu are made between September and November there S no special word for the dba s igwe ε ɣε n agbhↄ hia ya nhid S ɣ ukpo er ati εɽ igwe e c the time every body all the world takes to sacrifice ɽu to the head annually s L ukpo it is what is called igwe cf gwe
1152,igwomore,first servants of a newly crowned dba the servants he had as Edaikε were formerly banished from the country or kiled in the supposition that they would not respect him sufficiently as king having seen him as a boy or young man cf ↄmo rez
1153,igha,time in connection with numerals only and with the particular meaning of time found in this connection igba
1154,va,twice igba ha thrice igha nε four times igha sE hive times igba gbe ten times igba ugie twenty times igbu vi is hundred times ilu gba how often cf Yor igba
1155,igha,x thorn iy uw oha ɽe igba keso v owε L h went to bush to day and a thorn got stuck in my foot ighb hε spine of a fish act of proclaiming a woman as the dba s wife same as ibaighai Igba I mame of the Jamieson River z goddess of the Jamieson River an ih ε m
1156,igbaniherha,lt thorns that are pierced by wood a group of about six people appearing at orhu the day when the dba s mother prepares food for the dead left unprovided at eho and perform a feat of piercing their cheeks with a piece of wood This has not been done recently cf ha
1157,erha,Igb t Idumeru
1158,iduminweε,and one more Thenames beginning with Idum have in BiIni the form du ef idudu quarter
1159,igbama,adult young man s age but not an otu age group the number of years seems not to be in any way definite was glven once and or at another time gkpo n inar ighamal when at the time when I was a young man igbesadva
1160,igbanja,a kind of kola with broad leaves introduced by the Hausa people also εve igabari The shows that the word is of foreign origin w εveEe
1161,igbaɽoɣεvo,looking aitor the country administration in modern use cf gbe r aɽo l ɣe εvo ighe b ten igbe nya iy isE o
1162,igbedia,a kind of material velvet
1163,igbeh,x fishing mar igbehε L A we are going a fishing pl of ↄgbeh cf gbe I l eb ↄgbeh
1164,igbhemaba,band of cala bash drummers v emabal serving the dba or a chief cf gbe
1165,igberagia,prostitute
1166,igbesa,pl supporters of a party in a palaver partisans cf gbe esa a working gang of the ba s wood and bone carvers cf gb esapa l
1167,ighi,second yam grown when the first fruit has been cut off it is mostly small and uneven and is used for seed yam only is called igbi before sowing cf Yor gbi v iw ema kpε
1168,igbiha,an Ishan speaking village twelve miles from Igbak
1169,ighina,fighting fight strug gle cf gbina r
1170,igho,a top toy it is mostly played with during the dry season
1171,igbo,r echo inter ference in gb igho to inter fere cf gbe r
1172,igbogiε,making fun jest if gbe ogir igboɽo ɣo workers in timber areas who collect mud oɽoɣo D and spread it on the track o over which the logs are hauled potto potto boys cf gbe l oro o
1173,igbosiko,pl gang of timber workers who square the logs cf gbe osiko
1174,igh,lower leg shin and calves
1175,ighs,the Ibo people
1176,ighawo,jealousy cf gbh ↄvwo b
1177,igbu,a big covering cloth for men bigger than εkii oxuo
1178,ighume,sgl women wor shippers of the god Oxwahe lit camwood rubbers igbume waxi ra are you followers of dDxwahε e Q when hearing women sing an dxwahs song cf gbe ume
1179,igbuzzbu,l uzεzbu dan cers the uzBbu dance is danced by inhabitants of the quarter that bears the same name i e the Ez my s people it is danced backwards and accompanied on the ida drum v gbe g l
1180,izha,the Igara country Idah cf Iyamix d
1181,ige,m that introducing a sentence as object imie ɣ ↄre I saw that he had come namely I mean or un translated introduces a noun added at the end of the sentence as an explanation of a preced
1182,iyeua,he had miε a law suit last year this boy gɣ a njↄ ɣ owa na D whose is it this house cf ɣe
1183,izede,doctor s drum of narrow circumference both sides are covered with snake skin viper two of them are tied together alternately beaten by hand below low tone and above high tone Native doctors with the exception of the Ogwsga diviner have it and also the priests of Osh w ↄbo ema z tyene f molar teeth cf izo osuaks a small bell worn on the head by women priests cf ariys ɣa i y xued touch me not trigger of a trap cf xue v
1184,ufa,pl female servants at the riε the ba s harem cf ibie Erie r igyimi axiε I shall not see mourning a tree Ietrapleura lelraptera bears three cornered pods which are used as a medi cine against cough A widow mourning for her husband and also a widower must hold a pod of this tree to which a miniature bow and arrow as well as the grass aya v ihↄῦegbe ihoGεvo are tied wherever she goes whether in the house or to the backyard latrine because these things are taboo for dead people and will prevent her husband s spirit from approaching her in dreams or visions and thus possibly causing her illness The not in the name is perhaps a euphem ismdue tothefear of pronouncing a sentence with a sinister mean ing cf miε axiε
1185,izivieko,I do not sleep on the stomach another name for ulεko a medicine securing easy delivery the child is supposed to be asleep on its stomach in the womb when there are difficulties in the delivery cf vig εko RuL i o I money ix ehaya rent also i owa house money and iɣo n ahae y owa n adi a money paid for the house where one lives iyɣ ekweku money received unduly i e by black mail or false pretences i
1186,emombↄ,loan also iɣo n amdↄmpmε money that has been lent v ↄdε kuε ixy ev aɽe money given to enable servants to buy food for themselves chop money ixy ibowa cost of house building also i owa v above ig irhioxuo sum paid to wife s family when marrying dowry also iɣo n aya rhi oxuo money used to take a wife an older and more usual way of saying it ugadε ig isu interest on a loan iɣ itirzo summons fee also i o n aya ti εz money used to call alaw suit an older and more usual way of saying it ig otu membership fee of a club or society ix uhuvu head money tax taken from each head of the population also iyo n aya white money iyxobioye g o I ↄmivus ha a s uhudu ha osa money taken to pay debt of head i uhud εki Hpman o money of head start of market trading capital ixo n afi va ik d money which one cuts a man oft fine igo n ↄba red money gold alloy izo n ↄfua silver cf Io ego Yor owo ukp oy o ivobioye I ivo z milk teeth v zε
1187,ixehe,horn i o D r flight of a bird igb ox oh y igo n owi Lr shot an eagle in flight this morning to day selling goods going around in the streets or the market with the atεtε on the head or hold ing it hawking contrast atε Amazioya domu ize n ↄfua na ɣ ari yO me Amazioya a woman s name come and take these crayfish to a go hawking for me idiom great ex penses Akugbe ivobioye uwalo y ↄ if ig D a lot of money it is that you have wasted on it lo wa indicates surprise cf i o x smoke i oɣ iso smoke of the sky cloud ixYod iso lε yolε re AN the clouds are running to and fro the clouds are moving over the sky an Igara man pos sibly also used for an Igbira man another variant is Egv mi cf I a J
1188,iha,pit into which victims of sacrifices were thrown
1189,iha,oracle cf Yor ifa
1190,iha,the wrong way of doing something e g s am iha he scooped water turning the opening of the calabash down stream lit he scooped water of the wrong way this water according to custom is not drunk but only used as an ingredient of a medicine agalnst barrenness ↄgba ɽr iha he tied it in the wrong way e g when making a bundle of yams sbu εɽ iha he decided it a law suit wrongly
1191,ihama,a chief hereditary title member of the Uzama senior of the Ihogbe one section of the Umog i ba s family he attends to the dba s ancestral shrines of the paternal side he also repre sents Ihogbe at the burial of an dba v okorɽo
1192,ihana,simple sacrifice made to one s father as sub stitute for ehs big annual feast of sacrificing to one s father is a sign of poverty or else done in the interreghum between the death of an dba and the coronation of his successor formula said when taking the first mouthful of food when sacrificed to onef father wv
1193,slema,pick the empty husks which are among these beans and throw them away empty gums of infants ↄyoxa na y therhe wo s enwe this child has taken its gums and pressed my breasts i e sucked at my breasts
1194,ihe,load ihe xuaa ῦe the load is too heavy for me ih aɣ miowo load of mat axh of meat dried meat wrapped in a mat up to a short time ago meat was carried in this way to the dba and to chiefs by hunters making a present of part of their kill v imuoha this is said to be done still in the bush the nasalisa tion mark on the e indicates a nasalised glide only ih ↄka a load of corn maize cf hε
1195,iha,a deity whose shrines are believed to have been in stituted by the deity itself the ih s mostly correspond to rivers and are believed to have been human beings who transformed themselves into those rivers contrast gbↄ any Juuv constructed by men cf ohε oath v vE curse
1196,ihe,place spot used in con nection with numerals only ih eva ih ebha ih end ib isE ih ha at two three places etc ih eso some part cf ehe
1197,iheni,act of giving a name to a child cf he eni
1198,iherhe,x bean or corn husks the contents of which v tie
1199,ihehtinu,unanimous de cision cf h hz unu ihe ε D x beans ayam inya kpalo y ihe ε ni ɽ yi miε can we get yam to peel for those beans to day ie to eat together with the beans u bie kid neys probably because of their shape if there is a need for differentiation iheῦ aɽave animal kidney is used ihi actions forbidden to women as indecent and thus forming part of awua e g omission of washing the feet after re turning from the backyard i e latrine After a breach of this rule e g the house as well as the offender must be purified with a chicken w ihↄῦegbe D and a sacrifice of kola nuts be made to the father shrine erha cf ubi
1200,ihi,mucus from nose cf t thi z
1201,ihiaya,also ehia a L ear of corn small things such as
1202,groro,priests also wear ihiaya
1203,ihiexe,a tree Myrianthus arborewuts used as ingredients of a soup
1204,ihiehie,a black bean it grows very slowly until the creeper has side branches after which it grows more quickly it is among the Ezↄmy s taboos
1205,ihiz,pl ehiε finger nail ihi aɽa e claw ihi hi third generation of children grand grand children a praise word ihi hiε n ogi ↄmy the third generation the principal one of children because it is the last generation of children and grand children tips of the leaves are a man can live to see v iwu ey ihi loofah used as a sponge ɣay ihi Bε na xuε yi who has washed himself with this my loofah
1206,ibiɽi,nine ihiɽ seven ihif an age group at the
1207,dvia,society next in age to the edi dvia
1208,iho,companions of the same
1209,otu,age group equals iho ba wxi you are of my Lit Our otu ava ɽ iho a I who are your company equals v ave ɣa iho a same meaning would express contempt and be wused to a junior boy ih egbe T body companion companion or companions of the same otu equals ih egbe mav ↄɽe i companions we and he are he and I are of the same otu iho av arhuaɽa equals of ArhuaQa herees of the strength of Arhuaa N v ave There are seven of these heroes among them IdxRu ↄBvo N igwisi GbↄbJarhua N oxuvu Nekirizidi N ogbelaka deputy in business office family affairs etc iya e z ihegbe ikekpac N I took bhim and chose him as my representative before I left v odayi
1210,ihogbe,part of the family of the dba Umogi D their quarter lies on the right side of the old Siluko road starting from idu ibiwe
1211,ihoi,empty vain eῦ ihoi e ihoi uɽLu or er uQu empty things empty
1212,things,brushing body purification of oneself after a breach of taboo This consists in a complicated process of brush ing one s head with a chicken certain leaves aya eb
1213,ixivi,brushing town village purification of a village or town This was in Benin City performed by mem bers of the a ba s household and in villages it is done by a man appointed by the ↄdi were They took a man dog goat and fowl tied branches of a palm the ixivi tree and the shrub aya to them and dragged them round the town Then they prepared afↄ splashed it on the roads on sald ↄ fu re it is cool peaceful absolved Dogs are nowadays used for the purpose and in bush villages chickens cf have εvo v ih eghe iha owa I
1214,ihogowa,brushing house purification of a house with a chicken e g after the breach of a taboo cf hↄ ε owa v ihbↄdegbe ihↄ evo
1215,ihu,foam cf hu ihua g song ihua n aya gbe a song that is taken to dance dancing song and spe cialised ihua n aya gb ohoU o or Ohoyo song ihua n aya gb ukpukpε Ukpukpε song There are many songs for every special dance ihua n aya x kuo war song ihua n aya ri ek mud treading song Constructions with a following genitive are also used ihi iX kuo song of warfare ihf iyokuo warrors song ihua act of making a sacri fice of new yam to one s gods at the end of the agws c
1216,hua,nose v fia
1217,ihue,woof crossing the warp on a loom
1218,ihihii,areed which together with itadita D forms the udd in the creek area ihiihii muma y e na spwakwegi ala ɽ o h the sudd has en congested in this river will it enable wus to pass to day cf ohiihdi
1219,ihufu,a worm which boys are liable to be infected with when playing in the mud during the wet season It makes toes and soles itch and causes small swellings guinea worm Pvoxa na k uw ame la dia n ihuɽu ɣeEri sLome ke hallo boy get out of the rain water that ihuguw may not eat your foot v ilzolo
1220,ihutu,millipede idiom v uag xia rhurhurhu v ihuovu why are you groping about like a mitived v
1221,ogie,a big fish with teeth like those of a dog of Jekri origin g
1222,iieche,n name of a village Jesse its population consists of Sobo people the name is not of Bini origin ika a small sized variety of ivi urhu coral necklace for chiefs the thread on which it is strung up is ik eni an elephant s tail hair nowadays red copper wire ika spur of a cock
1223,ika,x a creeper Eremospatha macrocarpa cane used for bow strings and for tying things bow string ik ni whip of elephant s tail the hair of which is used as thread for coral necklaces and anklets cf Yor ika ikadelε forked pole e Q in ikad l enε the fourpoles a praise name of the edi n enε the village elders
1224,ikaerha,notching trees a timbermen s expression cf kae erha
1225,ikaxɣa,also ekagɣ a x bridle said to be used to denote as well gag v uxu
1226,ikaw,lighter sort of potash saltpetre cf Hausa kanwa l v odo
1227,ike,log ik erha Ilo of wood
1228,ikebe,buttocks wv itotaya orrl
1229,ikeferi,heathen pagan re cent word used by Christians aru bo is better cf Yor keferi Hausa kafiri
1230,ikewu,three stones serving as pot rest each one is called ikewu
1231,ikedε,El day counter a word occurring in a song v
1232,ifuedeε,Qo
1233,ikega,x wrist same as urhu abↄ ananklet of cowries which is worshipped as
1234,obↄ,hand arm women keep it on their atεte tray for carrying merchandise in order to prevent things being stolen and for quick sale men havea carved stool like uxwerhe with a hand carved at one corner and put their ikega on this pointed hand the whole is called their Ob the sacred object representing their hand
1235,ikeke,bicycle ikeke n itemu ri ehe n ow r h Jↄsaɽe v odε Biv the bicycle which I was taking to go to some place this morning of to day it burst on the way cf Yor keke v owa
1236,ibic,rest from work df ke r ei ikia conclusion result w ke ikia squandering pro digality a urse ikia ɽaha a maysquandering seduce you may you be a squanderer used by a big man towards a small one v ha
1237,ikia,fly an idiom erha a Iε n kia na your father has escaped run from the flies your father has died used as a euphemism by old people fiya
1238,ikiewua,waking the Oba ceremonially by imitating the crow of the cock cf kie
1239,ewua,planting timber afforestation cf ka igεdu win
1240,ikilukpaf,sleepiness of a pregnant woman it is also said to befall husbands of pregnant women a word of abuse when seeing somebody sitting drow sily ikilukpaf gb uε D are you suffering of ikilukpafZ cf ukpafε
1241,ikiaxo,x o
1242,iko,meeting ikko na gbae ɽd this meeting is full to day cf Yor ko
1243,ikolo,an earth worm used as a bait in fishing cf Yor ekolo v ikpε
1244,ikofo,a broad brass armlet worn by chiefs at ugies it covers part of the lower arm
1245,ikofoba,pail for drawing water cf Yor koroba
1246,iko,open opponent enemy adversary ik ↄῦa one s enemy v εre xa o ia
1247,ikabs,penny cf Eng l copper Yor kaba iku z rubbish dead leaves dirt iku inya yam peel ings iku erha young trees and shrubs pus iku r ↄc εtε pus is in his sore iku ye tigitii y ↄɽ aɽu fte rgy pus is twisted spread over the surface of his sore iku gmeneral term for games including dances cf
1248,ku,ikit bundle always followed by a genitive mu ikiiLinya ni lele e zade t take that bundle of yams and follow me along coming ikii ofibi y corpse tied up for burial also ikeli axε d kii L r or
1249,ikiui,a type of room in Bini houses containing a hollow on the floor called ukpafε into which the rain water flows from an open space in the roof v Roman atrium and piscina the various shrines of the ancestors and the powers wor shipped by the family are found each in one ikuw So there is an ikii n aɽu erha iki of the father s shrine and an ikil n aɽu iye iki of the mother s shrine The former is the first ikii ikQ n ug ore l le the ikw of the outside uJ a L the latter the second ikii ikii n ↄk adese ke the middle ikii The third ikdi is that of Olokii ikwi n aɽu olokii it is always long and narrow and may contain an e odo or ukpafε which is the same not all houses seem to possess it but in former times every house is said to have had one The third ikii is the last one of those to be found in the houses of ordinary people It is then their private ikii iki n od uw owal ikii of the inside of the house and will in that case not contain the Dlokii shrine which will be kept at od εrie The father s and mother s shrines must if pos sible not be kept in the same ikii therefore m a house has only one ikw besides the private apartments the mother s shrine is in the ukp ube i ec in an
1250,bsgwa,opening into the room containing the εJɣod εriε or else the two shrines though in the same iki are kept on different ibas There is
1251,ikiegbemu,wrinkles
1252,ikpata,are grouped which open into the ikiis Rich people have an ikii n a u ogii iki of the OgJi shrine a narrow one between the first and the second iku Poorer people have their Ogii shrine opposite the mother s shrine and the arm Ob above Ogii For
1253,osii,and εgii
1254,uhudu,tying body oneself and taking contrition Akugbe cf kui x aQu ↄre broken biin ikuεkuε bino his face is wrinkled lit in wrinkles
1255,ikpakpa,skin a thicker one than ibobo ikpakp egbe skin of body ikpakp
1256,erha,bark of tree ikpakp
1257,ↄwεde,plantain peel ikp akp eh scales of fish ikpakpal a wild bean edible evil spirits living on or near the roads believed to be able to seize one s wife or children by means of a fatal disease or an accident sacrifices are given to them at uprooted trees where they are supposed to live the sacrifice is put in a bag together with a viper s skin and suspended from a root of the tree way layers g z
1258,ikpema,floor of house cf
1259,owe,ikpaye marauders fol lowers of chiefs on their errands for the ba in former days pillaging the villages visited Idiom ikpay cre gbe v aksↄ si v ihue his marau ders have struck like teeth and drawn like nose i e they have selzed many things and carried them off
1260,ikpe,name of a Bini village seat of an dIxwahe shrine
1261,ikpekperu,an edible kind of mushroom found on ogwe fallen trees s l band of drummers a gang of the dba s cf kpe I ema ikp ma act of digging yams cf kpε ema
1262,ikpexie,a white bean similar to eɽe
1263,ikpezikε,pl sgl a band of the dba s horn and calabash trumpet blowers some big chiefs have them as well they are not identical with the ikporhu or ikpakahε l cf kpe
1264,ezkε,red yam sub species oli
1265,mehi,x Seed grain ikp exae grains of sand a ew phemism for smallpox edifi l ikp ogi or fruit of a certain creeper ogi it is in the shape of a ball and contains grains that are used in making evarie native butter and in unwogE soup The grains that have been ground and cooked are wrapped in leaves There are two sorts of ikp ogi ax and isrh egEWE bay d a similar plant is erherhe ikp oɽu cotton seed used for soups appetizng ikp ovux s eed of he goat ikpehere faeces akind of pepper the grains are said to reach the size of tomatoes not as hot as akpↄkↄ and ghiε n exwa ikp ↄka a grain of maize ikp uko calabash seed used as a sub stitute for ikp ogi In unwd dε soup a single piece or single pieces of something round and thus similar to a seed or grain ikp εdi single palm nut or nuts v uhud εdi dpwi bunch of palm nuts ikp
1266,gvre,a piece of kola i e one whole kola ikp tour whole kolas this is the present given to a visitor as a sign of friendship ikp ixo single cowries sing w ukp o ɣ l ikp okuta gravel pebbles found on the shrines of gods e on those of dx wabhe dvia and Osoj o They are then called ikp εb or ikp ih They cover the dais on which the altar stands sacrifices are made over them and the blood running on the pebbles gives them power to fulfl prayers They are used when cursing people in that the man who utters a curse spits over a pebble and also in blessing when the speaker of the blessing blows over them faeces v ikp ovux ikp iolo faeces of earthworm uncircumcised penis ikp ↄxode faeces of worm prickly heat swelling caused by eating too much sugar cane or by scratching oneself v likpa
1267,likpa,date cf εds ilpe p
1268,ikpεkete,drmmmors placed behind the dba while he sits or stands at an ugie
1269,ikpekpε,cemetery a curse ikpekpε uɽavie may you sleep on the cemetery i c may you not grow very old since old people who had their own house and did not live in their father s or relative s house were buried at their house
1270,ikpesi,big yam pole they are used in the proportion of one ikpesi to three or four εɣ ε small yam poles
1271,ikpi,boa ikpi n erha e gbe ɽ ti gbe the boa my father killed to day erE is very long ikpi ama boa of water rain rainbow cf
1272,ataikpi,finger ikpihiεb n ogie the principal finger thumb ikpihiabↄ n
1273,usexae,indicator cf s exae to point with the indicator ikpthiab n ↄw u a
1274,roka,middle finger ikpthizb oroka ring finger fourth finger also ikpihidbↄ n ↄdia ke n exerhe finger that is near the small one ikpihidbↄ n exerhe small finger cf obb aba ikpo the big red headed lizard ikpo na waviE v uhudu fo nε D this lizard has already become red on its head aid to be a sign of age w
1275,ozikpalb,X a palm rooted for the preparation of palm wine a variety of exwexw palm wine obtained from a root ed palm ikpo very hard dry mud
1276,ikpoba,name of a river
1277,ikpolo,x sweeping ikpol
1278,exo,refuse rubbish of the preceding day that is swept away in the morning ikpol eɣo yer owa na ɽG the refuse of yesterday is still in the house to day wv amahekpol ikpol e o x a certain ceremony in the dxwahε cult distinct from this is ikpol
1279,eki,annual festival of the god O xwahε corresponding to the ehↄ of other gods we xɣay ikpol eki n ukpo na yi shall you go to the dxwahε festival this year cf
1280,kpolo,pl a band of pecple in the ba s service blowing tusks ak h and orhu at ugies bands blowing horns also follow the Ez mo and a few four or five other chiefs otu ikporhu vo where is the band of tusk or trumpet blowers cf kpe r orhu
1281,ikposa,a tree the flower of which is called iyↄha the seed ikposa is used as an ingredient in pepper soup to open appetite during the new yam season new yam is likely to upset the digestion and cause edwiraɽo for another name of this tree v ebe iRp pound ixi ehia ikp digie I sold it all for twenty pounds Eng
1282,ikpawia,nightly dancing as part of the ceremonies of the second burial it is meant to celebrate the deceased s accept ance in gɽivi v arha
1283,ikpu,skin eruptions which itch more than craw craw and take a long time to heal ar in animals
1284,ilagwegwe,a disease para lysis agitans
1285,ilawici,a big paddle used when sitting in the boat Of Jekri origin
1286,ilaxwe,a black ant lives on the underside of leaves nest consisting of white mud bigger than ifaGe not as black
1287,ile,the bet cf t ile Yor ile
1288,ilelegimaza,hunchback
1289,ilobi,r a yvillage near bue the inhabitants of llobi forming a gang which appears during the amufi ceremony at isiokuo They show a performance consisting of sudden falls from a standing position they are said to possess a charm protecting them from any evil consequences of this performance ilu inu x how much how many ilu nↄ how much is it ilu ↄni xi how much is that ilu gba how often v igba il uki na how many months ago Is it ilu ɽ ifa hia xiyi how many s it that they are altogether a few in ↄmagba v il uki n ↄxi n ↄdi eda ya ↄkekpaↄ ILLN LA it had not completed how many months it is sc I do not know that he stayed here before he left before a few months were over he left cf Yor m elo
1290,iluma,x describes the sounds produced by the blows at a boxing match expression of encouragement at boxing matches The second syllable is stressed v eεlu kivi
1291,ima,disjunctive precnoun of the rst pers pl c ma
1292,imaɽu,act of committing suicide cf ma wu
1293,otↄe,disjunctive pronoun of the w st pers sgl it may be emphasized by Te e g me ve would mean something like do you mean me cf il l
1294,imiaɽo,prophecy imiaɽo ɽuε se gbe your prophecy has always come to pass lit has come to pass much cf mie aɽo
1295,imiefa,dream imina n imina re mu U oha gbe the dream I dreamt to frightened me very much c
1296,mina,
1297,imu,armest cf mu
1298,ebe,X argument dis cussion disobedience Zc
1299,mua,eating feast arranged by the big chiefs in turn for the Iw εguae and all the people working at the guae The aba sends as his share ten bundles of yam and twenty antelope legs c mu eῦi I
1300,imuε,mosquito an insulting axprestion uQu owε v ow imus you have lit make feet like the feet those of a mosquito im u oha giving presents to the dba every Bini man may present the dba with fruits of his labour hi oha v fi
1301,inε,a chief member of the Ib iwe society and onef of the Evwaεvo
1302,inia,root ini erha root of a tree ini εz rootofriver astone carved shaped similar to a root that is used by the Yorubas in pre paring a medicine ini okuta root of stone is pro bably similar to the preceding vein
1303,inota,question cf nↄ
1304,ata,answering words answer cf nwanie
1305,enwaniε,acknowledgment of an infant betrothal by the father in law including a sacri fice to erha
1306,inwina,work c nwina
1307,inya,yam when taken out of the ground iny gb raw uncooked yam cf Yor inya inyat v ema
1308,inyaha,a mixed population of Binis and Yorubas living in the Ondo and Benin Provinces part of the Ikale tribe inyat roasted yam inyat x e I want roasted Jorm cf inya t inyat als e an ixivi tree planted before founding a new village or camp vw ag i e before building any houses it represents the owner of the land and is at the same time the place where sacrifices to
1309,otↄe,deafness stinacy cf ny eho
1310,inyε,nmews iny magi ana v as owa the news cannot be told after we have arrived at home said after arrival something disgraceful has happened on the road inyε n ↄma a na or ↄa instead of ɽ a good news is what one tells ought to tell said to stop somebody from re lating bad news gossip Biblical inyε n ↄma Gospel cf Yor ihi v na ob
1311,inyzegbe,straining in child birth in going to stool cf nyε egbe gb
1312,inyi,the sasswood tree Ery throbhloem macranthum bark used in the sasswood ordeal for witches as medicine for healing wounds and tied over house doors in order to prevent witches from entering inyi is a taboo for witches Occurs in Ibo as well
1313,ipapa,something flat e g food fried in form of a flat cake or ipap onwↄ and wax This seems also to denote a beehive in a tree
1314,iri,x rope ir ifi rope as part of a trap creeper general term w algle
1315,aleke,creeper that the underworld has tied any creeper in the bush that has made a natural knot which is rather rare it is used as a medicine for tying people e for making women stay with their husbands df ri
1316,iriasxwe,envy df ria
1317,exwe,a gang of people at the guae who are in care of a captured leopard part of the fbas sacrifice to his head cf via ekp v gwe oy ohs L enibokii h
1318,iriaixi,revenge cf ria
1319,ixi,eating the parcel of the way embezzlement misappropriation of property entrusted cf ɽe r l oko
1320,odeε,state of disgrace Akugbel of e x oya iro x ridd le
1321,iro,a shining stone said to be spat out by vipers pythons and a variety of crocodile at night in order to attract animals by its light it has magical powers to make a man rich ir ikpi shining stone of a boa v
1322,osumafce,louse
1323,ihaɽo,civilisation lit un folding the eyes cf rha
1324,aro,name of r a river a Bini deity an ihε that seems to be linked with
1325,akeε,spoiling sto mach slight displeasure annoyance ɣεdε irhiazko da a
1326,tε,do not have dis pleasure towards me do not be annoyed with me or look at me with ill feeling used e g by somebody who tries to re concile a man whom he has annoyed irhiaεko is said to be a word that is more in use now adays than before jealousy same as ighawo cf rhi a Re
1327,irhioxuo,taking a woman marriage v irhiↄha cdf
1328,rhie,taking a bride marriage same as irhioxuo D f rhie sha
1329,irhirha,numbness there is a belief that if a man falls on account of it he will die in the same year or at least fall ill u ogie
1330,irhiso,locust Some old people are said to use isiso in quick speech c iso
1331,irho,cheek BD
1332,irhu,shade v gbe
1333,irhuaegbe,also e disciple cf rhua egbe
1334,irhvrht,mildew mould v sil l
1335,irhudtirhdi,nakedness ica we the day after to morrow In native calculation within three days viz to day to morrow and the day after to morrow next to morrow iraxwε uzolane xerhe ithin three days Saturday Thursday This ex pression was said to be used by old people who do not know the Furopean week
1336,icehe,a white button such as is used for shirts worn formerly as walst beads by little girls
1337,iere,arm pit eli mu ↄ ifere something has caught my arm pit i e I have a boil in the arm pit
1338,icewe,the fruit of ↄgↄ used as fish poison it is broken and thrown into the river the fisherman in his canoe then drags the water with a net A fence is made in the water as well because the dying fish try to escape the system of fishing with the help of ifewe is called ho εze lit to wash the river uf icewe nε ra fia i ko n azaya hoↄ εzε have you already cut or broken icewe friend so that we may take it to ash the river
1339,io,main road d wahε songs I cf ugo v arale
1340,ico,x thinking thought idiom ize siGi hire I have for some time z tried to save you from it v be low umakue ifo ɽuε you have not agreed it is your business scil if anything hap pens to you or it is your fault or let it go however it will ifo da n ↄM usxdↄe mma b L the evil thought that is in your mind ex e is not good hope c o bail
1341,irogae,sgl e an age group otu consisting of young boys and men of the age of I years in a small village the age may be even higher because the change over from icoxae to igɣele does not take place often their communal work includes sweeping open spaces cleaning grass carry ing mud for the igy ele formerly also when a Native Administration road was built treading mud with the iyvele helping in house building e g by fetching water and occasion ally clearing big plots of farm land for the most senior edi I v otu
1342,iola,track cut through the bush on which short logs similar to railway sleepers are laid used for hauling logs from the forest to the next river corduroy track a timber expression ef Engl rollar
1343,iofivi,bural d
1344,oɽibi,ocollecting mud in cludes mixing mud for house building cf ɽu ek
1345,icugbs,sacrificing to aJuju ma mu egb icu b we are getting ready to sacrifice to our juju used e g as an excuse for failure to attend to a visitor The last syllable b is usually lengthened and spoken on a oli rising tone which is more polite paganism icuzd day makers a ang of the dba s fixing the date of any event that has hap pened The word occurs in a song v ikede cf u l
1346,gdeε,learning things Xr knowledge lesson d icuεei n uwa ɽu v ow ebe ɽε what lesson have you done at school to day cf
1347,rue,Pl youngest age grade in the Ibiwe society the household society super vising the OJba s harem erie Ds of wu l eriz
1348,iti,disjunctive pronoun of the rd pers pl ifa v ↄge they and he he and he both of them but the latter is also ita veva ia n eva those two
1349,itameε,eaves of a house cf
1350,ame,itaBe a black house ant a little bigger than ehihi one kind of ifadε not so dark lives on the underside of leaves like ilaxwe itaῦ ebo ERuropean itaBε a yellow ant found in sugar v ↄhQ
1351,itaifa,a kind of water plant drifting on the surface of creeks or ponds together with ihuihii it forms the sudd of the creek region it also short ɽε ɽ toε ɽI disjunctive pronoun of the rd pers sgl iɽ v ↄɽe he and he both of them v ifa D d Vitmo tnimmt cloon vowels e q in f dixa d you speak of him do you mean him though ifε uxa seems also possible Another form ifdε is found e in re ported speech ↄw ifↄ wa h he said he i c himsellf sc e g did it in an answer cf ifa v ↄ
1352,ifebi,knowledge cf ɽε
1353,edi,it r hair of body fur of animals cf Yor irii
1354,ifug,dirt ifuε bu gbe v egbh uε dirt is much on your body you are very dirty
1355,ifudu,grass i tudu s gbe v ogbhanal grass grows much in this fenced spot
1356,isa,faeces is hiave faeces of bird a tree Maba chrysantha is ava faeces of thunder an oblong stone balf a foot or a foot long found in the earth on rocky soil or in dead trees struck by lightning mostly in uloko tree thoughithas a different origin there easily breakable cf ava thunderbolt N W Th has long stone axe I t is used for medical pur poses is ogo faeces of old farm land yams growing on abandoned farm because over looked by the farmer uxuwu
1357,isaba,a style of hair dressing worn by women during the fourth or fifth month of preg nancy consists of many small plaits each about as thick as a cigarette v eto
1358,isagele,bullet maker a word occurring in a song the tones are uncertain cf sa
1359,agele,another name for
1360,eferhinyε,tapioca sago
1361,isahε,key rh isih g E ya ki Rkpεti give me the key to open the box cf Port chave
1362,isamg,baptism cf sa
1363,ame,the groundnut Arachus hypogoea
1364,ise,pointed sticks used as nails in house building they are passed through the roof thatch which is laid like a saddle over
1365,okpo,x shilling silver cf Engl shilling isele a dance of Jekri origin
1366,isε,x formula of confirmation used at the end of a prayer or blessing amen
1367,is,x seeds of oti and several other trees including
1368,ekasa,and Ovia societies Any rattle is called
1369,isε,leaves which is called
1370,ggwε,uko ise The noise is made by this net there are no seeds inside the calabash isε n ata seed guessing a game in which a man hides some seeds in his hands and asks somebody else to guess the number The answers may be ↄkpa an odd number izu an even number ↄyↄ more than seven or ihoi empty Grains must be paid for wrong answers according to fixed rules Other terms used in the game are ovi akadudu andogie n εv licox J is n ava seed throwing a game played with seeds that are thrown up from the palm of the hand caught with the back of the hand first and finally caught again with the palm If one or more seeds drop during this performance the opponent gets the lot if nothing drops the opponent must pay t is played by the players in turn is five isε nya ugiel istnya ogba c usi
1371,isegwε,gravelly soll
1372,isexrgwε,a kind of ikpogi the fruit is dark green not a climbing plant v o i
1373,isckirni,the Jekri people v IweɽE l
1374,isekpoki,sgl ↄ a working gang of the O ba s leather workers lit sewers of leather boxes they work for private individuals as well cf se
1375,gkpoki,a village town or country where one does not live e g isi vo the other villages abroad isi vo okpia na ke re this man has come from another village i e is not a native of this village rest or sleeping quarters of a traveller isi base of a tree i e the surrounding space as far as the seeds or fruit of the tree fall also isi erha cf Is iloko v zi
1376,isi,name of a group of villages between the Eh and Agbo roads said to be the place from which the cult of the god
1377,akeq,started isiamg drawing water also called ame nasi rain making There are no par ticular rain makers and it can be performed by anybody who knows the leaves of which the charm is composed and the procedure of rain making I f a village wants rain it calls for some expert Rain making is occasionally employed with malicious purposes e Q in order to spoil the thanksgiving pro cession of a new chief or a man s house building cf si
1378,ame,bhauling timber logs along the track to a river where they are left to drift down stream cf si erha Isiεvoεno pl watchers of things bodyguard of the dba when he goes to an ugie they also played the main role among the oxi as they carry charmed bows arrows and guns this bodyguard con sists of members of a sib of the same name that has its centre on the right side of Sakpoba Road in Benin City the senior is chief Ekegbia their morn ing greeting is la tↄ sε c si
1379,cro,isiguabↄ a game similar to ise n ava but the seeds are Loo thrown from the inside bend of the elbow to the palm of the hand counting follows the rules ise n ata and ise n ava T of igwe s wi h d base of the Iroko tree name of a village on the Onwena Ogudna river terminus of a road Siluko cf isi l iloko
1380,isiokuo,drawing war an ugie at which Ogii the god of war Is worshipped t in cludes a procession of warriors headed by the ba through the streets of Benin City and the ceremony called amufi it is no longer performed now cf
1381,si,a gang of women supplying the threads on which uma n agwε small iron charms worn by everybody abstaining from new yam d uring
1382,agwe,sky iso n orhd sky of the wet season used as a term of comparison for some thing white perhaps the clouds are the tertium comparationis sfua v iso n orh it is white like the sky of W wet season The term is also used as a praise name of the present dba Akεzua n iso n orhↄ
1383,akenzua,a deep muscle abscess affects elderly and old people only
1384,iso,procession accompany ing okf and ot through the streets as part of the cere mony of the second burial
1385,isok,contentment isskE o ee n ↄ wWwa content ment is a great gain
1386,isatε,rebellion cf sotε Yor ifatε atε
1387,isu,in ig isu interest v
1388,ivo,to lead because some additional money is led back to the giver of a loan on interest
1389,isue,a black hairy worm or caterpillar bigger than ara about aninch long it causes whitlow on feet and fingers when touched whitlow brought forth by the preceding if not attended to it develops into a more serious affection called
1390,agadisoso,when on a foot or atowoↄ J when on the fingers
1391,isuma,a secret or private talk or agreement isum LXoxo bholding a private secret council conspiracy Akugbe cf sε l uma
1392,isusu,trouble mainly from spirits but also trouble arising from people if it is very serious ↄ isusu a troublesome and wicked man who offends everybody and does not fear anything he is thought to be driven by evil spirits evil spirits also εɽivi da They are kept away from a village by means of a IoI charm composed of things be lieved to be taboo to them called ebin ayab isusul things that are used to push the isusu l e to drive them away it is tied to a stick outside the village v bi a curse isusu d ala wue gbe Iit trouble or evil spirits it is that may enter you much or possibly your body w ukpokpo
1393,gber,x proverb story mainly exemplifying a pro verb meaning or moral contained in a proverb ita ɽε itsmeaning history with an application for life with a moral cf Yor ita v ive J fi ita feather ordeal was mainly used to detect adultery but also for theft a feather was stuck into the defendant s tongue and when it was difficult to pull it out again i e when there was a pause the woman was guilty idiom itaA ya gba the ordeal feather is stuck used when there is a slight confusion and consequently a pause e g in writing a letter or in talking when the ideas present them selves too quickly to be ex pressed in due order
1394,itaba,tobacco tabaco v egbↄɣ
1395,itakpa,the Nupe people c Yor takpa h
1396,itaxuε,material formerly used as uke the pad used in hair dressing it is obtained from the plantain bark used also as a kind of sponge for rubbing dↄl walls and floors of houses for that purpose it is cf Port dipped in water that has been mixed with mud
1397,ite,continued menstrua tion a parrot s disease hindering the development of its red tail feather ebaxuε
1398,itegbemu,pride in a bad sense cf t egbe mu v iGaegbe uhi c
1399,itehie,a very small kind of tomato said to taste bitter and believed to originate from the faeces of the birds asεsε and
1400,esikpoɣo,tree felling used by timbermen cf t erha
1401,itebite,also e for ever Oxodua kev Osanobu itεbitε u God Almighty and Everlasting Akugbe
1402,itie,calling i e saying the
1403,ogwega,divination solu tions as contrasted to their analysis and explanation eria ria of tie
1404,itiebe,reading lit book calling cf tie ebe itizz law suit calling bringing in a summons cd tie v ixo
1405,itile,betting cf ta
1406,ile,pity cf toha
1407,itohia,gulnea worm
1408,itokd,r measuring timber logs with a rope plural of
1409,stok,buttocks c tota v ikebe
1410,itoto,a kind of cane root is used as a medicine and also as a magic preparation for making one s body smooth and fleshy esp for the dba Io
1411,itue,a tree Harungana mada gascartensis said to be found on old farms i e spots where there was once a farm ogo only contains a red latex
1412,ive,promise to give some thing cf ve l
1413,ivi,qx palm kernels coco nuts ivi eva two kernels twins dreaded at Us only us ivi eva a N se have you born reached twins ivi eha triplets
1414,ivie,beads ivi ebo European beads coral beads much used in the dba s dress v
1415,ede,small beads ivie n ikↄkↄ sgl n ↄk large beads ivi aweε coral anklet worn by the J ba and chiefs L R p xo
1416,ivu,seed yam wWhen sown and in the ground cf d ivu v ighi ive L a proverb given as a hint in conversation allusion ↄf ita f ive me he dropped me a hint with a proverb ita cf Yor owe
1417,ivi,scrotum vi eze a sib the founder of which was a man named Ogbε
1418,doyo,in the present Agbor Division of Benin Province i c from Eka Ibo terri tory during the reign of the Jdba
1419,dsεveda,loneliness iviero loneliness is reigning time of the fiercest heat between two and four o clock when everybody has retired into his house this is one of the best times for thieves During this time the antelope erhuε may be met with coming out to eat ocro cf vie LG
1420,ivickpo,a snake short simi lar to a viper and of the same colour as a viper jumps poison ous v rnyε
1421,ivacgbe,self conceit cf ma egbe v itkcbemul
1422,uhiodε,ten in the following com positions only iw eva twelve iw eɽa thirteen iw enε fourteen cf igbe iw bousehold society at the guae iIn Iw ebo another society of the three main societies it is concerned with the ba s dresses the senior chiefs are Unwagwsε and cibo theyoung people in it who have not yet any title are called ibifruwa as in Iw εguae iw egiε the dba s defensive charmers or evil wishers against his private enemipes implicators a divi sion of the ewaisε iw
1423,ehε,a division of the dba s ewaisε they take care of some of his charms Iw εguae society of the guae one of the three main household societiefs it contwlns the personal servants of tue Nba all the emada belong to them the young people at the Iw εguae are Io called ibi ruɣ a like those in the Iw ebo and Ib iwe senior chiefs of this society are
1424,eseɽe,and bazenu iwoki a gang of people living on the right side of I k poba Road they sew leather boxes v isekpoki during eclipses of the moon they per form some sacrifices which were believed only some old people believe in it nowadays to have the effect of restoring the moon for eclipses were believed to fore stall evil This performance is called dsl uki yi to repair the moon For the missing vowel in iw cf Ibiwe perhaps the heading should be iwe iwak iwaak greed covetous ness cf wo ak v iwaɽo
1425,iwacɽo,greedy snatching away what does not really belong to one taking food that is not on one s own side of the plate Pidgin fitihae fitting eye or trongahae strong eye cf wo aɽ v
1426,iwaks,anything changing periodically e g qɽ shedding leaves of deciduous trees most trees except oviaxε and udi shed their leaves phase of the moon occasional lean ness of human beings u r iwe iw oki
1427,iwerd,another name for the Jekri people v Isεkiri
1428,iweo,X sense e g in knowing one s duties common sense iweε ↄmbd na mahesε n Wavarhi gre the sense of this child is not yet sufficient that I may take him viz with me on a certain enter prise wisdom in judging a palaver iwsfo seems mainly to refer to the sense of j ustice pPl wise sensible people cf wo
1429,iwowo,thin planks used in building the walls of a shack v owa iwu tribal marks men have seven iwu not including the face marks on the forehead v
1430,ixaro,marks of the middle of the chest one on each side iw ugbefε rib marks one on each side a long mark stretching from under the shoulder along the ribs to the loins more side wards than ov iwu iwu
1431,iyeke,back marks one on each side starts from the beginning of the upper arm and goes along the back to the thigh v ov iwu v ovi o e mark along the left side of the body abεrhε mark on the abdomen Women are said to have all these marks doubled so that they have fourteen marks altogether at Usε only the women are said to have the same marks as the men Her e as well the marks on the fore head urεbo are not in cluded wv ur εɣele mot tribal marks l iwu progeny of the first generation child children also sm iwu eyε ihi hiε l sakpaɽ sodi ɣabi na J
1432,iwuyεovee,nice appearance iwuyεvε fuε yε oε ghe Io your appearance pleases me very much attracts me cf yε
1433,ixa,bad smell used as a com plement of the verb wia In human beings it is attributed to the individual not having been properly washed after his birth it also refers to the smell of some animals e g the rat
1434,oxxa,tribal marks on the forehead used by men a vanish Ing custom and women cf aɽo L v iwuz
1435,ii,revenge cf iriaixi v ria
1436,ixia,transformation spec into an animal etc by magic ixia m oha gbe transformation is terrible frightens much cf ia
1437,ixiavo,Ocro Hibiscus escu lentus the best species is ixiav
1438,eovu,mist ocro i e ocro planted during the time when mist falls from September to February Probably of foreign Port origin w oↄwɽa
1439,ohukpb,mourning affliction Akugbe but there written without the e following ixiε ixieegbe kev irioya ɽuε a y wour affliction and disgraced state Akugbe cf ie
1440,egbe,a tree Newboul dia lacvis it is believed to be the oldest tree in the world planted as inyat at every newly founded village or camp agd D and used in the composi tion of the shrines of all the gods but not of erha and iye
1441,ixo,x blood letting a piece of cotton which has been soaked in oil is lit inside a special kind of calabash called uko n aya mu ixo calabash used Afor blood letting and a cut is made from which the blood is to be drawn mainly in the thigh the calabash is tightly pressed on this cut and when the light goes out it sticks to the spot and draws the blood Used as a remedy for reducing swellings and muscle pains a mark on the forehead that for merly was a sign of a free born man also ix aɽo tone only few people have it now adays it is still a little more frequent among Binis from Akure and Ishan people
1442,iu,country made farmer s matchet billhook any matchet may be called ixu when used in farming
1443,ixuε,names of two Bini villages seats of Nxwahe Ah shrines there is Ixu ε n iro and Ixo ovi ↄbo lit Ixu of the doctor s child
1444,iuiwu,hatred iuiwu bii ε
1445,gbe,hatred is too much with you you are too full of hatred iy score twenty in connec tion with following numerals only iy eva two score forty iy eha three score sixty iy enε four score eighty iy is five score a hundred iy iy eha three score times three score St Mark
1446,iya,an exclamation of annoy ance used by boys e when attacked by a younger brother Ios but forbidden to strike back or when bullied by a stronger boy iya uvede oh are you coming again cf Yor iya
1447,iva,ditch the term in cludes natural cavities similar to aditch the big ditch and wall round Benin City said to be built by the dba Ogusla Egh Hist pp
1448,lyabↄ,forgiveness cf ya
1449,obo,iyabↄ bail security ↄmi gɽε v iyabↄ he took him S lit in security he took him to stand bail for him miε ya oba l
1450,iyama,mark of owner ship or identification e Q a mark made on one s yam or a sign by which one knows a certain man scar cicatrice cf ama
1451,iyare,welcome home said to a warrior returning from war or to a man returning from a Journey it was interpreted as gsafe arrival v gbe Also used as a name cf re iyarha e slave idiematic expression cf ya rhawe RiG
1452,iyase,the Iyashere one of the most important chiefs of the Bini people head of the Exaεvo N oɽe and chief war lord
1453,iyayi,fourh iyayi εɽe ma s ↄῦ ↄkd DJ his faith does not Lena me content his faith does not inspire me with confidence said e Q of a Christian who is still adhering to heathen practices cf ya
1454,yi,mother iy uε your mother sgl iy ua your
1455,lyeke,Io mother pl iy odede grandmother paternal and ma ternal iye odede my grandmother iy erha fa ther s mother or ive n ↄbi erha l mother who has borne the father paternal grand mother iy iye or iye n ↄb iye p maternal grand mother iy a ῦa aman s mother in law also iy dLOXA BE my mother in law iy
1456,sba,mother of the dba the Queen mother who resides at Uselu f orbhu iyv owa mother of the house the woman who is in charge of a household i e ecither the house owner s mother or if she is dead his senior wife iye n agbs lit mother of this world mistress lover iy gɽivi also oded gfivi mother of the dead or of the Juju title of the senior man in the dvia society v ekeze Idiom mu ↄmo y egb iy εe lit to take a child to its mother s body e on her lap to end a matter by putting things where they be long cf iyeye eyeye r back of body back of something of part of body behind iyvek obo back of the hand iyek owe upper side of the foot iyek owa back of the house back yard latrine behind the house iyek ogbe male servants quarter in the compound iyek
1457,ikpoba,name of the neighbourhood behind the river Ikpobal iyek iyeke backwards iyek iyeke slax e backwards he is golng along wv igbuzεbu L acurse iyek iyeke ude ɣe ore ude ɣe backward you may fall con tinuously i e may vyou be come poorer and poorer sink lower and lower
1458,iyerhε,setting fire time of burning the undergrowth on a clearing previous to making a farm iyerhε sε nε h has the time for buming the farm land already come cf ya erhε
1459,iyeye,a rich woman without children a kind of nickname cf iye
1460,iyε,aninsect found on chickens
1461,iyegbu,powdered form of
1462,ulbdka,corn cake care has to be taken in eating it to prevent it getting into the trachea
1463,lyi,rule made by some group e g those applying in a so ciety iyi na oyɣ agbhↄ hia no L this rule is of all the world this rule applies to everybody
1464,iyobs,help ivob esi urhie m
1465,na,r i good help you have given me this you have helped me well iyobↄ n urhie mε na ke ghbe N N the help you gave me now lit this is very suitable your help is just in time cf ya l
1466,obb,going road help in childbirth cf yo odε
1467,ivoxo,x coco yam iyox
1468,ot,coco yam of the ground lily is planted in pots at the shrines of Osii iyox εzε coco yam of river a tree Rinorea elliotiii wood is flexible and used for constructing traps it is also put in crocodile s mouths in order to prevent them from biting as it Is very tough Then they are no longer dangerous and can be tied with ropes
1469,iyↄha,pawn human beings can be pawned as well as things the pawned person hav ing to serve the creditor until the debt is paid This service does not reduce the amount of the debt but only serves to quench the creditor s anger Being pawned is not tanta mount to slavery as the victim may leave the creditor if badly treated the blossom of the
1470,ikposa,tree it plays a role in a children s play if an iyↄha blossom drops from the tree children pick it up and offer it to a friend he is then reminded by the words imu iysha y uↄ bↄ I have put a pawn into your hands and must pay seven palm kemels forit cf Yor iwbfa iy ↄy x bushy end of things iyↄy ↄka tassel of corn maize tail iyↄy εsi horse tail fringe in iyↄy
1471,gde,fringe of native crown cf yayↄyo l
1472,izabb,shoulder c abↄ
1473,izaduma,a drum shaped like em εdo being played when chiefs were sent on errands by the ba or when they went round the country requisitioning goods
1474,izagodo,empty kerosene tin cf Yor jagodo
1475,izagbedε,a dance mostly danced by the iwele and Ioy
1476,icoɣae,age classes but also by women Yor ema
1477,izaxwe,a ceremony that is part of the second burial it takes place two days before the isot procession with the ot a goat is killed at the gate of the deceased s house and afterwards there is a dance through the town during which the arms of the deceased s oldest son are supported by men The
1478,emota,is visited and given chalk and cowries v ikpawia uko arha
1479,izazako,a red antelope said to be as fast as a hare it is believed to run continuously on some days and only to walk on others ize n ↄfua white ize a kind of small crawfish found in rivers it is used in soups cf Jekri ide
1480,izevudu,being hard in the heart or entrails obstinacy dVv izevudu nↄ he is an obstinate man cf ze v udu l
1481,ize,a tree Treculia africana the fruit is big and round and contains big seeds rice v
1482,evoxo,FEuro pean ize rice iz eni elephant iz a tree Allan blackia floribunda the fruit is long and similar to a cucumber eaten by porcupines which therefore can be killed near these trees at night the wood is used as firewood only The tree is also called izↄxaε porcupine iz cf smiz
1483,izexede,open shelter con sisting of four poles and a roof or a house the walls of which are not yet built or a primitive Juju shrine that is open at the sides
1484,iziegbe,endurance cf
1485,egbe,murderer iz ga r od n uwa rie ni there Is a murderer on that road where you are going cf d izia
1486,izobo,feeding evil spirits witches or the Og ii and Osii Akε or any j uju of other people in case their in fluence troubles the giver of izobo it is impossible to give this offering to one s own Ogii Osi etc The izzbo may be given as a measure of defence as well as in order to injure somebody t is done at the junction of roads e g at that of the roads leading to Siluko and kεhua In one s own backyard or in stil other places The food iIs prepared at home and by private individuals there is no slaughtering asin areal sacrifice only a chicken may be given and that is killed at home wv
1487,ewa,anger provocation Akugbe ↄ B izohuTens he is a man of my provoca tion he is a man that annoys me cf zz ohu
1488,izyinyavaxe,taking yam out of the pot taking a dead child out of the womb v
1489,ogida,a modern word European week same as uzsla
1490,izu,even number ↄkpa Io
1491,izunu,grumbling about food one dislikes and refusing it cf
1492,z,kX an element of word formation used in reduplications it con veys a generalising idea e g k exoek exoe exdek exde with all one s mind Akugbe from exↄe mind k ↄdaik ↄ ῦa and S every body from ↄ ῦa man cf k ugbaik ɣ e and Yoruba formations like enikeni ka I Lh to confess an evil deed especially witchcraft and similar harmful practices oxuo na ka this woman is confessing y a misdeed but for adultery v bu ka to dry intrans erhd na vwaka akeyae nwina this wood shall dry before start Ing to work with it erha na kae this wood is dry cf kaka I kae ka to buy ot used of oil only of beverages yak anyↄ n ↄrhierhiε re or gw oE lJ go and buy sweet or palatable wine for me lit and come the syllable k a is rather long ka to count ka limei ni n uta ma ῦ ilu n ↄ R count those oranges so that you can tell me how many they are ka y to repeat the formula of an oath ka y ↄ v en ↄɣav ↄε he sYS repeat the formula as he will or shall swear it k iɣ to count money to reckon to judge the worth of something cf Yor ka
1493,ka,fua to expel somebody out of the guae for an offence
1494,a,Dbare eflovie y ot e ka hNo don t sleep on the bare ground cf keka l
1495,ka,an auxiliary verb in dicating that the subject is first in performing the action ex pressed by the main verb i ɽ ↄῦB okao n ↄhanwina ε ima be was the first among us to finish the work AJit he is the first man who first worked waiting for us ɽ is not nasalised Ozo kaxia nε Ojo is going as the first
1496,kada,formula of glving thanks to the host after a meal used by men also used as a salute to somebody who has sneezed k adesε cf ke J kae I bA gpunsel to purity the mouth i e to purify one self after eating something that is taboo v wua kae to dress or to smoothen wood by means of a matchet ka erha na papaapa make this piece of wood fat to cry of a squirrel similarity with the noise made by dressing wood kae to dry ika ukp na Iam drying or I dried this cloth cf kakaz ka z kaε to build e g a box door table etc mainly wooden things ka εkpεti na me build this box for me make a box out of this e g out of a packing case l tonalil y ise ka εkpεti na me nail this box for me kaε mu erha ugbugbe to crucify Iog Bibl not of sacrificial cruci fication to cover roof with wood and corrugated iron v ekpamaku cf Yor
1497,ka,fill this pipe to load of gun ka o sisi na ma load me this gun kaε to touch ↄy ob ↄ ka fε he took hand touchedit f Yor ka kaε in ka xks to be a messenger to the Ooba col lecting tribute in the country those messengers used to op press the countryside a good deal hence b to annoy some body by giving him unwanted advice in the form of reproaches to pester wɣeεɣiIki o uk ↄ don t pester me any more
1498,kagukagti,lean used with the verb ye f g kaa for other degrees of leanness in a descending scale wv giJkas siggsig rhiamarhiama sigosigo simosimo kaka todry to be dry in trans used of leaves e g hence it is a plural form cf ka kaka to be hard εfkpede n kakae a cross bow that is difficult to tend occurs in a proverb kikaaka tightly firmly tied v ki kikaaka describes a very profound darkness ebiebi sO
1499,kaikaaka,it was ver dark ame bi kakaaka the sky is very dark lit the water i e the sky before a rain nununu
1500,kakabs,to do properly kakab gb εɽ asa flog whip him properly I k anys f ka
1501,kava,to be small short ov uε na kava gbe this your child is too or wery smalll cf ukavave ke to be near this verb is used a good deal for indicating local relationship e Q k ades to be near the middle ikpihizbs n ↄk adese the middle finger k eῦa L O J to be near here n ↄk eῦa the nefarest one k od aɽo to be in front ik od aɽo nε I preceded him k od to be near there n ↄk od which is near over there i e the furthermost of some objects k otↄ to be nethermost k uxuvu to be uppermost ukpu na k uxudu n evifebo this cup is on top of the plate v dia ke an auxiliary that I links up events and then skeɽu εe and then he did it it is often used with a tfollowing wUi but also with a ↄkegɣaɽu e and he was doing it same as ske diru shegicuce and then he did it same as skeɽu εe and with ve skeve vu εe and he did it withlow tone before e g imi tighugbεhia dↄkekpa J I always see him before he leaves ke x to come from a certain Place εdo ike de from Benin it is that I am coming sk uw owa ɣade he is coming out of the house z Lro trom k eva y ari do ibirik i is nya Iev np from here to Beninis miles since in k eva w ax ia since that time lit from there going ke r to be suitable it is used impersonally with a follow Ing subjunctive introduced by n and conveys something like the idea of the English ought to oↄkere n aɽ ῦi n ↄwiri A Uit is suitable that one should know the thing that Is lost one ought to know what is lost to put some thing in the right position so that it does not fall to support k axe ni fse put this pot In a safe position k ewu to put three stones up as a support for a cooking pot to prepare a place for cooking imi ↄε v ↄkewu v ge n inay eva I saw him preparing a cooking place at the time when I went there ma or cd
1502,ikewu,to rest gu oe k εti xerhe g let me rest a little v ko εti
1503,et,in ke ikia to be the result of something dsk εr ikia it results from it
1504,keke,to push in a crowd to Jostle w εkeke hB don t push me J keke oε he pushed me v rua sua e k es ↄgba twenty five remain five to thirty by young people isε nya ugie five above twenty is used cf ke e k es ugie fifteen something like remain five to twenty cf ke r kok
1505,keve,a conjunction linking up nouns and pronouns and Ozo kev aῦ dɽε xiad sisiCusi Ojo and his wife have gone since some time cf
1506,ke,and ke k ewu cf ke ke r toremain to be left also
1507,ke,re ema ni ke re that fufu is left ower remains ke erhe ke erhe nearly lit remains little df Pidgin lef small εdε ke re o an old greeting used by old men and chiefs its being obsolete making it the more distinguished good night day is left viz a little The numbers beginning with e k as e g e kesugie e kigbesiyisε seem to be derived from sentences like it remains five reach sε twenty it remains ten reach a hundred ke X to be uick ↄka tueε gbe it is too uick o with you you do it too quickly obↄ kεare v inwina ni nε has the hand been quick in that work already iIs that work already finished short oba kε nε ɽwa N D This phrase is used when asking in the presence of strangers whether food has already been prepared a more direct re terence to food would be im polite it is used in a causative sense meaning some thing like to hurry somebody in the following construction dsk ↄe ru εe nf makes eva sε D N it hur ed him on to do it already and LII then we arrived there he had already done it when we arrved there v da to do something out of ome s own accord in the phrase ↄwaksεBe lit if there is time it is used to qualify a statement about something happening in the future probably perhaps v aa ↄɣakee ↄɣ are axwH he will probably come to morrow k εbↄ cf ks
1508,keeke,with together with eni k ek ak r hy h g the elephant together with its teeth v Uke keve arhuaɽo k εhi cf ka
1509,keka,r bare y owε kεka ɣa come with bare feet in vain empty ineffective edi kεka noↄ lit it is a vain thing said e g of somebody s intrigues which the speaker thinks to be harm less and negligible oↄgua ε ε
1510,keka,bhe is talking empty words word of mouth i e he has no power to do anything only ↄkpa k ka one only c ka
1511,keakε,to rot e Q meat leaves cloth wood or a corpse ɣa s ukpd na wɽae y uw ameE Dv eda swakeke s who left this cloth in the water here it will rot
1512,ketsketz,ass occaslonally brought by Hausa people k εti cf ke ki to look for fruit at the base of a tree gi ayaki otiε o let us go and look for oti to inspect e g traps ki to tie tightly ↄy iri ki ε
1513,kakaaka,to dazzle cf oki
1514,ki,kie l ighe s iy eha e k igbe s iy ehal e k ighe s iy enε e k igbe s iy isE k igo I to coil of snakes caterpillars centipedes to curl up of the Scaly Anteater gnyε n imie re wabgεhe TE ↄkeki the snake which I saw to day it suddenly wa saw me it coiled to cower in ki re ↄki re kpukpuu
1515,kpu,he cowered feeling cold with crossed arms and hands resting on shoulders to curl of hair eto n ↄkiri curls to coagulate e g of owo J soup or starch but for oil rhuε is used owo na kir εs sse this owo soup has properly coagulated ie it is still liquid iterat
1516,kino,he opened the door to be open tofold m ↄki ewa na la owa v amε de pa it was I who folded this mat and took it into the house when rain was coming in ki
1517,ewua,to wake the ba by imitating a cock s crow fifty remain ten reach sixty twenty times three cf ke ahundred and ten remain ten reach twenty times six cf ke I seventy remain ten reach eighty twenty times four cf ke ninety remain ten reach a hundred twenty times five cf ke I l cf Ra l k ihii to give a present to a visitor e g kola or drinks Egh Hist
1518,kinskinbskino,plaited wo ven e g as a pattern v oba used with the verb ye c
1519,ki,a descriptive adverb accompanying the verb sa to jump ↄsaɽE kisi he jumped hard occurs in a saying
1520,kiwi,to hit strike kiGi him ocry of en couragement to somebody who is fichting v ilumal v ↄ
1521,kiza,to be foolish senseless
1522,ukiza,are you mad v
1523,bibi,tofold a pad ukuoki cf kuos ko to gather in ko ti ku εti to gather strength to stop doing something to leave off ku εti U EεwiCuU εe stop don t do it any more i e a task he was ordered to perform before to set a fractured bone by tying a small bamboo mat with medicines on it to the broken part Ozo bfi obↄ gi a mu ε gi ↄda v uxegie n ↄku εe Ojo has v an arm let us take him to somebody at Uxegie that he may set it ko in ko uro ko ro to wax of the moon the ipf is expressed by the auxiliary
1524,feko,only cf wro hↄ uro v vki vewae xNI n k od k ots o of RET C
1525,koikoi,describes the sound of beating fufu BD koko to gather si ε e
1526,koko,gather it also w ifa si koko xε O ε ɣ ide iwe D A tel them to gather and wait for me for I am coming kok erh to make a fire kok erhε n al e i make a fire so that we can cook something kok
1527,eti,to gather strength to rest kok εti xerhe n u wade rest a while before you come lit that you will come utexade is also possible cf ko koko to look after to feed ukok ↄmby na εs erio er are you feeding this child pro perly like that
1528,kokomeme,cucumber Eng l
1529,kokooko,hard used with the verb ze or ye e of bread pounded ywam or cas sava
1530,koyↄ,avery common greeting among the Binis koyↄ ko good day or hullo friend v oko koyↄ ga good day sic koyↄ tε oP good day cousin v oↄga atε L D
1531,kb,to plant to put up a god s ancestral or guardian spirit s shrine in k εbↄ to construct one s Juju k zhi fo construct one s Lord i guardian spirit cf ukↄ ε k to be foolish ↄkoε O he is foolish ↄk he is at times foolish ↄk gbe he is very or too toolish stronger SRpressiont are ↄk ɽk H oya gbe he is foolish with a djis anastl foolishness and k Wk T uↄ gbe v ↄzuↄ lL c uksῦε IL k to move about in search of food to browse of cattle dteks yo k re v eva si it was moving to and fro here before said e g of a fowl which the owner is missing k to alm in shooting ↄ hkbv fizo ni he is aiming at that antelope uzo kogɣoko reproduces the sound made by the bell aza v goxOGOZO J gr ε εɣεY
1532,kolo,pick me mangoes gi ayakol otiε let us go and pick otiε ku to depreciate in value or become worthless through being kept in stock for too long a time inga n ide ↄ RuVuU xRε uxudu igimu s ki sε L D o keku tN N the yams which I boubht in wait for a famine when I had carried them to the market they were worth less iterat kulo not to be in order but reparable osisi na kulo this gun is out of order cf ↄ ku u l
1533,rhia,to be entirely spoilt ku in ku obↄ yyi to hurry a matter a task iku obb y zy ni I am hurrying that lawsuit e g by getting hold of all the evidence beforehand t igami otↄ ɽe haL have hurried it I will see its ground i e I will see its con clusion
1534,ku,gbe X second part of a verbal combination meaning to mix together mu
1535,fwg,they are doing it to gether
1536,kivx,toconstruct something by means of ropes and strings such as an akpata gi and a drum but also the masquerad ing dress for Ekpo which is made out of strings and palm branches ↄku akpata he built or is building an akpata harp f kii kul to make a feast az
1537,ku,x to play to dance a slow dance but v gbe when linked with the name of a dance and wv d ugba l to play in a sexual sense also used as a more decent ex pression for ho to have sexual intercourse with is expressed by the preceding verb
1538,gu,n εree D to parcel for gree preghant women glve an offering to εrεe in order to ensure safe delivery but also by other people when ad vised to do so by Ogweaga to this end they weave a thread net over a calabash and put the calabash on a forked stick on an
1539,ada,mu to parcel body i e oneself take to IT stand contrite with downdcast eyes and folded arms as a wrongdoer when being blamed for his offences cf ik i
1540,ikwiegbemu,to parcel with leaves kuw in ko M εx to wound to make infirm jↄki B gxw he wounded me possibly k I diom k erha kfi iri lit hitting tree hitting creeper i e meet Ing obstacles everywhere used e of a man who is drunken and therefore hits every ob stacle on his way v yi ama de ku
1541,kua,second part of verbal combinations implying that the object always a mass such as a liquid or grains is thrown or poured away v fua mu
1542,hihiε,z to bite of a snake c f ukuade to injure oneself
1543,kue,in kue y ↄ to agree to it ikue D I agree dskue y ↄdε ɽe he agreed to me it lit to my it he granted it to me
1544,kuε,to trade on credit used as second part of verbal com binations ↄXi ↄ kuε he sold it on credit ↄd ↄfe kuε he bought it on credit
1545,sdekuε,at any time always same as ugbugbεhia Akugbe cf igbha
1546,rɣe,to splash water on some thing or somebody it is also used as second part of wverbal combinations such as kpolo
1547,kui,to sweep and throw the rubbish on bↄ ῦε kui to shake dust or chaff or to winnow on i e it implies that the object of the main action is thrown on or at some body or something the wvowel appears before the objective pronouns of the sing ɣEbLↄY ↄ ε ku ↄBε don t shake it i e dust or chaff in winnowing on me giayae ku erha ku iri he cut or tore it all to Dieces i e throwing the pieces everywhere v ki
1548,kukuku,closed of leaves used with the verb ye
1549,kubↄ,x to collapse to faint to fold e an umbrella kub exarhani fold that umbrellal cf ko
1550,kurururururu,describes the noise of distant thunder before a rainfall wv kpafɽa r dl Bd Bi r lod
1551,kuro,dull of a day when the sun is behind clouds all the time deε n εɽε ye kuɽm it is dull to day k uxudu df ke
1552,kwarayada,entirely worn out used with kwisε
1553,kwe,an auxilary werb in dicating doubt in a question possibility in other sentences can often be translated by pro bably really or at all Gig ge ɽa n i εɽu εe yi shall I do it or not mg y na ugɣa
1554,kweyo,as you do not reply to it now will you really go or will you go at all d xakwere he will probably come IIs
1555,kweikwei,also kwεkwa x small of yams always in a plural sense used with the verb
1556,ve,in ↄkwisε kwaragɣada he is entirely worn out
1557,kwy,also kwe to feather an arrow in kwo ifεdε kyεker to be very small c Yor kekere kpa an auxiliary verb used in hypothetical conditional sentences ikpami ↄ ε iɣalε nε L NLAN had I always been seeing him I should have run away from him e g from a creditor who comes to ask for his money ikpami ↄε i alε nε n J had I seen him once I should have run cf
1558,akpaws,in kpa edi to surprise edi n uɽu na kpa w odi what the thing you are doing now surprises me kpa to vomit cf ekpa to burst into fruit cf bananas and plantain trees
1559,kpa,ma to be good in the sense of convenient used impersonally ↄkpa ma j irherhe re it is good that I have come in time ivaizidova fue I should not have managed lit come tomeetyou tobeclear plain skpamayi g ↄna ic okieke v use n mamu e D it is quite clear that iɣe II this is the last among the helping parties use which we are having mu this may be used as an exasperated comment of one who thinks that he is exploited by the man for whom the helpers are working
1560,kpa,to lift up kpa ɽe ɣe deɣ uɣ as ε ti mu ε lift it up and look whether you will be able to carry it kpa mu dia to put some thing in an uprght position e g a log in order to test its length kpa egbe to lift body to leave depart ↄkpa egbe nε v en εvo D hehas already left the town v kpaↄ kpa obↄ to raise one s hand same as t ob ↄ
1561,mu,I helped him on the way by which we went to Enyaε cf kpaↄ
1562,kpaa,describes report of a European double barrel or rifle
1563,kpaε,q to pull out e g the blade of an axe from the handle to tear break off branches or leaves or fruit that is picked from the stem of a plant e g cocoa kpa ebe ni meε tear these leaves off for me iterat
1564,kpanm,to pick a fruit from the branches bia u
1565,kpakakpakakpaka,this soil is gravelly
1566,kpako,denoting big size of tooth or reduplicated teeth sye kpako it the tooth is big also used of young bursting plants to denote their being short and thick ca or days after they have come out of the ground pl by re duplication ↄzme kpako it has sprouted and is a big seed
1567,kpalb,to peel eatable things kpal igaɽi na peel this cassava l
1568,kpanoskpanos,rough erha na ye kpandjkpano this plank wood s rough erha ne kpanb kpanↄ a rough plank same as erha n ↄmariε kpa to get up ↄkpa o v aga he got up from the chair kpaↄ mu dia to get up and stand to leave depart used with follow ing v ↄkpaↄ v en εvo he left the town or country kpa a re to get out kpa va re get out there cf kpa l kpararaɽaɽaɽa heh describes the noise of thunder
1569,kpataki,maliln principal cf Yor kpataki
1570,kpatakpata,describes the patter of heavy rain ↄrhↄ kp or de kp it is raining heayvily
1571,kpatalε,an expression used by the tortoise in a story same as
1572,ne,to defaecate
1573,kpe,m to wash things also parts of the body but to wash oneself is uε personal objects to wash with charms in order to transfer their strength to the person washed It can also be used for wash ing hunters dogs with charms but to wash things with charms i s rhua d to cure by washing a wound cf ukp ak
1574,kpe,fw to die out εvo ni heko kpe fwi that town is gradually dying out kpe to play an instru ment kp akpata to play the akpata harp orn a Evuropean guitar kp ema to play a drum kp obↄ to clap hands to applaude kp
1575,orhu,to blow a horn or
1576,akshε,a to shout in falsetto voice ii or uu in order to call one another at a distance as done by hunters trappers or farmers when they have Ilost their way b to shout words at a great distance as e g done by public criers c to preach cf
1577,urhu,to cal antelopes birds or squirrels with the help of leaves or through the nose as hunters do kp oxa to play the oxa drum cf kpei kpe to blame reproach in public ɣ εɣikpe ε don t reproach me in public df
1578,kpei,ɣe to flock round somebody
1579,kpei,to shout jↄkpei t ifa tie D he is shouting for them cf kpe and e kpekukpeku a kind of seed used as rat poison with kp ema c kpe II
1580,kpε,m to dig yams and cut their heads off which are used as seed yam the yams are then put back into the ground until the eru is built also kp ma km ema and kp inya km inya Of these the former seems to be the more correct expression while the latter is used by the younger generation cf ikpe ma to cut oneself or somebody else in shaving
1581,kpεe,to last to be a long time ago idiom v ↄmakpε eva when it has not lasted two after a short time kpεe fua to pass away time kpε eri to be under size of persons and animals only
1582,kpεyɣεε,describes a high degree of smoothness boↄye or srie kpεɣ m D it is very smooth not slippery erha ne
1583,kpεɣyεε,a smoothed plank
1584,kpεtεsi,upper storey or house with two storeys cf Yor kpεtssi v egedege
1585,kpii,describes a unanimous shout of applause used with the verb we h kp inya cf kp l kp ita to quote a proverb cf ita fi
1586,kpo,fua to slip away e g of poles tied together at the top used in roofing a house which become undone while the lower ends are being fixed erha na kpo fua these poles have slipped out kp obↄ cf kpe kp oxo ɽ to rinse a vessel cf s oɣ to bake only applied to akasa
1587,kpolo,to sweep idiom kpol
1588,gbu,to sweep the sweep ings to do the last part of some work to conclude a thing v XWi ε ohini w kpoo describes a bright but not flaming fire ↄnya kpoo it burns brightly with ba aɽnu εɽe ba kpoo his eye is very red his eye is very much inflamed b he is very angry kpoo describes report of a native gun which was not well loaded kp orhu J l kpe kp oxa l cf kpe
1589,kpↄ,to be numerous plentiful
1590,ekpↄ,they are not many cf Yor kpo
1591,kpakpdↄↄkpↄ,quite silent used with the verb hu nwa oↄhil nwa kpↄkpↄmↄkpↄ he was quite silent
1592,kpↄlↄ,to be big n ufi n kpↄlb gbe what you have cut for him is too big I diom skpolbe v urhu it is big on his neck he is in great trouble kp kpↄd w protruding ↄye kpjɽukp d i it is protruding an eye ball ↄɽu ikpaɽo kp R Ru he has protuany kp ↄtε to prepare ↄtε
1593,kpu,short u describes the fall of something round and heavy ade kpu it fell e ε of a coco nut mango fruit orange
1594,ize,or the like kpuku ɽu also kpεkuɽu short okpia na ye kpuku this man is short IIs
1595,kpukpuukpu,cowerIlng e g in ↄki re kp he cowered in cold weather with arms crossed and hands on one s shoulders also used with si
1596,kuε,to pass to go by a cer tain way Combinations with verbs la dia to come out of something sla di uw owa he came out of the house
1597,la,he passed behind the house into the farm la re is used in the imperative la re come the simple re is not used la e re would mean pass it e g a fence and come Combina tions with nouns la aɽo fo enter somebodys eye to please edi n ↄdεe la ɽ aɽo the thing he has bought pleases him v ye ko l la e hs to pass ear to listen Perhaps la aɽo and la e h belong to the item lao Idiom I oke l ugboɣodo to pass hill pass valley to go far and wide usi εɽe l oke l ugboɣodo his fame has spread far and wide I oɽe to walk moox the town oↄl oe gbe he is loitering about re to pass the gate come to be reincarnated in ↄl urh ovi εɽe re he was reincarnated in his son cf
1598,loga,tosound of an instrument such as a drum bell harp or guitar ema na la gbe this drum sounds much l a a formula used in a greeting given by junior mem bers of a clan to their seniors when meeting them for the first time in the morning They kneel in front of their seniors when greeting them The syllable la is usually followed by the name of the clan and an o e Q la vi eze o is used in the ivi eze clan
1599,la,to carry repeatedly several times v hε vio lagbala ori in no time very quickly an idiom lagbalagori Adezi gbe nε im no time Adezi a Bini warrior killed or struck it hap pened very quickly said of anything cf la la a to wave to spread of the branches of a tree v uwoↄwa
1600,lalb,to lick cf elalb
1601,lao,to enter la owa to enter a house ola ɽd he entered it but ↄgbera la owa he passed into the house la ukpo lovie to go to bed irala ukpo lovie am going to bed
1602,le,to cook ol εe he cooked it rhie ɽe n al εe bring it in order that we may cook it inya n ale cooked yam to charm by cooking with medicine for some days sl oroka na he charmed this ring better rhua
1603,le,in le nya to treatL with contempt by waving one s hand over a man gesticulate over him ↄle nya ε he is treating me with contempt also I ewe nya ɣEl exqe nya oε don t belittle me by gestures also ɣ L IrQ l exue to pass by some body s shame to overlook an offence for reason of the offend er s youth poverty relationship etc il exu ε ɽe I overlook ed his offence
1604,leilei,v teitei
1605,lele,x to follow lel εe kpas b follow him follow ing another verb along gwa lel z na ɣari ototo J pull along this river until Lit go its mouth lit hottom in an abstract sense follow ing in consequence of e g lel
1606,ude,following the advice in consequence of the advice occurs in a proverb only while taking the advice would be y ude yi
1607,le,same as n it occurs in le vo or le vOoyi l where is it
1608,le,x to run to flow εze
1609,le,the cloth he wears now has lost its colour to a great extent lε is heard also to make run in I Ta D to make a man run to keep the public at a distance e g the bull roaring performed at secret societies cf ulↄῦa Com binations with wverbs lε
1610,fe,to escape run away ↄlε fe oε xid he is escaping me along da e y εse n aɣεle f ima hold him well in order that he may not escape us
1611,le,ga to move around sgwa lε ga erha na he is digging yams around this tree ↄh ikek lε ga vE he rode on his bicycle around me lel lε swollen and big as of a corpse ↄye lεlε lε it is big and swollen cf l l εlε lele lε big broad as e g of a filled yam stack eru or heavily oↄye Ilelεεl it is broad eru εe si lεlz lz hisyam stack hangs lit pulls heavily cf lel Iq le ɽe to hide ↄlε ɽe he is hidden irhi εɽe lε ɽe I have hidden it Lit taken it hidden df le t te
1612,lzu,describes the fall of a heavy object having corners or a flat side such as e g an uxwerhe or an uhuῦ εdi ↄde
1613,lu,it fell in the way described above also mεu
1614,likiba,some kinds of trees Pawswnystalia talbotir P go himba P brachyihyrus P ma croceras and Coryantha pachy ceras wood used for planks in house building
1615,likpalikpa,also Ilikpilikpi rough pimply of the body uɽu egbe likpalikpa you make body pimply you have pimples e after eating too much sugar cane wv also ikp ↄxoe
1616,lo,vie to lie down to sleep ↄlovie he lay down to sleep cf vie lo towaste money time etc iɣ n ilo y oxuo na uhudu kpalb
1617,gbe,the money I spent on this woman bead is very much big Said e g of the dowry or when having settled her debts c Yor lo lo a to travel around said of an dba or ruler only who walks I round his E guae or travels around his country in order to inspect it ↄlo a gbe v εɣε ni he travelled around a good deal at that time cf la x l oqe c la l
1618,i,to grind to sharpen knife l ka to grind corn
1619,is,x toiron press a cloth or clothes lo u kp ni ssse press that cloth well the low tone of the u is not indicated above ↄlb re he ironed it to step sidewards in dancing e g in ugba akaba and
1620,ohoxo,
1621,iagiclbgivↄ,describes a sway ing kind of walk almost the same as gↄlbgdlo but con veying the idea of the walk being more pleasant Used with the verb xia
1622,loxↄ,X to pain to ache to cause suffering ↄlↄɣ oε it made me suffer a disease salↄ ↄe it pail ns him to be difficult ↄlↄɣ me or Be it is difficult for me with an object of the third person however ↄlↄ y ↄe is used o lywd nε is not used
1623,lssa,
1624,lubaseɽe,anklets worn by a prince okoɽo v Idzb Idz Idz
1625,lue,lLt to chew mouth yaɣe v ↄ al unu go and look how he chews
1626,luglug,towither ebe na luεlu e N this herb is withered
1627,lusluε,describes the move ment made by the bird ahɽa
1628,osa,which nods with the upper part of its body and the coitus movement l uɣQaε to be different ↄɣ s na l uzaε gbe hrmmn this my own is very different I am always treated in a different way l uɣDaε hi to differ from something cf uya
1629,luzu,to stir up to mix same ast uxu ↄl uyuv fko he stirred up my stomach he caused me pains in the stomach or abdomen viz by a blow
1630,luluulu,fat and strong of a cow or ass but also of very fat people w vuεvuεLuε fat and lazy ↄye luluulu l unu cf lue l urho re cf la ma an auxiliary r ex pressing that something has been done before used with yi same as ka also te LD dmaru en uxudtuyi he has made the medicine before arowa a w i we mata ma a yi n udog Dε nwina L your master said he had told you before to come and work with me ↄma nwina yi he has worked before Apparently this auxiliary s always in the perfect used in the negative perfect of any verb with a high tone pronoun e g mafu εe he has not donme it vw ↄmaɽu e yi he has done it before and maɽu e he pretends doing it w ma In combination with following he L I this ma is used to express that the action has not yet been done ↄmaheɽu ε he has not yet done it ma to simulate to pretend to do something the verb is apparently used in the imperfect only and may be identical with ma I ↄmanwina he pre tends to work but smanwina under ma g smaɽu v da n ↄxxwovi l he is acting like a sick man he simulates illness ↄamam mu v ↄBa n ↄɽ dtↄ ɽe LA LU AN he is acting like a man who knows the bottom of it he pretends to know much about it m ε i s to give a false state ment to be a false witness The first part of this verbal group was stated tobema topretend cf imawu ima u ma to fit to suit ciothes or a dance ukp n ozo rhua ε ɽε ma ε the cloth which Ojo has put on to day suits him the r is not nasalised iku n uku ma a the dance you are dancing suits you ma gue to grow around e g a white ant hill grown around some object or a prey entirely covered by soldier ants oxia ma gu εɽe the soldier ants have covered it The gu is low here ma to make pots or bricks iterat manos tomake many pots or bricks to bake rice izε cakes iIn m ize cf ↄmawe mizε
1631,ma,short form of the personal pronoun Ist pers pl used in front of the verb cf ima ma to show ma ebe to teach ↄma ebe he is teaching me book cf umeRaek I l v ta ma a lma ya ma I
1632,wil,to be good ↄma all right ama n iz ↄɽ bↄ it is better lit good that I should leave it instead of ma
1633,skere,may be used Names ↄɣ ε ma oε my own is good for me given when a child is not very nice but the mother is content with it aghs may be omitted n iye ma where I am is good I am content with my Iot a woman s name ma to conquer knock down in a wrestling match general fichting etc but also in a law suit v osuru
1634,mama,to Stick together ebe n ighe y εvee na mama ku gbe the leaves with which I covered this kola ebe to pick are sticking to gether to press to massage fi ukpↄ y am erh na n uya mama o egbe dip a cloth into this hot water so that you may take it and press i massage my body cf
1635,muma,mama me le to commit suicide stecame xe he was about to commit suicide v ze m eto mb
1636,me,contracted form of the verb na t o give with pro nominal object of the st pers sel Tε c ma
1637,me,da to make a click with long suction as a sign of I contempt for somebody wɣe me da e don t make clicks at me also ɣε da is rather long Clicks are also used as an expression of grief hence cf oma m εti cf mu
1638,meu,to press to sueeze mi ukp to wring clothes mia e to be difficult inwina na miadε Bε gbe this work is very difficult for me
1639,miε,x to see to have
1640,mie,mu to find migε
1641,ze,to pay the membership fee of a society i e in money or in the case of the Ekpo society and others in yam If everyone has brought a yam a woman is chosen to prepare fufu and a feast is held um inya n ani nwusε zε yi have you got the yam which is your share allotted for you to pay u ni to pay ε imic
1642,ze,yes I have got it to pay i e I have it here and can pay it mi aɽo to pro phesy mi egbe to meet mami egbe n odε we met yesterday v va mi
1643,ehe,to get a chance used in the perf ↄmi ehe nalε he had a chance to escape also mi eke mi uhudtu tto be saved from v obↄ c
1644,miε,to obtain something from somebody miε fa to acquit to redeem ↄmi ɽ ε fa he redeemed him mi
1645,arale,to meddle to interfere v tafia mi arale y ↄῦ ε ε he al ways interferes in my affairs mi exo gi ih to give food to a god rhie is also used mi ῦ aAvε to see somebody s wife to commit adultery u miε miεmi ε to be sweet like sugar cf mismismi ε to suck sweets e g toffee
1646,mirmiεgmiε,sweet used with the verb ye m igbo yll to echo m igbo xia L Nitis echoing along
1647,mina,to dream dt imina n dminaε ma ῦε he told me the dream he had dreamt cf mig imina
1648,miↄɣ,to be slippery ↄmioↄx ε v ima la enwa it was slippery when we passed at that time ↄmioY ε it slipped me viz the ground I skidded ↄmioↄ ob ↄ ῦt Q it slipped out of my hand cf miↄyJ mi ɣↄ smooth and slippery like e g varnished wood used with the verb ye c miↄɣ alimi ɣ v kpεxε
1649,mitaa,describes a very lazy way of walking used with the verb xiia c mitAmita mitamit too small for one s age poor looking in the meta phorical sense used with the verb ye cf mitaa m ize c ma
1650,mm,no
1651,mmm,with a preceding glottal stop very low tone describes the cry of a biz monkey name used with the verb tu m obↄ m oha m ohioɽo m ohu mos m otↄ f mu
1652,mosee,nice beautiful used with the verb ye owa na ye I
1653,mosee,this house is very nice mosemose is also used A would accept mosemose only cf mu mp in m eto to plait one s hair sm eto she plaited her hair cf smeto mpo to bear fruit of plants
1654,momy,ɽ to lend ↄrh izo na
1655,mombp,he lends money mmo m d ῦ iɣo he lent me money to borrow imj m fikp v obↄ ɽe I bor rowed a cloth from him n irhie xari uge to take it to go to a dance v iɣo m ↄt cf mu mu to take up to carmy t mu mu ihε he is carrying a load imu ε v
1656,obↄ,I carried it in my hand imu ε wv ovo I lifted him on my back of babies iy iyeke mu ε I carried him on my back of somebody who is ill or e g when fording a river imu ε y uhudu I carried it on my head to snatch to catch imu ε v eɽo I caught you in your trick caught him mu ε imu gr igbina I snatched drew him away from the fight the ɽ is not nasalised c Yor
1657,mu,de to bring something to somebody v mu re ↄmu ε de he is bringing it him I
1658,mu,dede to embrace smu ε dede he is em bracing me mu fua to throw away but for lquids and grains v mu kua mu εdi ebo ni fua ɣ sma throw that pine apple away it is not good
1659,mu,gbe yi to put something across something else amu ε gbee y ↄ he put it across it mu hε to begin to start mu in wina ni hε itere start that work before come
1660,mu,bhi to take off away mu ediɽ ebo ni hi eva re take that plate or those plates away from there the iterat form munp would not imply the plural plates but taking them away one by one mu ke to put a pot on the fire mu
1661,kua,to throw pour away ligquids and grains ame ni tuɣu mu ε kua that water is not clean lit dis turbed throw it away mu kpaↄ to take away
1662,mu,ma to show imu ε ma ɽε I showed it to him v the next mu na to give imu nε I gave t him imu ε nweε yVe NI gave it you to look at I showed it to you diom ↄmu e i nε ɽe lit he gave him something to eat he poisoned him v fua but ↄrhi evaɽe nε he gave him something to eat
1663,mu,nya a to cary on i e the head imu ε nya uhudu imu ε y
1664,uhutu,re to bring mu de for the use of re and de v the corresponding headings
1665,mu,ɽ L to take to think to mind to worry amu ε ɽo don t mind don t worry sεzε y ↄ
1666,mu,cu to cheat smu u
1667,gbe,he cheated him much
1668,mu,xua eff to carry something on one s hip support ing the load with one hand mu uε na to give a marriageable girl in marriage without previous ugaῦε or dowry mu wi to lock somebody up O mu Odε xwi Ojo locked Odε up mu ze na to feed to give chop invisible spirits i e witches εrεe juju messengers mot jujus it is not a sacrifice with slaughter ing and if a chicken is given it has been killed before at home v wa n azε to give food to witches by way of slaughtering an animal on the spot mu followed by nouns mu aweε to fast mu egbe to get be ready to dress s mu egbe he is ready m εti to be able cf s εti sm εti ɽu e he is able to do it mu idada to guess idada ɽ umu na you are only guessing mu iro J mu igbina to make peace to settle a fight muy iro to guess a riddle ↄmu he has got it by guessing v also ta mu i I rhirh to be become mouldy w si mu
1669,ixo,to let blood mu iXo n owiε he let my blood this morning m obs to do something very much or well s m obↄ gua gbe he knows well how to dance mm obↄ r igai he eats much Gari mu oha to be ter rible frightening to terrify mu oha it makes me afrald md ohioɽo to be desolate of a house mu ohu m ohu to be angry ↄm ohu oe he is angry with me not as strong as xu iwu m ose to be beautiful nice mu ot to become serious A Biogr muy kp tu to be unfortunate in something mu t m ↄt to be rusty d pia na mu t this matchet is rusty m ugbo to do farm work as one s busi ness to be a farmer m uri pt to stop temporarily in doing something of growing bearing children or work uhu f mu uri his growth Lt head has stopped for some time ῦ ↄm ɽε m uri her child bearing ε
1670,dmob,matter of child has stopped for some time v kpε eri mu in com bination with noun and verb mu aɽo da to take carry eye towards to face ita mu a o da re they are facing him mu εbo
1671,gbe,to swear juju on some body by going actually to the shrine and solemnly swearing by the god v t ih ti εbo which only imply calling the god s name as a curse on some body and also any minor kind of curse in which no god is men tioned ↄmu εbↄ gh e he sworejujuon him mu sti
1672,nya,to trust in somebody uwε imu εti nya v i aya ɽu d g ugbugbε hia iwt is you I am trusting in whenever I am doing it at all times mu idobo yi
1673,egbe,to put obstacle to one s body to hinder to put something in one s way w gbe ode m unu y eghe to take mouth to onef s body a to be uiet used as a command only m un uε y eghe shut up bε followed by
1674,gbe,if he does not want to marry the woman or if he has sympathy with her husband m unu y egb εɽe gbe she proclaimed herself to be the dba s wife mu use gie to glve somebody agricultural help also y use gie ya im use gi εe I helped him with use mu to be sharp abε na
1675,mu,this knife is sharp f Yor mu to be sour of soup which has been standing for some time unwHῦε na mu this soup is sour mu to be dark only used with
1676,edε,day εdε mu it lit theday is dark v so I nwh WW mw di l stand to stop Idiom iy ow dskpa mu dia I stand on one leg I have not yet reached a decision in a palaver or in any problem mu dia na to stand bail for some body mu dia me itey owa re stand bail for me until go home and return i c until I have returned ↄῦa n imu dia na le fua the man for whom I stood bail has run away which is said to happen often mu dia ε to wait for somebody mu dia xε be ɣ ide wait for me for I am coming Redupl in imu dia mu dia I waited and waited mua I in mua ε ε to disobey to argue eεε wXw dve mua ε ε don argue the matter with me don t disobey me ↄmua εῦe he argued my word he dis obeyed me also mua mua to multiply inya na mua gbe this yam has multiplied not of the harvest but of an amount or piece of yam which has yielded more fufu than expected also mua mua is also used of money that multiplies by trading
1677,muegbεdoco,a bird rather big similar to idu a dove cries at night and in the evening and morning Its cry believed to be caused by worm bite is interpreted as am ready for Benin i c a cry to affirm its willingness to go and serve the Jba while on the other hand the worms that in Bini belief cause it to cry are thought to be a punishment for a previous refusal to serve the dba Another interpretation is a mockery directed at boys whose mouth is affected by yaws u nu ofiofio c
1678,ofi,faint faintly of a light m ugbo m uri m unu m use cf mu I
1679,muma,or mu ma to be pressed together e g cigar ettes in a case or butter melted in a lump cf mama e n relative particle not in dispensable the following pro houn which is closely linked up with it has low tone in the ipf and high tone in the pf e g n ↄɽu εe who does n au εe who did in the plural i can be used with the relative particle e g ekita n ibi many dogs dogs that are humerous n a particle conveying to gether with a particular con struction auxiliaryyal tense particle a the idea ex pressed by the English instead of doing n u ayaɽu e ukelε fua instead of doing it you ran away Possibly the particle is identical with e n and the sentence a re lative clause e n particle introducing a sub Junctive with a high or mid tone pronoun ↄw en iCu εe A we he told me to do it na I x to give the verb has three other different forms em bodying the objective pronouns lvr of the singular viz mε to give me nuε nwusε to give you and ne to give him e g in oↄrhi εe me he gave it me irhi e nwuε I gaveit you irhi εɽe nε I am giving it him also ex presses that something is done for somebody ↄɽu e nε N he did it for him n ↄBa n ima nwina na ivo where is the man for whom we are working cf m nε
1680,nwue,to tell to narrate to somebody ma na ε ma Oε ɣ iho n ihↄ don t tell it me for I don t want to hear it n erhudu to bless somebody na occasionally the blessing is accompanied by the speaker taking his exwae and blowing over it in the direction of the man whom he blesses curses are emphasised by touching one s lips with the lips and then spitting sn erhudu nε he blessed him n inygε to gossip to defame εɣ in iny ovi efrze x don t defame somebody else s son na in n ema to tie the yam branches to the yam poles
1681,ikpesi,and ε by means of ropes or creepers ia e g in order to spread them out ↄy ugbo n odε ya n ema he went to the farm yesterday to go and tie the yam branches up cf inema ba ema vi ab
1682,ema,an auxiliary verb used in relative clauses when the rela tion is a temporal causal or local one when where therefore v εɣε n inare at the time when I came v ya
1683,na,attributive demonstra tive pronoun this preceded by a high tone e g ↄa na this man at the end of a sentence it means something like now but perhaps it implies a notion of locality as well ukp uxi na are you selling cloth now i e as you are standing here with nia in stead of na it would mean are you selling now or not e g when the man addressed is fidgetting with the cloth c mna v ni n aka T middle only iIn εd ekε n aka the day inter mediate between two rest days e the second day after each rest day ek perhaps it means however originally the minor ekε mild innocuous in amε n aka mild rain and perhaps in εnyε n aka grass snake c e ne e maɽε idiom for n ↄnya yε his master v also
1684,afowa,where is your master n ↄnya tu vo f nya r e n aw usi all the time ke n aῦ usi ɣade from all the time coming since all the time cf e ne usi eme or a demonstrative element apparently to some extent equivalent to the English definite article it is always put in front of the noun qualified by it but if the noun is followed by the name of a locality the ne stands before this e g dD wahε h n ixuε the xwahε of xuε It occurs also in a reduplicated form nene which probably is more em phatic e n ↄa the man spokenof nen ↄῦal that very man f a noun is re peated with the ne placed be tween the two repetitions the meaning of the noun is aug mented by the notion big or real main prncipal e g imazD y ↄῦa n ↄBa ɽe amaw
1685,uwe,we N Ido not mind a big e important man how much less you Inwina n inwina inwina hε na D UA something like this is a good job of work I did for him When preceding nouns expressing time like εdε l day εɣ time
1686,ukpo,year it conveys the idea of ago e Q n εd or pJ in the old time in the old days as in sHpom ede ot uwa na iherh ukpd n the old times your age group did not yet wear cloth to a young boy fur ther n ukpo last year cf ukpo na or n ukpo na this year with the forms n zkp ia two yearsago lit three years ago as the current year is included in the calculation n εkp enε three lit four years ago n gkp isE four lit five years ago etc v nm εv εd nodε Finally ne is often used in front of the ordinal numbers e g in n okao the first n ogieva the second etc which can also without the exception of the first occur preceded by ukp as e g in n ukp ogiecha the third n ema cf na n erhutu na nε todefrcate nε he is constipated
1687,ne,already often used after
1688,fo,finished but also after other verbs ↄfo ne ɽa is it already finished
1689,neε,he and it when followed by vo where is cf also lz it is also used but only of human beings while ne is used of things mostly ne
1690,vo,where is it nε cf na n gv an element preceding the word εde day combined with a numeral or one of the nouns meaning a certain number of days it adds the idea of ago cf e ne e c n v us five days ago in cluding to day i e according to European calculation four days ago n εv dεha six five days ago n εw εdεhiɽ seven si days ago n εv εdε ɽubaɽε eight seven days ago n εw uhudBur nine eight days ago n gv gde gbe ten nine days ago but without n εvw uki ↄkpa a month ago alsc in a month v εɣε
1691,niri,q to capsize ya Re v oko na ni h look how the canoe is capsizing okↄ n ↄni a capsized canoe to upset a canoe to make it capsize ufani okↄ naɽa do you want to upset this canoe ni to give thanks for food given v kada and bukpε uni nε can you not thank him ni to decide stipulate the amount of fees to be paid by members of a society n ani meε ma xi lLt what has been stipulated as subscription for me is this also m ↄna hL Also n o e g in ifa n izo mε zε they de cided on a certain amount of money for me to pay
1692,ni,preceded by a high tone demonstrative pronoun that It occurs also in the form Hij which howeyver is rejected by A ↄbBani that man Itis also used after a relative sen tence e g ↄBa n ↄre ni ↄ c Bε nↄ that man who has come or the man who has come there is my friend Further it is used after other verbal forms uxidz ni something like are you going over there or youover there are yougoing cf ↄni ↄɽX na nia also fid which is rejected by A now ugɣayo nia uxid nia are you going now It is never used at the beginning of a sentence but v
1693,eba,to stretch ↄni fε it is stretched ↄni ɽ he is stretching it n io of ni n inyε cf na eJn odε yesterday the n is the definite article cf e ne h
1694,no,to ask n ↄta to ask a question in ɽ ↄta I am asking him a question in ɽ eῦi am asking him sOme BD I thing ɽ is not nasalised in the last sentence n ↄkpa pl n e the other gvo n ekpa the other countries abroad mu edῦiɽebo n ↄkpa me bring me the other plate cf e ne I
1695,skpa,pl n exwa big erha n ↄxwa a big tree idiom evi n exwa the big things an dba s funeral iɽa n exwa the big ones the witches cf e ne
1696,nununu,dark of the sky be fore rain an old expression used with the wverb bi v
1697,kakaaka,to grow up of men and animals pvoxa na f ko nwa de xerhexerhe I this child is growing up come step by step lit small small
1698,inwaɽe,I am grown up n ↄnwa a grown up man from about years of age wabu en inwafε n ifa gua y εz
1699,uwa,you pl go and meet senior people that they may decide lit talk into your case or quarrel to be sensible reasonable ↄnwa gbe l he is very sensible nwa to be bright of the day εdε feko nwa nε the day is getting bright now when the morning mist is vanishing gde nwa m oto mu the day has be come clear to the ground it is light e at or Zam of nwa nwa to praise ↄɣanwa ova nwa rmeni he is praising his nickname or praise name and praising his name he is quoting his praise name and his name adding praises in order to obtain something the r s following nwa are not Fonm nw ame cf nwo
1700,mmw,nwahniε to reply to acknowledge a man formally as the betrothed of one s infant daughter b as the trustee for some animals handed over to his care In both cases the man is called oruaε The acknowledgment is sanc tioned by a sacrifice to one s
1701,erha,in the case and to one s obↄ in b he pro cess is called enwaniε in the case of b and inwaniↄPmpod in that of a ↄnwaniε ῦε ɽe he confirmed me in it e as son in law or as trustee cf xu niε
1702,nwano,Just now cf enwa ɣade nwanwa come just now In quick speech ɣade is heard instead
1703,of,also nwa nwa ε hi shining of velvet izbegbe Japanese silk eti aɽ h igbegbe na fi nwaεnwa ε this igbegbe stuff is shining cf nwananwana
1704,nwiε,to wear off of things which rub against one another or are tightened such as parts of machines screws but also e q a belt or clothes wearing out through long use to squeeze something so that it falls to pleces I
1705,nwihi,to scent to smell pleasantly but w wia verbal noun unwihiGε
1706,nwina,to work nwina y as
1707,de,work for the night s coming cf inwina
1708,nwd,to drink water and non alcoholic beverages ↄnw ams he is drinking ↄnw enws J it is drinking milk i e suckling of a baby da is used with alcoholic drinks but nwod alone without an object means to drink alcohol in an emphatic way in the follow ing ↄvenw he is very drunk again and as answer to a question amnwos he drinks i e he is a habitual drunkard worse than ↄd anyↄ
1709,nwonwdynwo,yellowish like half withered leaves used with the verb ba nwaεε thin narrow ↄ da nweε noↄ he is a thin man ↄbBa ne nweεɽε a thin man owa n ↄye nwa s er urabↄ ra is it a narrow house you are going to build
1710,nwue,r to open mouth eye
1711,nya,aɽu a short for Cua Lt to open somebodys eye to cause admiration ɽf nya v aɽu a ghe lit his matter has opened my eye very much I admire him greatly the is not nasalised ny unu to open one s mouth
1712,nya,unu to astonish to surprise ↄnya d unu it surprised me v kpa
1713,odi,fua v igεg nya to tire to weaken used with obs and owe apparently after some exercise only u wa which is used with egbe only and xa
1714,hiwhw,my feet have weakened me my feet are tired after a walk nya to be bright ablaze fire anya kpoo it is very bright in full blaze ba
1715,nya,an auxiliary verb used in connection with rhirhii in dicates ageneralizing clause best translated by ever however or possibly v ↄnyarhirhii ɣaye hε t l ami ↄR t however possibly it may be I shall certainly see him edi n dnya rhirhiivaxi t igamu ε N whichever thing it may possibly be I shall certainly catch it e c when fighting against the influence of witches or else of an animal that has entered the house at night nya r to possess to own ↄnya ebe na it is he who owns this book m nya o wa na it is I who own this house ɣa nya ɽ who owns it whose is it n ↄnya o X my Lord Bibl my master but n ↄnya
1716,ε,he who spoilt me v nya l n ↄnya eῦa our Lord to be above ↄketota nya uhuS en kpε si and he was sitting on the box skeri ↄbanya agb hia o and he ruled over the whole world mu nya to promise in nya enya L v we dex nya to spoil a child by wrong education nya xa to tear to pieces cloth mat net v sↄ which Implies tearing across only sO that the damage can be mended nyaywɣa w iukps he tore my cloth to pieces may be in tensified by nyayanya xa cf nyazanyajɣa nya anya a describes the tearing of cloth cf nyay a
1717,nyaka,to walk like a cripple with legs wide apart also of
1718,egwi,Dbig of the heads of human beings and big tortoises only ↄw uhutu nyaka M he has a big head nyamaɽ a also nyamarha wide of something round or oval like a man s mouth or a round pond used with the verb ve gbodoo
1719,nyamia,to forget ↄnyamiaε ya ta ma oε he forgot to tell me possibly the high tone of miaε implies a ne gative belonging to the following verb
1720,nyamnyam,carousing
1721,nyanya,m to yawn to sigh to flash of distant lightning unaccompanied by thunder od uxudul or ame nyanya ightning is flashing afar
1722,nyarhunyarhu,describes the walk of a short stout man with flat feet wused with the wverb
1723,xia,to be deaf ↄ ny ehs he is deaf teny eh he was deaf before but no longer now
1724,nyε,to press to knead nyε iga i ni press that garil nyε egbe to strain in delivery or when going to stool nyε εnyεyεnyεɣ ε curled like the bhair of an African and also thin e g of the spring of a watch used with the verb
1725,ye,to be thick of grass le to be hard to cut ifudu na nyi isεti gb ↄ fo ɽ ASNA D this grass is thick I cannot finish cutting it to day nyi in nyi ehiε to pinch with the finger nails e gQ In order to tell a man that some body present is lying or as a Joke possibly ny
1726,nyi,to lLve somewhere to stay ikanyi ε do ywi I have stayed in Benin before idiom ↄnyi unyiv esi he is leading a good life he has good manners nyi ya
1727,ke,to be near d ↄBa n unyi
1728,ke,which man do you stay near to who is your neighbour ↄrↄma n ↄnyi k ok ɽ ma which is near the sea epithet of the river dd ma though there is only one river of that mame cf unyivε
1729,nyiɣε,to be very lean of human beings or animals cf
1730,nyiqεnyixɣε,very lean of a human being or an animal used with the verb ye if the subject is plural nyi Rnyi ɣ nyiɣwε is used I ny unu f nya
1731,nyudu,r to shine of the sun ovi nyudu the sun shone to become glazed of eyes in death or in a faint followed by ɽua which is also shortened to ua oa ↄnyud dɽo a v ↄrawu he changed his eye when he was about to die o or according to the pre ceding tone an emphatic par ticle added e g to greetings koyↄ o hullo as reply or used when at a distance from the addressed
1732,oba,a pattern similar to a chain oba n uɽ two hundred oba two chains in terwoven
1733,obele,paddle
1734,obεko,side of abdomen cf
1735,εko,track cut through the bush with a matchet not cleaned mostly a casual track not destined to be used as a path Once a track is cleared it is an odeε
1736,obi,poison obi me a snake striped and shining like velvet very beau tiful harmless v εnyε
1737,obiriki,G thompsonis obobo a food cooked yam mashed with oil
1738,obobo,fower
1739,obodo,turning rapidly round in dancing pirouette v gber
1740,obs,X arm hand side ob erha father hand right hand side ob erh ↄῦa a man s right hand side v odz ob iye mother hand Ileft hand side hence also ob ↄkpa one way from with ev e g ↄd ↄre v obↄ ῦε he bought it in my hand from me handle in ob ikek handle of a bicycle the hand as a force that is worshipped v ikega title of a chief who represents the ba s Obↄ in the sense described under one of the body titles egi egbe cf abs
1741,obↄkεῦe,quickness alert ness obdkεn ɽε v eDi n aɽu yε Be ne ghe Lis quickness in doing things pleases me much in him Reε d
1742,oba,clay from river bank used by potters and by black smiths to build funnels for their bellows
1743,oda,oda and idaw εsi The original meaning seems to be heel
1744,odede,senior grand in names of relationship v iye and erha oded εɽ i senior of the Jvia society v ekeze iye
1745,odε,r general term for way road a cleared bushpath od abↄtↄ a short cut not known to the public od ↄfiamu short way general term f fia mu v okuo od oɽe entrance to the compound from the street v obεle ukpo fi I manner of doing something ode n iɽa ru εe la o na xi the way they do it pass i is this that is how they do it with following geni tives denoting locality expands the area referred to by the following genitive making the precise significance into some thing more vague od aɽo in front ahead in front of od iyeke at the back be hind od iyek owa behind the house od ob erha the right side la ɣ od ob erha a
1746,fve,o to the right way of hand of your father od uxudu upwards above od uxu εɽε above it od ↄwaɽa straight on used metaphorically i In od ↄwa a odlr od er gua r E la straight on it is that he is talking his word pass he is talking in simple plain words Expressions of a more specified meaning od uw owa uwu inner apartments of a house where guests do not usually enter i e the last iki and its ugu ɣa and ↄgwa od εriε women s apartment in a house harem eriε alone usually means ba s harem odi x wall round compound in houses of the old type new houses opening directly on the street room between com pound wall and buildings neigchbourhood district c Yor
1747,odi,rnver
1748,odi,a position in the ogwh ga divination o c c o of Yor origin a deep spot in a
1749,odi,deaf and dumb person cf Yor odi
1750,odibo,favourite servant who knows all the secrets of his master
1751,odigba,T broad coral collar worn by the ba and some chiefs often seen in brass work e gQ L R p ap pellative for a pig s neck odiy i natural pond or lake as caused by a river e g at dbajere Iyansmo Udo and Ari
1752,nya,near Udo odid da sacrificial killer be heading at human sacrifices in the old days cf ↄῦa
1753,odo,wooden mortar d Yor odo odo mangrove Afza bipindensis also called odo n
1754,inia,the root mangrove from its many long roots odo n ↄweεe the male man grove is Rhwz phora racemosa with stronger wood sort of potash stronger than ikadi obtained from the wood of the mangrove by cooking it and leaving the water to evaporate on the fire used to thicken soups owo and also in the pre paration of medicines odo a disease ascites
1755,ododo,scarlet cloth c Yor
1756,ododo,name of a mas querade held during agwa ↄ εnε J the masquerade is also called εrivi ododua J cf Yor Odudua and Bini Og odua J
1757,odb,there further away than
1758,eva,they are there deɣ odↄ hiama is everything all right there lit all the there od froth coming out of children s or sick people s mouths caul
1759,odudu,a children s disease spasms odudu was stated to be a witches name because they are as merciless as the disease
1760,oduma,hyena probably not native to Benin but occasion ally shown round by northern Nupe people Said to knock a man down with its fist and to restore him to life by a second blow of rat mouse hYl
1761,ofi,yaws
1762,ofigbↄ,palm oil ofigh r ima
1763,dε,it is palm oil we are buying ogi prefix used in the forma tion of ordinal numerals with the exception of okao first e g ogieva a second b companion play mate colleague somebody liv ing at the same house as a term of address oko is used
1764,ogieha,third ogigbe tenth also ukpogieva etc
1765,ogi,a creeper Cilrullus vul garis its fruit it produces seeds which are used as ingredients of ev ariε native butter
1766,ogiatee,ɽ a chief who pro bably is the descendant of a dynasty ruling in Benin before the present one a sib its senior is the chief bearing the same title its centre is in Benin City on the left side of Sakpoba Road the sib is said to be big f Yor al I and scattered everywhere its greeting is la εrεe εgbhεe L J Obi
1767,ogida,rT name of a village sitmated on the Siluko Road helpin childbirth often given by inhabitants of the above mentioned village though now adays it is no longer their special task
1768,ogidigbo,a drum similar to oxal c Yor ogidigbo
1769,ogie,x a ruling chiet or hereditary village head in some prailse names the word also applies to the Oba e g In ogie n ↄny agh nya εɽibGi J the ruler who pos sesses world and possesses world of the dead ogie n ↄgbo Da edε n uwu ix Da x A the uler who kills a man on the day when he Is not in need of death The following expressions containing ogie have a special meaning ogie ivi otↄ a ruler cannot sleep on the ground a platform for sleeping made of sticks and planks also a Furo pean bed v akpεkpε ogie n ῦↄ dwroɣo a ruler who has no servants act of making an ihoi in the game called isε n ata senior headman ogi ewaisε senior of the ewais who attend to the dba s Osii he represents the ba at that shrine and acts for him main chief principal of animals plants objects ogi ava midday ogi kpↄ e a tree bigger than εkpↄ oe D perhaps identical with uvi n
1770,esa,a bigger variety of millipede with a red head og ixiGi a tree Kigelia africana ogi ovu a tree Antiavis africana the bark is used in making a kind of leather bag εkpoki ogi
1771,uro,goal mainly on the board of the game called isq but also in general use The following examples do not show tones indicating a genitive re lationship as the preceding ones did ogias midnight
1772,ogioha,king of the bush a name for the leopard ogiukpo dais of mud at the guae for the dba as well as at the Ezↄmo s house at those of some big chiefs and at the shrines of gods ogiuzo anantelope a little bigger than uzo its skin is similar to that of εrhuε cf egie igie ugie Ogi efa title of a chie f a sib headed by the chief Ogi efa the real name of thissib is probably Iso Its centre is at Benin City to the left of Ikpoba Road The greet ing in the morning is la εso c ogie v gbεe
1773,ogiε,laughter ogiε rhie t J laughter takes me I must laugh cf giε
1774,ogigha,wild yam in bush is not eaten v ema
1775,ogiogivc,goodheartedness ogi ibi charcoal used by blacksmiths mixed with the leaf of ogbigho applied to walls of houses vw usie cf
1776,gic,king of Death the personified Death he causes thunder as well
1777,ogo,overgrown clearing in the forest indicating site of an old farm og ugbo is used with following ukpo e Q in og ugbo n ukpo farm of last year og ugbo n Rkpia farm of last year but one ogo alone is used as well
1778,ogolo,mantis it is said to bring forth snakes i ec small longish worms that come out of the body of a killed mantis therefore it is called ogolo n ↄbi
1779,enyε,mantis that bears
1780,ogoro,male of a or jsεle adeka
1781,ogolb,long monkey tail ogol
1782,eme,tail of monkey more used than the single ogl ogui r Pl i blacksmith also ogɽ emat but ogu ɽ is brass smith According to more recent infor mation from A only the i pre fix is used in both these expres sions Both blacksmiths and brass smiths are gangs of the dba the brass smiths form a separate sib v Igu ɽoῦo the planet Mars og i n am a sea animal whale shark breaks canoes with its back therefore called n ↄva ok ↄ that breaks canoes cf Ogii OgQii the god of iron smiths hunters and warriors one of the highest gods in rank all the Iron is under Ogf His sanctum in the house every compound has an Og i is composed of pieces of iron but when a sacrifice s made all iron imple ments must be taken to the Ogmi If one does not sacrifice to it one may wound oneself with a knife or any other iron tool A reason for a sacrifice may be the too frequent menstrua tion of a woman The sacrifices consist mainly of dogs tortoises and snails and oil must be used in them c ogifi and Yor
1783,ogii,m a house at the guae in which agw is held occurs in f ueriε n ogud eunuch in attend ancein the royal harem it seems that these eunuchs are victims of accidents during circumcision due to their having been be witched
1784,oguaywo,a timber tree Khaya worensis Ogwango
1785,ogue,poverty cannot be used with the verb gbe v
1786,ovi,a brown antelope
1787,ogwa,fish basket trap
1788,ogwεga,x a tree Detarium senegalense also called erh
1789,sgwega,proper though it is not believed to be as useful for the oracle Another substitute is the fruit of the axwsxwe tree the method of divination w also
1790,ominighↄ,is a string with t two outer seed halves showi their inside and the two int halves showing their cov Under the headings deal with these positions o yv mean open andc covere as reckoned from the top of f string The names of f positions are odi oɣoi
1791,ofuhu,and eJdita As f relations of two strings to another are always consider these names are usually co bined e g ↄh ↄɣae ax ae If both positions the same their name is follow by n abe combined e ↄka n abe The code this divination gives a fi sentence for each of these co binations and the task of diviner is to explain to his client the meaning of the sentences appropriate to the arrangements of seeds As these represent certain typical situations in life their corresponding names in the code are often used as idiomatic deep expressions for these typical situations v eh ↄɣael andoↄkan abel The actual throwing of ogwεga is done in the following way alligator pepper fhi
1792,gdo,do you know the word he has said puts uk iha between the strings and throws them so that the εɽoɽo and the cowries fall at his side
1793,ogwi,mango tree and fruit Irvingia gabonensis another sort is ogwi ebo ogwo riot fighting between people of the same town or the same family also igbin ogwo I ogba xX fence fenced space e g garden yard ogb
1794,oɽe,digging stick for digging yams pointed at one end made of the heavy uxu wood also called ogba n aya kp inya stick that is taken to dig yams v asegiε ubi L
1795,ogbe,the dquarter of Benin City in which the guae is situated it is there that the Evxaεvo N ogbe are living
1796,ogbe,next year ise l oghe a salutation addressed to the giver of a present at eho time cf isε la reply by the giver ogbe magba r dn the new year we shall live together
1797,ogbelaka,a band of people serving the dba on several occasions they dance at the coronation day beat the drum
1798,enwini,at ugies and perform ikiewua theyhave a special quarter at Benin City Ogbes name of a Bini village seat of an d wahε shrine
1799,ogbε,house in which a big chief in Benin is buried every chief living at the Og be quarter must have such a house In ofe m xwa lit the big town i e the other part of the town as only the dba is buried at Ogbe
1800,oghi,a position in the ogwε ga divination o df Yor ogbe
1801,ogbigbi,rapid current of river brook εzeEnalε ogbighi this river or brook flows rapidly idiom ogbighi εze lε rushing flows the river things are coming in plentifully cf gbighi
1802,ogbodu,a small but noisy bird the pin tailed Whydah I
1803,ogboi,r an ignorant man ogboi nↄ v en εzↄ he is ignorant in the lawsuit somebody who is uninitiated Into the mysteries of a cult o ɣaba a tree Macrolabium macrophyllum the wood is used as firewood the bark or the Juice as a medicine to throw Intended evil back on the ori ginator o ae share in a specialized sense share of any thing divided given to the divider as payment for his work okɣae d ↄBad ↄJd ↄnaXi this is evweryone s share cf
1804,ɣae,name of a Bini village seat of an dxwahε shrine o ɣe ɣe fruit of the
1805,oxixa,tree Spondias mon bin the tree itself
1806,oxεε,prostitution cf ɣε
1807,oɣεε,flock of pigs sheep o ia J enemy euphem ism for myself vou or he when saying unpleasant things oɣ ia oε iw ogɣiad ε
1808,tede,I say that my enemy I nearly fell oJi oxi a ima you are not good when speaking to a man of equal rank uma would be impolite ihↄ y aw amu ogdi a n odε I heard it said that you were arrested yesterday w oya
1809,eree,ram o odal ingratitude o ɣodi a holding up charm consisting of the real charm pressed down under an aba it is used to hold up law suits to make people fall asleep when the owner of the charm is about to commit a theft to render motor cars immovable said to be practised by Yoruba drivers with an agadagodo the Yoruba equivalent of oɣodi
1810,ogɣodua,a praise name of Osa used as translation of the Christian Almighty Akugbe Of Yoruba origin cf Ododua o ɣ o yam beetle vw ekpa
1811,kaɽa,o ɣ ohε a tree Musanga smuthuv o oh the Vulturine Fish Eagle its white feathers are used in ceremonial dress oɣ i a position in the ogwεga divination c o o c of Yor origin oɣ ɽoko hopping on one foot as practised by boys when playing used also in a mas uerade dvia dance ok ye a crooked tree put in front of gods shrines is con sidered to be a porter cripple
1812,uke,prisoner of war
1813,oha,bush oh igε du timber concession oh ↄka maize field nS
1814,oha,fear oha ɽε mu ῦε his fear is gripping me I am afraid of him ↄῦa n oha mii n a man whom fear has gripped he is he is a coward
1815,oha,a very intoxicating drink obtained from the oyo raffia
1816,ohagba,native doctor s pupil serving and learning at the same time u ↄbo
1817,ohaha,a tree Macaranga barteri used for firewood only
1818,ohadded,hunger also ohaῦ unu oha e gbe e hun geris killing me I am hungry dy oha ε gbe Te it took hunger killed me it made me hungry oh x priest who worships for a community oh sa priest of Osa oh kpo priest of the year at dza who tells the ba in which year the death rate will be normal and in which especially high Christian minister also ohε
1819,gbagbs,leather
1820,ohiarz,a tree Cecltis two kinds C soyauxii and C zenkher felled by the Binis during harmattan time by setting fire to its base erh rhε ohia pod ohi moεe kola pod ohi ekoko cocoa pod
1821,ohidi,rope used for climbing palm trees cf hi udi
1822,ohie,intermediate season i e z small dry season and cooler interval in dry season
1823,ohiε,dedcision in a lawsuit w
1824,bu,hole occurs only with
1825,gbe,rain filled hole in tree birds bathe and small animals drink water there and can be caught cf ame
1826,ohioɽo,solitary used with the verb mu only e g of a derelict house vw ivie ohiↄ a a tree Dalwuwm guineense used as firewood only
1827,ohivi,Niger idiom ya xwi gr ohivi ya long take lock its Niger i e big flood hnish the long argument at that or with this decision cf Ibo
1828,osimiri,empty ihu bg ohoy a v azekpee ho I want an empty bottle afterwards ohov e lie ohoJ e ita what I am telling you is a lie cf ohoɣoi ohoɣa ohoɣo a dance performed at second burials and at eh it is danced in a revolving circle the dancers wear only an ebu
1829,luku,and have bells in their hands ohojɣ dew on the grass
1830,ohoydoi,lie cf ohojke
1831,ohoho,whole intact
1832,ohove,name of a Bini village seat of an Dxwahz shrine
1833,ohs,name of a tree Entandro phragma v igedu oht r aposition in the ogwaga J divination c o c of Yor origin ohui atree Xylopia very straight and smooth wood used in roofing as rafters and poles Ohu ↄbal leader of the gang
1834,ewua,anger ohu mu ῦd anger is catching me I am getting angry I
1835,ohua,sheep
1836,ohuε,cough ohuε si ῦe cough is drawing me I must cough wamu ohu hi ɽ εko re nogeyae ta fe wou pl take the cough out of his belly so that he may not take it to repeat it this is said when a man has died from a disease of which coughing was a symp tom he is then operated on and a bag containing a white milky substance is removed from his body from near the liver lest he may suffer from a cough during his next reincarnation v eve tals
1837,ohuε,r hunter a sort of wasp which builds on mud walls mud cells does not sting
1838,ohilhwi,a tall grass found e along the Benin roads df
1839,ihdhii,a big tree Cylwcodiscus gabunensis bark used as medi cine against abscess ohukp a kind of ocro re sembles gum When cooked it produces a sticky paste oka turn esp in standing as sentry oka Tε ↄna xi thisismy turn v sε ae Oka z name of a village on the Sakpoba Road
1840,oki,blame blessing and grecting to somebody serving a master uzuga mi oka may you not serve and be blamed scil undeservedly as opposed to the curse t ufaga mi oka may you serve and always be blamed okaro okao l first pl
1841,ikaɽo,the first people the ones who came first oka oↄna
1842,xi,the first thing is this ei okao the first thing cf ke aɽo okieke
1843,oke,hill ok uwu hill of death why name of a pond situated in the eri at the guae it contains wells v uy egwi providing fresh water for the Oba s people other water being forbidden to them cf Yor oke
1844,oke,name of a Bini village Oke n uhε name of a village situated near UhZ it is famous for its ulↄka corn cakes
1845,okeke,false excuses e g to escape punishment v ze
1846,ohose,x giddiness dazzle oki ki or mu ῦe giddiness is dazzling me I am giddy pirouetting continuously as e c in the ohowlo dance u obodo gh oki fi oki
1847,oki,a feat said to be per formed at the festival of Os at Urhonigbe and Ugo a man who has a special charm is struck with matchets without a wound being inflicted cf Yor
1848,oki,okieke last pl ikieke the last people the ones who come last v okieke at last e g in v okieke ofkeweri egbe v axia at last he went back v ok can also stand at the end of the sen tence cf ke iyeke
1849,okaro,okipibato scrotum oko r ɽ nest always with a following genitive as In ok ahiaῦε birds nest tinea rashes on I ok ifa ants nest ok ahiamε ni ye zajpazawa that bird s nest is rough ly built shelter in ok aɣε a shelter made of mats ok enwadek also e only as plural shelter of palm branches v eko oko mate companion very common as a general address to equals koyↄ ko u sual greeting something like Hullo mate oko lare n agaxia mate come and let s go
1850,oko,ahorn buffalo antelope or ivory horn used by witch doctors to call witches when going to give them food
1851,oko,x parcel wrapped in a large leaf used for certain pur poses e g sending kola as a present bag in ok uῦe salt bag woven by the Jekri people out of εbo a reed Salt was formerly sold in these bags They are now obsolete
1852,okoro,r new born baby prince name of sons and grandsons iwu and eyε J of oba Iama
1853,ezomp,and some chiefs oko xL mould made of mud where palm kernels are mashed by treading on them canoe ok erhε fire canoce steamer cf Yor ↄks oko a tree Fagara kennddy okii r sea cf Yor oki
1854,olokii,abox covered with cloth carried in isot l v ot
1855,okii,measuring rope cf Yor
1856,ok,a method of bhair dressing with women a high I tuft on the crown of the head with a knot in the miuiddle raised by means of an uke much worn at ehↄ time okuku eha consists of three tufts of hair one in the middle of the head and one on each side
1857,okuku,a disease among fowls called okuku n ↄg b ↄx ↄxↄ okuku that kills fowls
1858,okuo,war okueghↄmot war does not kill the inhabitants path only known to inhabitants of a village and used as a means of escape in times of war c gbe sm otd v X
1859,okuta,stone rock okut osisi Mint cf Yor okuta
1860,okwekwe,a tree Markhamia lutea
1861,okpa,ɽ dropping of water or any liquid bleeding from the nose okp ivi rain water passing along the stem of the coco palm okpa also applies to the palm leaf tied to the stem at an angle and destined to direct the water into a pot on the earth where it is collected This method of collecting rain water is practised in places where water is scarce e at
1862,udo,and Enya and the coco nut palm gives most and the best water ya mu edi da y okp ivi da N go and take something to direct scil the water to the drain of the coco palm a worm living on trees which occasion ally emits some liquid
1863,okpa,way where something is passing r of game okp
1864,atadeε,track of animals okpa na la gbe this game track is well frequented passed of wind okp
1865,ghoho,a windy spot ab owa nay okp εhoho this house is built bↄ on a windy spot different from okp εhoho L v okpe okpa a a tree Pentaclethra macrophylla mortars are made out of the wood The F D lst has besides okpaɣ εzε river okpa a Calpocalyx bre vibracteatus
1866,okpe,big large great okp
1867,erha,a big tree okp εhoho great wind storm tornado okp se a big present okp ε ε an im portant lawsuit matter okp εz a big law suit okp izo a large amount of money a heavy fine okp ow big foot walking with legs wide apart swagger okp oxuo a big i e rich woman okp
1868,ata,big talk boasting hence okp ↄtagb unu a big talk kills mouth a boaster who does not consider his words okp ↄda a big i e rich important man okp unu big mouth usually translated by word of mouth an utterance that is not meant seriously not out of one s own heart also boasting
1869,okpe,a flute made from a calabash played by villagers at home and when working at the guae
1870,okpe,wine tapper
1871,okpetuε,a secret ceremony performed every morning and evening at the guae about the time of ugi erh ↄba in former times every un authorised witness of it was killed Ilater heavily fined v
1872,ulbῦa,man okpi oxuo woman s man hen pecked husband male mvlox ckpia boy
1873,okpoto,toad okpo dog male okpo ridge beam of roof
1874,okpoviε,menorrhoea
1875,oladads,uncircumcised man ole a prisoner cf la
1876,exa,x a chief first in rank at the Uzama a chief of the Ogiadveε living in his quarter Of Yoruba origin
1877,olika,a tree olika n erha its bark and roots when ground and applied to the skin cure era gan glion a creeper olika n iri its roots are used in curing a disease called black tongue condensed es sential e g in olik εῦε a word in which the essentials of a situation or opinion are con densed essence of a statement as opposed to unnecessary details
1878,olima,file cf Port lima
1879,olimzhi,a kind of red yam swells considerably in cooking
1880,olisakeji,title wsed in addressing the ba when he wears a certain dress from Yor orifa keji the second god it is doubtful whether the expression is generally used by Bini people
1881,olizaizai,smartness swift ness ↄaB olizaizai nↄ ɣ okpia na a smart man he is namely this man d
1882,zaizai,a women s idol at εriε J constructed with a lving
1883,iiovi,with a heap of mud round the base like the otoe and inyat it reveals any thing forbidden that may hap pen ts priest is the senior wife of the household of Yoruba origin
1884,olodε,sewing needle cf la
1885,odeε,door frame
1886,ologi,war lord a praise name for the ba cf Yor
1887,oloqii,cat cf Yor ologho
1888,oloi,pl iloi ba s wife cf Yor olori v unuydisε Olokii name of the Ethiope River the source of which is near Umutu Warri Province and the Benin River the sea owner of the sea a god that gives wealth and many children has many women as his priests and is much wor shipped by women d Yor
1889,olokii,a snake mainly of yellow or reddish colour said to be always accompanied by red ants said to be very poisonous but biting seldom its skin is worn as a belt v εnyε
1890,olotu,headman of a working gang headman of an age group such as the i ele oriɽoxae president of a society or club cf Yor formations with ol ol grind stone
1891,slb,only in olↄskↄ εho windpipe and olↄk ῦ d w rhu a big heron like bird with a long neck c
1892,urhu,policeman cf Yor
1893,olokpa,a whistle cf Yor
1894,fere,als oligbegbhe goitre
1895,oluku,young one of animals oluku esi young pigs oluku εwe young go ats oluku ohua lambs
1896,oma,a large tree Cordis millenii wood used for planks
1897,ome,unopened palm branches tied as a fringe over a village gate or the gate of the shrine of a deity renewed at each annual sacrifice and also used as fringes In masquerade dancers dress yagh ome re n ata y a u a go and cut oma and ois us go and spread them ta over the shrine
1898,ome,sorrow affliction such as expressed by a certain click cf
1899,me,a kind of white yam v ema omial ze iguana unyehs v omiadεzε you are deaf like the iguana i e you hear faint sounds but not loud ones cf εz
1900,ominigie,class of people who possess no titles cf egie
1901,ominighↄ,another expres sionfor ogwegal not so much in use said to be preferably used by masters ↄka of the art of ogwerga divination
1902,omu,a tree Entandrophrag ma candolle similar to ekpiro omuh beginning c mu h omumuv soldier ant omumu a snake believed to have two heads
1903,omunya,somebody or something put on top seventh Innings at ayo game df mu I nya
1904,ona,sketch pattern
1905,oni,cold weather oni fi it is cold oni fi or bu gbe it is very cold oni gbe d cold is killing me I am feeling cold
1906,onikekezε,a headgear of the dba without fringes L R p v e de
1907,onurho,gateway passage of gate onurh oɽe outer com pound gate leading to street gate in house leading to street onurh iyek owa gate leading to the backyard
1908,onuste,a kind of white yam that has many leaves v ema
1909,onwe,sun in the sky onw
1910,ota,evening sun from the late afternoon v ov
1911,onwi,cow special term for the female while εmila is a generic name
1912,onwina,carpenter nowadays
1913,ekabita,is used generally and onwina denotes the dba s carpenters only it also occurs in the name of the quarter Iduῦ
1914,onwina,at Benin City df
1915,nwina,x wild bee w uvix wax w also ipapa honey onw ↄnwo toucan onyayv a trouble c nyay a onya dε slice piece e g of fruit like kola when broken into parts onyↄῦ ↄkpa one piece one side e g of the road or of a piece of cloth
1916,ope,calabash used for drinking palm wine oval iron arrow head
1917,ora,stain spot
1918,ore,m acquaintances all the people a man knows dB ore gbe dε be has many acquaintances This meaning given by A was contested by Ed who wanted to translate acquaintances by iho only He gave the following meaning for ore the present generation ore na iɽu edi se
1919,fo,this generation never does anything well
1920,ore,pillar
1921,oriaɽa,bile c ce
1922,oriema,a shrub cf ce
1923,ema,v L R p
1924,orivxd,an old expression for
1925,okpεhoho,electric eel its head is used as a medicine in wrest ling makes the wrestler in vulnerable and untouchable orua m any relative in law both parties of an agree ment for taking care of a cow goat or fowl call each other orua nwanie orhi the living strength of a man it is said to sit on kola nut holder BD I Io
1926,ekokodu,flies away and attaches itself to the wall like a flying animal thus it listens to all that is sald about the deceased and to the prayers given for his next life e g when he has been poisoncd that it may not be repeated and looks at the sacrifices oftercd the dances round the ukpafε of the room in which the deceased is lying and the oaths sworn by his wives Only when the body is taken to be buried does the orhi r the house It goes to g fivi and together with the man s εhi whom it meets there it goes to Osa to render account These Dbe liefs are sald to be no longer strong nowadays When a man is ill witches may come and steal his orhi They then transform it at their meeting into an animal which they kill and eat The man whose orhi has been stolen and killed in this way must d ε He lies on his bed and is deliri ms talking at random the whit e of his eyec appears etc A man in this condition can howevern tell the name of the witch when a certain strong charm is applied But the orhi of such a man is still supposed to go to εɽi i so that the stolen object apparently is nothing but the victim s strength to live orhi ε rie his strength to live is going away he is about to die o fo is finished is also said zest power to do something orhi ni power escaped lit capsized him he is tired also εti fu εe power was finished in him orhi ɽ ti fua b his power has flown away he has lost heart when faced with a big task to be done also orhi ni ε soul in the Christian sense ↄmi orhi ɽ fa v ob oɽuxↄ he saved his soul from sin Orhi N ↄhua ɽε Biubl the Holy Ghost
1927,orhidni,Ilaziness rhidni a lazy man cf orhi ni r Orhiↄ oa ariver usually called Ossiomo
1928,orhoviε,insult
1929,orhoxwa,a staff ca b feet high used by old men when walking igb orhoxwa y ↄr ighs I hit his leg calf with my stick ukpokpo
1930,orha,I rainy season harvest time orha ayena inya i Ziva we are in the harvest time now yams are not dear new of field fruits cf rho I
1931,orhaῦε,n uxudtu g star of the sky ubaw orhaↄdeE light of stars a big brown beetle flying at night has a black head with white markings it is believed to be a fallen star expelled from the sky orh ῦε the Grey breasted Helmet Guinea Fowl or Bush Fowl orhↄῦε n ↄkpsld a big guinea fowl orhu a musical instrument probably some kind of horn with a big mouth bass v
1932,kpe,an ugie at which those dead people who had no children or whose children are still too young are given food i e a sacrifice by the Jdba The food has been prepared by the ba s mother Lyↄha and after the sacrifice everybody comes to eat from the food The igbaniherha perform their feat at this ugie t takes place when everybody has finished eho the annual ancestral sacrifice
1933,orhua,a village on the Bini dra boundary near the source of the river Orhiↄvo
1934,orhue,chalk found at the river side symbol of luck also symbol of the Jba in the following idioms orhue biif the chalk is broken the dba is dead used at the official announcement of his death by the Iyasε three years after the actual death wu may not be used otↄ ri orhue the earth has eaten chalk the dba has been buried after three years At every god s shrine there is chalk to be found and it is widely used for making marks on face chest and arms as a sign of luck as well as for rubbing shrines of gods and for drawing patterns on every shrine before sacri ficing wuo wu orhue
1935,olokii,guest stranger in the house
1936,oɽe,also oreɽe X town or
1937,edo,or Benin City or ogiso town of Ogiso r hak bright side of a cloud small children are told that Ogiso s town is of a similar beauty oL egwi town of tortoise dark and ragged side of cloud told to small children probably because it is rough like the shell of a tortoise street outside the house
1938,orere,a certain animal roots corn out a few days after it is sown it is believed to pray to God by standing on its hind legs and rubbing its fore legs a hunter shooting at it at this moment is supposed to miss it
1939,oɽi,corncake usually wrapped in a big leaf oɽi olε a ball of mud with a hole at the top representing a servant of Imila the god of palm kernels and divination
1940,oɽiwo,a shrub bitter leaf Vernonia amygdalina leaf used in a soup unwHdve oɽiw
1941,eni,eni elephant a tree Vernonia conferia bark used in the preparation of a soup v unwd de
1942,oro,a coral bead hat pointed in the middle worn by the dba and Ezↄmp some other chiefs Osua and sa substitute a woven hat from the upua palm for it the latter wear the oro every time they go to the guae
1943,ofo,secret practices referring e g to such practices in witch craft the worship of gods ugie I and to the bull roaring as practised by the vwia soclety c Yor oro ro
1944,oɽoboto,hippopotamus more used than eniame f Jekri
1945,otobo,the road is muddy ef rogo
1946,oroho,idleness only as a genitive following ↄῦa
1947,oroka,finger ring formerly made of brass bone kernel iron and lead now mostly of silver cf Yor oruka
1948,oɽoke,horse or cow tail handle sewn with leather as emblem of Ifa priests db ↄt
1949,mila,also owuɽu thread ofu na ye tiwiti wi this thread is twisted cotton oɽu tu ebo a kind of shrub used to demarcate boundaries ofuɽu ↄxa seed of the cotton tree
1950,ofu,a larva that lives in the tapping cut of palm trees udi or ↄR
1951,orugburu,a stone found In the stomach mainly of cows formed by their food this is believed to enable cows to eat anything and is accordingly used as an antidote to poison
1952,oruhu,a position in the og
1953,wega,wrongdoing wicked ness of u
1954,ofifi,a creeper similar to eb ↄd d probably FJ bd cienkowsku
1955,oɽivi,corpse cf εɽi i v
1956,ika,a tree A tho cletsta has very broad leaves cf ofivi of dBε married state cf
1957,toῦε,avocado pear Pachy lobus edulis another sort list of Forestry Dept ofudv εzε r nver pear Pachylobus barteri yet another sort is ofus dixioxio v
1958,osa,debt w ɽu ɽe I
1959,oeε,x the Bini high god creator of the world his worship seems to have developed mostly since the times of the Dba sigie he has shrines and priests in Benin City only the cult was stated to be a later out come of the early Portuguese missionary activity developed after the departure of the Furo pean missionaries The cross plays a role in the cult the
1960,osa,shrine at Akpakpava street contains a cross and a kind of rosary the state sword of the Dba ada that is used when he goes to ar
1961,osa,seem to be used by Christians I and pagans alike e Q Osagi agh god sent to the world viz me Osayiveε god created me Osaf x ↄ God knows the mind Igbin osa D I shelter with God These names are now the only ones used by Christians A sign representing
1962,osa,is the Osagbaye a white cloth on a bamboon pole in the compound not everyone has it The meaning of Osagbaye is doubtful God in the Christian sense cf Yor
1963,orifa,an old form of Osa is Oisa Orisa ose I beauty cf mu ose a position in the ogwεga h divination o c o c of Yor orgin ose e support backing up in a fight or in any trouble asivi osexɣe nε he back ed him up
1964,osele,rope or tree put up horizontally seven or eight feet high as a rack for drying corn also osel ↄka corn osele
1965,osze,witness v sε
1966,osiba,act of bowing and greeting with folded hands as sign of acknowledgment to a skilled dancer after his per formance
1967,osiko,round part of a log cut off in the process of squaring it score expression used in timber work cf Engl score
1968,ighosiko,gun osisi n agbeva double barrelled gun cf Ibo osisi tree stick
1969,ositua,a tree Baphia pu descens
1970,oso,lump a whole piece os orhue lump of chalk osu inya a whole yam osu ↄka a whole cob of corn maize v osaῦe a piece but not one whole
1971,osodi,a chief representative of the Dba s dead father who as such gives the dba advice esp about the treatment of his wives who may lay complaints before him He is a member of the Ibiwe society The Oba must give him everything he wants but at his death his property goes to the dba Formerly he was elected by the oracle now adays it is a question of money Of Yoruba origin atitlein Lagos being Ofodi l Oso ɣ X name of a river near Uhε name of a Bini deity an ihε
1972,osorhue,the biggest kind of hedgehog or porcupine
1973,osↄdε,a piece of something but not one whole osↄ ikp arag of cloth osↄῦ inya a piece of yam cut off
1974,osii,the power active in leaves and herbs i e in medicines and charms The Osw doctors are considered to be very good at curing and inflicting dis eases and at playing magic tricks They are even said to have healed some lepers Every household also has its own Osii shrine v ik ↄwaise ewawa
1975,osua,title of a chief priest of a royal god either Unwe or
1976,dma,incisors cf aks
1977,osugba,round loaf of yam fufu used by the dba s family as well as the Ezↄmo s and many other families when sacri ficing to their εhi and ancestors also called osugb
1978,ema,trouble worry caused e g by magic or by intrigues Osuma a chief fourth in rank of the Eɣaεvo N ogbe
1979,osumaprme,fabulous shining stone said to be spit out at night time by pythons and vipers in order to attract animals by its light It is believed to multiply the power of charms cf Yor ofumare osusb a tree Kigelrta africana farmers obtain from it a charm which promotes the growth of yams cf fa
1980,osuɽu,preceded by v at once immediately mostly used of knocking down in a wrestling match or of drinking ɣ εd ehia v osuɽu da do not drink all at once ama fε v osuɽu ma he knocked him down in a moment
1981,osusu,pointed hair tuft with around base worn by common ers serving the dba If not done correctly it is called alkegbe e g if beginning too high on the head and providing too small a circle as base v ugw akpata
1982,ota,evening ota n εɽε ade come tonight
1983,oti,leprosy oti n udeε salt leprosy melts like salt attacks nose fingers and toes incurable exudes lqgud madtter
1984,oti,a fruit tree Chryso phyllum albidum The F D list also knows otiε ogi oriↄ otiε of the chief of Orid as Ochvo carpus africanus which was not known as a special tree by the informant there are many otiε at Ori The meaning of otiε war e F D List Ochrocarpus africanus could only be are you eating otiε t does not seem to be a special name or sort of oti oti emε monkey oti a tree Panda olevsa otiɣi i an idiomatic expres sion for εny cf ti i
1985,otiti,fame f titi
1986,otohio,trap catches animals by their feet
1987,otoɽo,diarrhoea b ue kill you ot collective name for the things carried in a procession taking place at the second burial v isot they con sist of L a box oki D with its lid open but tightly covered with white cloth so that no opening is visible brass figures of animals e g tortoise leopard frog fowl fish snake are tied to the cloth on the top of oku a brass leaf in the shape of a feather about a foot long is fastened as well as brass m and ivory figures e g of human beings a cow or goat yams a calabash of oil a mat a salt bag εkp udeε won given by the sons of the deceased to theirsib εgbεe v ako
1988,otↄ,cf otↄe this form is used after some werbs to in dicate a downward motion e g In gb ot gber Do J s otↄ sεI D L and mi ot miε idiom s otↄ s uuBu reach ground reach curse otoɽ NJ may diarrhoea I above all over m ukp gu eghe s ot s uxudu gue l hbe covered himself all over with a cloth when going to sleep Redupl otots means a bottom of a vessel otot ukpu the bot tom of the glass inside b dregs otot any the dregs of palm wine c under otot
1989,erhzz,under the tree If motion is implied instead of rest otota is used with the verbs yi or rie yo gi a tota y otot erha nma let ussit down under this tree ita gwa ri otot ε they are pulling rowing w stream ita gwa y otot εz yo they have rowed downstream and are back again
1990,otbe,x earth ground soil ot iku spot on which refuse s thrown dust heap the Ground Farth as a deity If all the gods are against a man except the Earth he will not quickly die Its shrire is the inyat When a suictide has taken place the owners of the ground i e the ancient owners of the ground onn which the village is built must be called for pacification A pay ment is made to them for the sacrifice whereupon everybody must go inside his house and they perform the sacrifice ac companied by εmil ↄvia bull roaring After the sacri fice the rope is cut and the corpse buried Suicides are supposed to go to efib Imawu Joriduv imawu the Underworld or quarter of the suicides where they are said ISI
1991,otu,to be kept in chains bottom e g of a vessel idiom otↄ ibie L the bottom of the en trails the bottom of onef s heart as opposed to okp unu by word of mouth not quite sincerely iwahu ε v ε s otↄ ibi sε I like him thoroughly not partially from the bottom of my heart floor of a room in comparison with ukpo the mud niches in otↄ wa v ikpawe in general use but mainly used of the floor round the ukpaf in the ikui s s reason for something otↄ ɽe vo n unaxa v eriↄ h lit what is its reason that you say so iarn r naɽu εe eɽ na xi h Lt the reason it War they did it is this why they did it cf otↄ a tree Cleistopholis pariens
1992,otu,T age group generation v edi icoɣae εxele edi everybody who is about three years older or younger than any individnal is considered as being of his otu bodily strength being the decid ing factor this not institution alized idea of otu prevails in apportioning communal tasks to groups of men in sclecting partners for wrestling matches etc working gang v olotu L dof Ibo Jekn otu
1993,otua,a small tree Baphia nitida used in purification cere monies seven leaves of it pinned together are also used as sub stitute of one s Osu shrine on travels
1994,otuε,salutation otu owi morning salutation i e the general term not a formula cf tuε
1995,ovald,a tree Ir ichil a heude lotis The F D Tist has ogi ovaloↄ
1996,ove,sunshine ovεE de ɽo sun has fallen hidden itself the sun has hidden behind the clouds ovε nya re the sun has risen onwε
1997,ovia,grumbling cf via Ov ɽa E name of the dba who reigned until the Expedition in ova r spleen v ude ova a hard swelling found e g in cases of ov iF abε
1998,ovame,thirst ovame ghe ε O I am thirsty
1999,ove,sleep cf vie
2000,ove,trunk of elephant ov
2001,eni,elephant s trunk cf Jekri owere oveve wooden spade rhi OvBLE re n aya z ekE na z L bring a spade come hai we may take it to collect this mud for house building oveve centipede has a forked tail its sting is very painful
2002,ovexε,a timber tree Triplo chiton scleroxylon grows quickly its light wood is used for packing cases and ceiling board obeke white wood
2003,ovi,pl i x child used with genitives and pronouns ovi Ge my child ovi erha brother or sister by the same father ov iye brother or sister by the same mother ovi erh ov ige brother or sister by the same father and mother ovi ogie a I ruler s child ovi ↄ ῦa son of a person a freeborn man young of an animal ovi
2004,emila,chicken young plant ovi erha young sapling also shrub member of tribe or group within the society ovi aleke unmarried girl of marriageable age ovi εdo Bini man ivi ore pl young generation up to about thirty years of age ovi otu member of a band or society pl ivi otu also denotes servants living outside the house where they are serving so that e g ivi otu erha Br usually means the servants of my father men of a certain social status or calling ov iyokuo son of cam paign warrior hence ov iyoku Ekristi warrior of Christ and ov iyoku Osa
2005,lebua,warrior of God member of the Salvation Army These terms stand for the organisation when in the plural ovi ogue son of poverty a poor man b poverty in ovi ogue vE my poverty small short in ovi abε pen knife but ov iy abε brother of knife muscle abscess or filaria ovi axe a small pot ovi ho a small voice like that of a girl more rarely ovi urhu ovi εgbo
2006,xerhe,a short time special ex pressions ovi akota dog v ekita awa ovi
2007,alume,a small bird with a little red on its tail larger than
2008,asgse,pupil of the eye ovi aɽaῦε uvula ovi ax owε little pot i e bulge of foot pl ivi awa n eha dogs the belt of Orion N W Th ov iwu one of the tribal marks stretching onn the left side from under the mastix across the ribs to be neath the navel not marked in the da s family ovi odo son of mortar pestle ovi ogie kuε he son of a ruler does not set fire because its use as firewood is taboo to all descendants of ogies a tree Macesopsis eminnii its wood burns very badly and in a con cealed way a purgative is obtained from the bark ovi o
2009,gierhavotↄ,a rulers son does not touch the ground ivi onudo Pl tribal marks on the cheeks ovwals standing upright not very long
2010,ivilovε,Pl sOns of the sun small butterflies flying in swarms mostly of omne colour only ovi ududu a ball kept by ghosts in the palm of the hand whatever it touches dies before daybreak ukwoki uguaws knee cap ovi ukp a substitute for a loin cloth ebuluku or abawute tied with a strip of cloth serving as belt ↄza also shawl covering shoulders ovi ufutu im plement in the shape of a dumb bell used in grinding pepper on uro L cf lvi ez w amo
2011,oviaxe,a timber tree Sarco the three young ovi cephalus esculenmtus though a deciduous tree it is never quite leafless
2012,ovivi,idiomatic for arhuaɽo blind man
2013,ovivie,a snake black mam ba spits poisonous believed to crow like a cock v ε nyε cf Jekri obibi
2014,ovuxdↄ,measuring implement rope tape etc ola na mata sε this measure is not long enough cf a
2015,ove,a small tree Combretum platypterum
2016,owa,market stall a palm or bamboo shed
2017,owa,a house a roofed place ow ame water tank ow
2018,ebe,book house school ow egbagb faith house church also ow iyayi w
2019,esↄsi,room in which women live secluded during menstruation at od erie ow ekε house built of mud ow bↄ god s house house containing the shrine of a god temple ow
2020,ihε,is not used ow εgbima house built of cane and plastered over with mud Jekri type ow dki shop u esabu L owa ow εz Native Court building ow iku roofed dust bin v ot iku a place where refuse is thrown ow isa D latrine better egb owa ow iwowo Jl shack built of planks
2021,oweɽe,old age only in a song ugar sba ujEuri oweɽe b When you reign I as dba you must attain eat old age and in ↄdi wed
2022,owewe,a tree Combretoden dron africanum
2023,owε,x foot leg trace ɣ owε n esi ya l eda D look at the trace that the bush pig took to pass here wheel ow ikake bicycle wheel
2024,owεe,broom sweeping brush cf Yor aws
2025,owi,a tree Buchholza its fruit is eatable looks like cooked liver
2026,owiε,morning owiε virivi i or viivii early morning when the mist still obstructs the wide view at about o clock to owirwie B kpa some time after the preceding at about b o clock Redupl owi owiε every morning owo I one in counting owo a soup prepared with pepper ground on uro crawfish ize n ↄfua also ground on uro and potash odo also ground mixed in oil εvi Boiling water is poured over it whereupon it is left to thicken ki Poor people use ev axuf In stead of odo
2027,owoso,noise of a crowd cf wog o
2028,owowo,heat quick temper ↄ J owowo a fiery quick tempered man wv
2029,ibalegbe,eleven
2030,oxa,x story gi ado xaa xa for xa oxa M let ws come and tell a story call ing game by imitating noises e g by pressing one s fingers to the nostrils as done by bunters f xa kp oxa
2031,oxa,a big rcund drum kept at the guae about feet high used to summon people to sbme of the ugie ceremonies v kpe
2032,oxa,arat with pointed snout has an unpleasant smell on account of its smell it is called oxa nm av rivi ace oxa wife of the dead it cries fifiεhnε
2033,oxi,ucircle circles are e g made on the ground when somebody is about to purify himself after some breach of taboo v ihaGegbe oxi
2034,uhudbu,is the part of the skull on which hair is left when the crown of the head is bald Redupl oxioxi round
2035,oxia,walk oxida wob O egbe walking has tired me I am very tired also egb oxia wo
2036,oε,from the quarter IduB ihogbe J the
2037,ogbelaka,people the Isiε Bε o people and from Use cf
2038,xid,n the part near the edge of a flat object e g a table v
2039,igigh,cork rhi oxie gui ya xi ↄgo na glve me a cork to take and cork xiↄ this bottle oxi εfwu button oxi swu def fia fua my button came off cf xiↄ
2040,oxixi,the tree which bears
2041,oxexe,and even simply oyewe which however is rightly the name of the fruit very hardy used for utdyoto hedges serving as poles for
2042,eru,a women s style of hair dressing worn like okuku at eho time the hair is heizhtened with uke and drawn together over the fore head where it is knotted v u eto
2043,oxoxo,striking with one or two knuckles v gbe so muy continuous quarrelling or enmity cf x oxuε a tree Rictnodendron africanum
2044,oxuε,a cloth woven from the fibres of raffia leaves
2045,oxuo,pl i l woman ixu gerize women of the harem e g as address in the greeting wado ixu rie I salute you women of the harem Outside the riε this term would however refer to the ba s wives wv oloi ou ↄdi senior wife of a poly gamous household oxu ohavE pregnant woman v kpo
2046,niyeke,prescribed individual portion of any common task Oxuo name of a deep river near fki adolb its praise name is oxuo n iy dmo Oxuo the mother of children
2047,oxuda,name of a river near bue name of a Bini deity an ihε
2048,oxurhuxurhu,haphazardly at random of people snatching things in a hurry e g when cutting up a killed elephant cf urhuxurhu
2049,oxwaba,a tree Homalium macroptera bark used for soup for women after delivery
2050,oxwae,basket oxwa ↄlema cook s basket a bas ket in which the ingredients for soups are kept on the fire place cf le ema
2051,oxwaxwa,harmattan
2052,oxwee,x a creeper fruit of this creeper a kind of nut which is eaten with corn maize
2053,oya,insult disgrace oya gb oy ia ε an insult has killed touched my enemy I have been insulted or met with disgrace w o ia
2054,ahiave,name of a sib its hereditary head is chief Ezima of Uh which is also the centre of the sib its greeting in the morning is la yeɽu t
2055,oyi,thief robber
2056,oyimaa,exclamation of an noyance damn J
2057,oyiya,comb oyiy erha wooden comb cf Yor ooya
2058,oyo,a kind of raffia bam boo not common produces a very intoxicating wine
2059,oyoviε,hunting camp with a temporary shed cf yo
2060,vie,lead metal cf Yor
2061,oje,crab ozi a strong wind good for tarm burning oi la a strong wind is blowing idiom ozi l uxudu rie ozi has passed above and gone away i e has not had any effect an impending punishment has not been carried out ozi o an exclamation during farm burn ing when a wind is blowing to urge wind and fire on cf Yor oji ozkpal ↄ lizard
2062,oziya,a tree Danellia thuri fera exudes a gum that is used as a candle mainly by hunters on their travels when heated it is adhesive cf Yor ojia
2063,ozubu,a curly haired dog
2064,ozurba,another expression for oloi cf ↄba ↄ conjunctive pronoun of the rd pers sgl
2065,axe,xm a kind of og i ikp ogi it is a climbing plant fruit is white corpse v ikii dba the ruler of Benin who Lives in the guae at Benin City among his praise namesare
2066,akpↄlↄkpolↄ,a tree Ficus vogellir it often occurs parasitically on other trees a praise name ↄ bada n ↄkok ivi ahiavh N ↄb that feeds the children of birds i e all the birds because the fruit is eaten by birds
2067,abafi,hunting the hunt used with the verbs ɽu and rie but apparently not alone
2068,sbanabe,a shrub S henro centrum jfollyanum its straight root goes so deep into the earth that nobody is believed to be able to find its end v ogwεga
2069,dbazenu,Yor ↄba u lu the ba surpasses the country achief nd senior at Iw εguae the title is not hereditary v Eseɽe
2070,dbazuaye,the dba chooses the pleasure of the world a chief the third in rank at the Ib iwe society or the second as far as the actual work of the society is concerned as
2071,osodi,xX harm okpia na ɽu edi be ghe this man has done a very dangerous thing i e having dangerous consequences not only an action entailing danger such as e g killing a leopard but it may refer e g to a barber cutting one s hair without skill so that it looks bad or to curing a wound in a painful way un satisfactory scil work df
2072,ebe,a salutation similar to Yoruba oku εku which is followed by another word to specify time occupation of the one addressed etc ↄb urhi ve salute with awaking good morning also ↄb owiε o ↄb ava D good day sb ota good afternoon or evening from ca p m sb oxia salute with the walk welcome used to some body arriving after a journey or met on the road going home sb inwina salute with work greeting used while finding somebody at work ob ev aɽu salute with what is being done is more usual well done The latter is also used when praising some piece of work referred to in conversation w
2073,xi,
2074,abεrgkoko,a timber tree ↄb ve stammerer cf b ε t
2075,asbiomb,parent c f bis o mb l ↄbismpiriedvi
2076,sbismpyirievi,a parent who does not eat anything an imaginary person invoked by parents when their children worry them during meals They tell them yati ↄbiↄmydirieῦi re go and call ↄb to get rid of them for a while cf abisma re e i I abo pl e a doctor there are oracle witch and ordeal doctors as well as those who cure or make rain The oracle doctors are composed of four different groups according to the different kinds of oracles there are ↄ b ogwεga ↄb
2077,ewawa,a doctor who chooses seeds i e one who gives the name of a suspect to each one of several seeds when trying to find out the perpetrator of an offence and finds the guilty one by means of ewawa The ordeal doctors ↄb iti are Jↄb it fighs palm oil ordeal doctor oↄb it be leaf ordeal doctor or sbo n ↄd ithA one who knows all sorts of ordeals The experts for the feather and sasswood ordeals have no special name besides that of ↄb ita The witch doctor ↄbo n ↄwa n azε doctor who gives food to the witches also called sbo n ↄy ada doctor who goes to the cross roads leads negotiations with witches and pacifies them by gifts of food from his clients The curing doctor ↄb odi bears no outward sign of his profession but is usually very competent and cures people for money or for their services A doctor who makes his diagnosis by looking into his patients eyes in case of illness or juju trouble is called abo n ↄmi aɽo i c a doctor who looks eye An antisocial individual working with bad medicines may be called ↄb εrhia a spoil doctor A doctor who travels round the country and makes a living by it is called ↄbo n ↄy eria a doctor who goes grazing The four types of oracle doctors are represented by different people The ↄb
2078,ogwsga,practises only that sort of oracle Other doctors may know the method but they are not called oↄb ogwε ga I f another doctor does not know the ogweεga he may have to call in an ↄb ogwe ga The ↄb ogweεga is paid for his work but he is also a farmer as the money he earns is not a sufficient liveli hood The oracle is learned from another ogwega doctor without staying with him itie the code is said to take at least three months to learn After this eria the analysis of the code words is learnt That is sald to take mpore than six months f a man is too keen on learning eria so that he starts on it before knowing itie pro perly he is supposed never to learn itie correctly Then he is called ↄῦa n ↄgu eria xε iha a man who knows analysis waits for the oracle i e the calling out An ewawa learner must be a servant under a doctor The ewawa doctor who l s always an Osil priest also undertakes cures but they are not as good as the ↄb odi Most of them also give food to witches Theirr servant is called ohagba or ↄwaise The ap prenticeship takes four to seven years because the pupils learn cures at the same time Ewawa doctors are payed with money and they only farm when they have a big family They make many charms e g some for traders ensuring good business some warding off danger for travellers some against witches for sick people etc Especially X c a charm mentioning a man s name eb usuenil name mentioning charm and a charm speaking by itself ovi ɽi
2079,bi,son of the Under world procure them more clients than the other oracle doctors have This fact together with their acting as witch doctors enables them to make a living by being doctors only without additional farm work Their knowledge of herbs is however said to be smaller than that of the eb edmila An sb akpεlε is mostly an
2080,oloki,priest i e not a priest at a public shrine but he has a bigger Olokii shrine in his house than an ordinary Olokii shrine Many of his clients come to his Oloki shrine and bring things for the yearly Oloki sacrifice eh oloku The oracle method is learnt in about six months time During this time the pupil keeps his akpεlε in a pot at his OIloki shrine which nearly every adult possesses Charms are also put into the pot and the akp εlg has first been charmed by the teacher a full communal Olokii priest Afterwards the akp εlεf Is put on an ukpab tray and taken to some cross roads ada where it is charmed again and buried with the charm for a fortnight in order to see the truth Ada being a meet ing place for witches spirits etc anything hidden here sees theni Akpεl and Ogwεga have to be familiar with witches be cause they procure food for the witches by indicating pacifica tion sacrifices ese After the fortnight the pupil having learnt his craft takes it out and is an ↄb akpε le The ↄb ↄrↄmila must be a priest of J Imila J i e Ifa Yoruba But there are no public shrines or priests of dFↄImila JiↄImila is the Yoruba god of palm kernels and divination and people from Alkure e g are more expert in this method than Bini people A ftull babalawo Yoruba name for the Oɽ mila priest gathers the kernels from the base of ivi ɽ mila kernels a special sort of oil palm and gives them to the pupil The pupil and his family smoothe the kernels by means of a grindstone wash them with a charm and keep them for three months in a pot of oil This is called ovi ↄf mila he has taken the ORSmila pl verb During this time small sacrifices are made to them unt il the pupil is financially able to take them If he has nomeans he must possibly leave them in the pot for a year At last big sacrifices are made over a period of a fortnight during which time the pupil must procure an
2081,axwexwe,mud bed on which many cloths have been spread forming a heap with a shallow cavity at the top Parrot tail feathers are among other things added as adornments The babalawo asks the kernels whether the pupil will live long and be prosperous I
2082,sbowa,aboↄdidi
2083,sbuohiε,e have many children Only after this installation of the dɽdmila kernels is the teaching started which takes more than a year and at the end of which the pupil becomes an ↄb ↄfↄmila Some of these doctors are farmers some traders They also concern themselves with cures and they also learn about medicines The oracle plays a part in their cures by naming the leaves to be used in special cases by quoting previous in stances The money given to the ↄb ↄm mila does not enable him to live on his practice as is the case with ↄb ewawa Ordeal docters are not priests dbo name of a sIib their headman is the ogi ugo and their greeting la ↄbo They are said to be the best doctors among the Binis their centre is Ugo N iyek orhiↄs which is one of the centres of the Osi cult aε well Not every doctor be Iongs to this sib v εgbεe house builder of
2084,bb,alsoↄbstidi bad luck the term involves the idea that some palaver is the result of the bad luck or accident idiom ↄgb obↄ y ↄbↄdidi he knocked his hand into bad luck he had an unlucky hand said e g when something has slipped out of somebody s hand and broken v ↄkpεtu mo pl decider Judge cf bu ohi v
2085,bu,a rather idiomatic word a trader who trades on his own account idiom ↄkp ↄῦa xi dado a helper has become a trader of his own a man who was a nobody before has become important now sdaf husband daf your sgl husband a man with many wives and child ren cf ↄdo ukp afε adany s drunkard cf da
2086,anyo,adavofighↄ oil tester produce inspector cf dade
2087,ofighↄ,buying on credit cf
2088,kuε,pl e x senior among some people m ↄ ↄdiↄ v ima eha n ↄxiana Iam the senior among us three who are going here senior headman of a sib in ↄdi Egbεe v ska εgb e pl age group of old men it usually consists of men who are more than fifty years of age they supervise manual work in the village entertain strangers and perform the village sacrifices at the ↄgw edi their meeting place which is also the shrine of the deceased edi of the community Theyw prepared fbo A for the safe return of the i ele in case of war The ediↄ n enε D the fourelders also called ikadel enε the four pillars are the four men who are in control of the internal affairs of a village These do not necessarily include a chief re siding in the village Their head is the ↄdi wee the most senior man in the village and the three others are called
2089,szukpogieva,seniors of doctors term for the exwae and oko of a doctor when taken fto a place where he wants to feed the witches The reason for this term seems to be that the exwae and oko belong to the doctor s Osuw at his home but that they represent the witches in the case referred to because they are supposed to send the food to the witches The ones senior to doctors would then refer to the witches cf di
2090,ado,my husband is not at home ↄdↄ ↄ vo t where is your husband also adↄ uε and ↄd ur in quick speech cf ↄdaf I odbↄlagh a mend the world a reformer a man who wants to better the world Amad Biogr cf dↄl
2091,agbs,mo pl trader cdf doz l εki v ↄ ε d ku l f kpate ↄdado ddukp weaver cf do
2092,ukps,palm nut cutter cf
2093,fia,a bush rat the biggest kind of rat cf of
2094,otↄe,proverb thrower a man who says or has said a proverb the word is used in a proverb cf fi ita
2095,ↄfↄ,sweat perspiration fb fo vel lam perspiring cf fb fde N a variant of ufↄ
2096,sfuvegbe,body coolness peace c fu egbe fuvegbe name of a pond at Benin City cf ↄfudegbe v yɣado spal v head man of a working gang esp in a timber camp modern usage said not to be approved by the old people master women call their hus bands ↄga formerly ↄd ῦe my husband cf Yor
2097,ↄga,along and straight spear v L R fig the attendant to the left
2098,dga,he is making weaving a net cf Jekri ↄga
2099,sgdga,man with continuous erection of penis cf g gHoↄQ oo geLde a tree Barteria nigri tiwana or fistulosa grows very high killing all the surrounding trees v akuobisi
2100,bgεzu,another expression for
2101,orhↄbε,guinea fowl uxi dgε zu rɽa are you selling a guinea fowl
2102,agiodε,guide leader ringleader ɣa i ↄgiode v uwa
2103,veva,a big chain imu ε y ↄ i m I put him in chains v eɣa small chains cf Jekri agiↄra
2104,dgiↄda,a man who laughs at somebody cf giε ↄῦa in a proverb
2105,dgo,bottle kp ↄg ni mε n iyas ameg wash that bottle for me that may take it to draw water kpe sa v the raffia bamboo Raphma vinifera ↄgↄ na m icewe b this raffia bears mob
2106,icewe,its seed apalm wine latex from the top of Raphia vinifera the tree is not felled wv exwExwε udi
2107,iia,crest on the head sgaug ↄhpa cock s crest v etↄ wyↄta d J
2108,suaεvε,word speaker speaker mot any rank cd
2109,gua,l e stay with a man personal servant cf gu a a dia r s wa x a type of room in Bini houses which contains a mud couch and opens into an other room iki or εriε BD IbT I I at one side thus having three walls only parlour ↄgu osii parlour of Os a private gwa where the Osmw shrine is kept this is situated in the bath room egi Native doctors cure their patients there the patients enter by means of a back entrance in order to ensure the privacy of the house In the case of other people Osii is kept secret from the eyes of visitors ↄRu ogfi smithy Bini smithies are open to the road ↄgu edi meecting place of the elders in Bini villages it is likewise open towards the street discussions and sacrifices to the Edi are held there
2110,spgwagwa,a trap for animals ↄpwaj a a trap for animals similar to εvirhi
2111,ↄpwalerha,tree finder man or men who searches or timber trees in the forest a timbermen s
2112,gwaloↄ,motor puller not so much used as edɽaeva driver cf gwa emoto h r knowing two double faced people men ll foster trouble by backing both parties ↄgweva n ritε a double faced man that cannot be despised because nobody knows his real intentions and therefore his power is con siderable cf gwε eva L Ii gwiεzd litigant c gwi l
2113,ezd,slow time in dancing v εgbe
2114,agba,thirty cf Yor ↄgb expression h
2115,agbagbe,a trap for animals living on the ground
2116,sgbalama,nickname for a man who makes it his business to interfere with other people s affairs perambulator cf gbe alama
2117,sgbebe,clerk of gbε
2118,ebe,which is more in use at present
2119,agbehε,pl i fisherman cf gbe ehε l igbeh
2120,sgbekpa,boxer cf ghbe
2121,ekpa,an appellation of the god Pxwah of Udeni
2122,agbεvεho,aman who reveals secrets which he is not meant to disclose an indiscreet person cf gbe ε εho
2123,agbↄ,new fresh ↄɣ ↄgbↄ n it is new ok ↄgb na xi this is new corn redupl agbh gb uite fresh
2124,agbalↄfo,public khowledge in mu ε ε ladi gboↄlbfo la
2125,dia,to bring a matter to public notice
2126,agbugbo,farmer cf gbe r
2127,ugbo,a position in the ogwεga divination c c o o of Yor orgin
2128,ↄve,X belonging to ↄ oU d ɣ ule mine v uε h yours also sw uwe D ↄɣ his ↄ ova ↄR uva ours oy ima n ↄ ua l yours pl ↄ uwa ↄ ɣ iQa theirs ↄ o hE na i this is my own jↄg a whose ↄɣ a nↄ whose is it o w a owa na Xi whose is this house v ↄɣe concerning as to with reference to always I with a following relative sen tence v ↄy ixz erha O n axa
2129,ni,concerning my father s money about which we were speaking rde plantain ↄx d ebo Ewvyropean plantain banana d ɣεdeε negiε ε small plantain a special kind of plantain oↄwɣεd εgbo bush plantain a tree A noni dwwm manii so called on account of its soft wood and fast growth cf Yor agεdeε uenε irreplaceablε unchangeable in oↄy εn osa the unchangeable God agwe dↄ ɣεnε an ugie con secrated to Osa DBIni name for the dni at Ile Ife cf Yor dani a piece of kola in those that consist of five pieces having three edges on the tip when the kola is broken and the pieces are re arranged ↄyuε nε cannot be put into another place but the one which it originally had v rε hymen oxuo n amabhefia ɽ ↄywεɽe vir gin cf fia v va
2130,dyide,method of growing yams with the support of single
2131,ikpgsi,only i e without any ɣε and without n ema i e without tying the yam branches from one ikpsεsi pole to the other respect ↄm ↄɣↄ child of respect greeting formula to a woman after de livery may your child respect you cf Yor wo dɣ bↄdↄ name of a river in which wahε s dog is sald to have perished I ɣddↄ artificial pond wide but not deeper than two men s length there are three in Benin City one of them being ↄJ oↄd
2132,egii,quarter v εgW cf Yor agado sw y dↄ bↄ a cane found in the bush it is similar to sugar cane but not edible u uxwerhe a dY M a trap for animals consists of a rope with a noose which is tied to a forked stick animals caught in the noose are strangled when the stick is caught by obstacles in the way sha r bride also ovi ↄha cf irhidha dsha a position in the ogwεga divination c o o of Yor origin dsha catarrh a cold in the head ↄha sa oe I have a cold vw sa dha name of a river forming part of the western boundary of the Bini speaking territory w Is iloko
2133,shae,a grown up man with out a wie a bachelor or widower emu ↄhae ashes of a bachelor ashes from a bachelor s hearth are used in a cure for elapurhu fugitive swellings but bachelors con sider their being taken as a mockery cf aha
2134,dhε,present gift sh hici inw n ugare ugbugbεhia lit present it is that you like to eat receive all the time cf Yor ↄfe
2135,dhiε,name of an Aba who was crippled in his later days and has been cast in brass as a I cripple v L R I on uncrippled and R D xvii rI
2136,ahε,red ant builds its nest by threading leaves together in the shape of a ball and lives inside they live mostly on kola and unwoↄnwhe trees they are said to tremble shake always and are therefore used by doctors when making medi cines for frightening people and other purposes
2137,dhaenika,a chief who per forms the purification rites in cases of suicide in Benin City at Ogbe and at the quarter where the suicide occurred He i s not the land owner
2138,ska,m headman always fol lowed by a genitive ka gεgb e headman of a sib ↄka
2139,grhia,ringleader in a bad sense ↄka kuo war chief ska olotu a title appear ing in the history of Benin headman of headmen Egh Hist also senior headman when used alone master of
2140,ogwega,corn maize c Yor ↄka and Ibo ↄka l
2141,dka,a position in the ogwhga divination c c c o ↄ ka n abe the same position occurring on both strings of seeds it foretells uarrel hence b idiom quarrel v gbe c in erha n ↄgb ↄhka n abe acreaking tree of Yor Liid A combination of ↄska with odi is oↄkadi which is used as an idiomatic word for heart vw εkokodu by old men and masters of the ogweεga divination
2142,skahudu,touch heads a catch of two rats in one trap from both entries so that their headstouch counted as trophy at fae cf ka uhusul
2143,skaɽwuosa,Pl e debtor more used than asruosa and
2144,oriosa,seed planter planter plantation owner in contrast to the ordinary farmer cf ka eῦi
2145,skikiwi,a tall cap worn by warriors cf L R figs r skot the undermost cf ke o v Exaevo
2146,skoadu,big dane gun i e mugzzle loader used by hunters for bi game such as pig and bush cow
2147,sku,he has done some damage a curse uɽu ↄ ku may you cause damage cf ku
2148,skuiku,player c ku
2149,iku,one but in counting owo ow ↄkpa one house okpa kakia one only ↄkpa irↄ v ugie one is not in twenty nine teen ↄkpa nya ugie omeison twenty twenty one skpa nya uɽ this is a holy number or denotes a very high number the maximum that can be reached there are e I dances at the Jba s coronation apparently the exact number is controlled or v e g Egh Hist p o where the dba wuame is sald to have conquered x towns but w p where zↄua con quers This is probably due to Yoruba influence in whose pantheon the number also plays an important role v ihi
2150,iwens,wooden plate always in pairs smaller than uro exi skpa odd number term used in a game of guessing grains held in one s hand v ise n ata grain guessing v izu ar
2151,ↄkpda,a blue bird with a long red bill a kingfisher it is considered to be a great achieve ment to kill an ↄkpa as it does not go into a trap that is why the old people say when they hear somebody boasting of his hunting exploits ugb ↄkpa rɽa have you killed an ↄkpa
2152,skpa,cock if a cock crows at night it is killed because it makes the night appear to be day inasmuch as sexual inter course during day time is for bidden to women followers of the gods Akε and Jxwaha ie to most in former times to all Bini women so that they have to make a pacification sacrifice whenever the cry of the cock reaches them during sexual intercourse at night ↄkp okao the first cock the first crow of the cock early morning xRurhi re o ↄhkp okao avie you should get up and come when the first cock is crowing i at dawn cdf
2153,skporhu,pl i player of the akpata a native string instrument the players sing historical ballads cf kpe I
2154,akpata,als a what removes the firmness of teeth tooth ache brought about by teething in children a monster in ε ivi d kpan igie ak
2155,skpatalε,gonorrhoefa in a severe form c kpatals
2156,skpatε,ɽ a trader who buys on full or partial credit and pays when he has sold his goods v ↄduεki pl only e a gang of beggars privileged by the ba to seize food from the market they pay an annual tribute for it
2157,ↄkpε,side ↄkp tigho side edge of a farm oↄkp εzε bank of a river ↄkp o dε edge margin of a road df uɽ odε the passable part of the road
2158,skpεlobↄ,quick in catch ing a name for the leopard cf obs v kp
2159,skpεtu,mistaken handling of a matter resulting in spoiling it misfortune caused by a mistake cf Jekri gkpεtu v ↄba didi
2160,skpo,piles haemorrhoids
2161,skporhu,the crier aname for the cock oJkporhu okao first cock crow early moring c kpe urhu
2162,ↄkps,staff for walking ↄkp
2163,adowε,crutches w ovivi
2164,sskpↄda,helper servant employee cf kpa o a
2165,slema,fufu cooker name of a piece of fufu which a man gives to the woman who has cooked it after his ihana sacrifice to his father He I himself takes the first piece saylng ihana then he offers the second one to the woman with the words mi lema take the ↄlema aled i thing cooker female servants prospective wives cooking for a chief df le
2166,ei,doorless passage in Bini houses leading from one ik to another usually ovi
2167,dlela,small passage cf
2168,la,a kind of dance per formed at the dba s coronation the ↄl za people who come from Oka on the road to Sakpoba are the only men to sing historical songs at the coronadtion mada pl e ada bearers a group of small boys living at the guae who bear the dba s ceremonial sword ada but c ukweεbε in front of him when he goes out formerly they went about naked v
2169,rhua,old man or woman v xmH ma ↄ daedi mo pl show somebody things teacher cf ma ↄ a edi v ↄruↄdaedi maxe Pl in i is not always used potter pots are made by women only cf ma ae meto a yam the rope of which coils considerably cf
2170,mo,children I want an εbↄ human made idol constructed by women on a path leading to a river in order that n women and children when going to the river may pray there for the increase of children in the village In its construction
2171,ulelefe,ant heap and unwerhi ti a tree are used
2172,dmiarale,nickname for peo ple making it their occupation to interfere with the doings of others cf miε arale
2173,ↄmiↄnafa,Saviour Akugbe cf miε ↄῦa fa
2174,dmize,woman baking native rice rice baker c ma l ize mↄ pl e son child m eha three children e is not used with numbers ↄmys n ibize the child I have borne ↄm iwu son in dis tinction from grandson or great grandson v iwu D ↄm o b child of hand baby v enwε m otↄ son of ground native inhabitant of a par ticular village or country ↄmo not ovi s used with biε to bear but it is not used with possessive pronouns which are used with ovi appel lation for the ba Ezymo and some chiefs hi ↄba
2175,ihama,is the son at home The term is very re spectful was said to mean free born it is mostly used in their own house for in the presence of the Oba only the Ezymo has the right to be call ed ↄmoↄ besides the oba w d ↄmo which however is I in general use fruit ↄm
2176,erha,fruit of a tree
2177,smpvbe,no pl form carrier cf mu ihε
2178,ↄma,pl e this one these in nominal use v na ana
2179,no,the river crocodile same as agbaka this is the dangecrous kind v ɣUTU L of Xov Hↄni
2180,ↄni,dnya a praise name of the
2181,ezymb,Jnya the ruler of Uzεbu Ufi
2182,anyε,a tree Uapaca heude lot z its roots stand out of the ground lke a gripping hand ↄnyεῦ happiness pleasure ↄny ε e se BE v ih ɣ dvOXA Le biεe I was happy hLt happiness reached me when I heard that my wife had been delivered of a child
2183,ↄnyunua,surprise evi ↄnyu nua uwaɽu εɽe itis a surprising thing what you have done to him in a bad sense on account of the εre v ↄscxerhe adding insult to injury cf nya l
2184,unu,an old formula of greecting same as doo it is still used by a few old men
2185,spaxarha,boastul Egh Hist
2186,ↄpsxerhε,palm oil chop consisting of yam ground cray fish ground pepper oil and salt meat may be added but it is not necessary it is thus different from what is generally called a palm oil chop v e i
2187,spia,matchet cutlass v
2188,iu,a ftree Sterculia ragacaniha
2189,jra,the Ora country
2190,ariegie,pl i bearer of a title titled man uni ↄriegie er ita xi they are a family of title bearers many members of this family have titles cf ɽe e ie l
2191,ariave,foreigner v orhudunyε
2192,sriuxu,heritage eater heir cf ɽe I uxu
2193,srho,muddy swampy soil wetter than oɽoɣo rh purification from state of widowhood usually effected by sexual intercourse v ze I
2194,drhoagba,name of an Jba probably represented on the brass plate that is reproduced in R D xvi
2195,srhore,waterfall εz ↄrhore no it is a brook or river with a waterfall cf rho
2196,re,worry trouble uv
2197,ukpokpo,srhu cluster of yam ropes and branches hanging down from the top of a yam pole ikpssi or εɣ a ocro cut and dried then pounded to powder thus it lasts from three to five months and can be taken as provision when travelling otherwise it would only last two weeks this dried ocro is used for soups dar r l agodof the dba w Dsa Osua dfa avillage situated on the fon Road ten miles from Benin City see also ε ɽ eɽe ɽ a particle emphasising the word it follows e g ebe εr itie l it is a book that I am read ing this particle is also used in stories etc at the beginning of a sentence in order to link it to the preceding sentence it is also used with a following
2198,nb,in the meaning that e g ↄɽe nↄ that s it cf te mi ↄni aee also εɽe possEssivVe pron rd pers sgl his her its After nasalised vowels ɽε εɽ i s used
2199,aeera,a kind of bean ↄ paralysis srL kivi ε Jl paralysis has struck him he is paralysed
2200,apa,a cactus Hugonia plaly sepala it is also called urhua o ewe blinder because its latex blinds a man if it touches his eye
2201,srogid,a rattle composed of a piece of wood carved with grooves in which bhard pellets move
2202,drdma,name of ariver it has the epithet dɽPma n ↄnyi k oki ke rdoma near the sea though there is no other river of the same name srue h pl i another wife of the same husband co wife mate aɽue ε ↄɽu ε ↄacu ↄɽe my your her co wife ovi ↄɽue my co wife s child uers a temporary lodger in one s house a man who having no house of his own stays at somebody else s house c ɽu ler L
2203,duero,fuεbↄ heathen the pure Bini word for ikeferi Yor Hausa which is how ever sald to be more in use nowadays except in the bush villages cf ɽu bo i uεbo
2204,seuifo,thinker cf ɽo l
2205,ipo,debtor w ↄkaɽuosa I druddaedi teach somebody things teacher cf ɽuε Ja esi v sma ↄ a
2206,edi,same as ε Xr i World of the dead It is said to be a word from the Akurε dialekt of Yoruba but to have been used in Bini for a long time Jd Yor dri l d mila god of Ifa of Yor rtimila v oɽoke l ↄs a kind of creeper the root is about as big as a yam the leaf is called eb ↄsa
2207,dsa,title of a chief living at Idudt ighi gɽↄ wↄ brass smiths quarter He used to drink the blood of a human victim specially killed for him and to bathe in it during an annual festival I
2208,ↄsa,a big ape chimpanzee v alazi emε ssmma plaque caster brass worker c f sa ama
2209,jse,he was chatting with his friend when I entered the house mis tress lover
2210,ↄsegbe,inoↄsegb ↄsegbe turn by turn cf sε
2211,aszba,a cloth worn by women when working at home it goes from the waist to the knees not identical with ovi ukp which is only an undercloth
2212,ↄszgba,pistol
2213,asele,also aselε an insect similar to a locust said to appear during the dry season eaten by children mostly adek is said to be the female and
2214,ogoro,name of an dba said to be represented on R D viii
2215,ↄsezxεrhε,great damage e g such as taking a poor man s last belongings or stealing things and escaping on the owner s bicycle adding insult to injury sXu ῦ ↄsεxe rhe he caused me great damage
2216,ssierha,bhauling boy s timbermen s expression of s si I erha isierha
2217,ↄsiukoko,pipe smoker comet its halo is compared with the smoke of a pipe but there is no myth about it cf six ukoko
2218,asiwu,cutter of tribal marks cf se iwu
2219,ↄsↄbviri,shovel Engl shovel spade c leader of prison cf oleɣa
2220,ↄsuolejɣa,speech talk conversa tion cf ta
2221,ↄta,a squirrel
2222,otε,a drink alumim by an infusion of red plantains cdf kp ↄt t l e relative general term applies to all persons belonging to the same
2223,ggbgεe,and ov iye t e my relative male and female ↄt uε your relative oti erha oε my paternal uncle usu ally may also be used for cousin ↄt iye e my maternal uncle ovi ↄti rha wε my paternal cousin most exact term com panion to non relatives as well used in the greeting koyo tε e hallo my friend
2224,dtedε,word sayer speaker not any rank cf ta ε uaε e
2225,stigedu,tree feller gang of tree fellers timbermen s expres sion cf t igedu
2226,atiagaεzy,calling man to lawsuit plaintiff cf tie pa l thkii man or men wieclding the measure lines line men timbermen s expression cf ta oku itok
2227,atↄ,rust
2228,ↄtrmiyↄyↄ,apraise name of the god dxwahε ha l its meaning is unknown cf iyↄy yↄyↄy
2229,gvafade,butcher cf var
2230,afae,I
2231,dvasafa,sawyer gang of sawyers f va I asaɽ vavie a traveller who breaks his journey somewhere in order to sleep c va
2232,vie,r name of a river name of the god associated with the above named river a society worshipping the god ovia its members have to undergo a three or four months Initiation away from home the members perform masuerade dances imitating the twisting of the creeper al ke which is sacred to the god the society has a secret language of its own v Bkpo iye odede
2233,ekeze,slave the word is used with tree names following in the genitive relationship in order to denote other trees ↄvi εdii Garcinia polyantha vw nyi Ewythrophloem guineenmse and maicrantha ↄw itue Harun gana madagascaviensis wood is stronger than that of itue but it has noredIlatexas itue has wvi oka F D list only Fillacopsis discophora dvi unir same as ay ako F D list has Xylopia quintas avo reluctance reluctant redupl ↄvo ↄvo reluc tantly cf igbawo gbe J
2234,ↄva,a position in the ogwhga diination o c c c cf Yor ↄbara
2235,ovehe,another another one vehe ona x i a nother one is this iɽayarhi ↄvehe re I am going to bring another one
2236,bvoxa,pl ibieka x child ↄvox mivi ↄ oX
2237,oxuo,child woman girl ↄvox okpia child man boy There is only a short nasalised glide in front of the o with possessive pronouns only wife jↄvoxa my wife only in the pl usually servant only with possessive pronotun Ba pl e man person
2238,sbaikoga,everybody ta rhokpa with negative verb nobody ↄda rhokpa y εre L L nobody shall come ↄBa n ↄfe pl eva n ife a rich man ↄῦ egbe an intimate friend ↄ T ε E a man of palaver a troublesome man but v ↄῦede madman otu member of a society v ovi ↄaB of oho an idle man ↄῦa n εdo a Bini man v ovi e d
2239,spababe,Pl e a man who practises ababe a witch cf ε v azε dε a form of the objective and possessive pronoun dd zst pers sgl found after yi to put on to idiom ↄrhi gWlu y ↄ ε he putacoaton me i c he put the blame on me Bε ε madman cf eve e ditterent from ↄ ῦ εbvR a troublesome man wa epilepsy dwa I an Ika village on Benin territory near the Orhiↄxῦ River d wa castrated animal a goat if nothing is added εw ↄwa castrated goat mil ↄwa wi ↄwa castrated bull ox instead of the genitive I o arelative sentence emila n aware is possible aw ↄwa castrated dog dogs are mostly castrated agbo ram was given with the rela tive construction only d ↄwa gfi Bε v ki buy me a castrated scil goat on the market cf wa waedi men selected out of each otu J who have the duty of distributing any food etc obtained by that otu as a whole among its members There are also men who do the same for the whole village they divide communal property such as the bag of a hunt or money given to the whole village such as shares of the taxes and royal ties for timber etc at ↄ gw ediↄ J the meeting place of the elders cf wa ε eῦ i waisε dl e young at tendants of the oh Gs i the priest of Osf the cleverest of whom become priests them selves in due time their duty is to sweep the compound in the morning and to revive v
2240,wa,ehs df wa v Osh
2241,swara,x straight er iri na magmu Oε s N me l ↄwaɽa oALLALU a D Sthe knotty spot in this creeper does not allow me to split it in its length e Q in order to tie yams to the stack vw ha ema or yam branches to the poles v n ema with the two parts thus obtained period v ↄwar εdeε hoho for the period of a whole day vw ochoho D VW wa kpa a at the same time ↄd ehia v swar kpa d he bought it all at the same time b suddenly at once iwaf df Swar ↄkpa I knew him at once s wegbe the strong one a tree found in the grassy plains ato J it has leathery leaves cf wo egbe J
2242,swee,male am ↄwee male child boy used by old men v ukpo a strong robust man
2243,swee,farmer the best word and generally used by the old people some young people mis takenly think that it only applies to the Aba s farmers and use therefore ↄgEbugbo
2244,swawε,a mortar in shape of a funnel it is fixed to the ground filled with powder and lit by a fuse used in second burials mainly of chiefs wewε course of an un finished sentence Seems to occur only with in in an idiom given under s ukpe cf wewsawa J wa
2245,swo,a big bat like animal
2246,ↄxa,the cotton ftree Cecwba pentandra the seeds are used for stuffing pillows ukohudῦu
2247,ↄxa,white ants termites
2248,sxae,x hero brave man strong man ↄ xa evi okpia na xi this man is a champion in wrestling also e g a man I X who is able to hold a big family together and look after them
2249,ↄxad,porcupine hedge hog ↄaε rhiεrhi tinwↄῦa gbe porcupine is very tasty as soup lit makes soup tasty
2250,sxaεvε,El e palaver decider chief it applies now adays to warrant chiefs mostly i e such as take part in the jurisdiction of the country dxaεbε is not as important as
2251,ogie,ruler though all the ogies are exaεlε at present in their quality as members of the Council cf a ε ε x I stick at the back of a yam stack or rather rack eru sustaining the ugas strip ped palm branches which are tied to the main poles utdyoto xε hunter s ambush in the bush the ground is cleaned and strewn with ashes on ac count of the visibility oxe is used at night time bananas are put in the middle to entice animals esp civet cats The hunter sits on egba a stick with two perches tied across cf ε
2252,axe,pl e anybody going to or coming from the market passer by b trader cf
2253,xig,a young palm tree if nothing is added the oil palm is understood oↄ xεrh ivi young coco nut palm cf Jekri
2254,eketε,selling on credit cf xi ↄdεkuε sxR bad deed o x h tl xde worm oxo ts earth worm found in dust heaps different from ikolo ↄxo
2255,erha,wood worm lar vae of wood beetles ↄxa ehe J menstruation worm pains before menstruation XM a sick person cdf
2256,xuↄdi,fowl hen ↄjↄxↄ v ibiε hen and chicken the Pleiades N W Th ↄ uε a tree Brachystegia eurycoma F D List has ok wen very hardy like oxixa ils
2257,dxue,you eat too much costly food muinizz L law suit answer er defendant cf xuεniε z v tie d wahε a river an ihε said to have been a great hero and magician during the reign of the ddba wuaɽe He then transformed himself into the river bearing the same hame His cult is one of the most important cults in Benin v ahiadε Xxwe parrot among parrots there are believed to be sOome that report anything they may see in a house to witches
2258,eba,a thorny creeper
2259,dyara,a man who is careless in behaviour or untidy e g with remains of spilt food on his garments Lhe reproach of being an ↄyara is mostly made towards poor people ↄyara uxi ze v uy unwH e fG egbe hia you are an untidy man look how vwou have taken ya soup smeared fuε all over the body look how you have smeared yourself all over with soup I y ↄ a number upwards of seven in games e Q is n ata l
2260,dyↄ,the small boys under ten years at the dvia society v adi yugbo farmer cf yo
2261,ugbo,mouth sender employer of people working on a house the word occurs only In a song accompanying the treading of mud c ya unu zie d za a name O za was a wicked but powerful man whose wives did not dare to run away from his ill treatment during his life time but were glad when he died v eve d za a strip of cloth used to fasten ovi ukp ↄ u nder cloth by women men either wrap it tightly or wear ugbεki belt
2262,szedu,untrue exaggerating rumours guess saying cf ze I ta dz vu ↄzdↄvu seed yam picker a name for the rat sfi otↄ c z x ivu
2263,sziegbe,endurer a name cf z egbe
2264,dzivie,lonely maker name of a charm employed by thieves to keep the place where they are going to steal lonely or at least to effect their not being noticed cf ze ivie dzoↄlua or Nzↄloa name of an dba possibly represented on R D xvi xix zukpogieva l x the second the second member of the four village elders the edi n enε whose senior is the ↄdi were ↄzukpogieha J the third elder o zuk
2265,pogienε,the fourth elder cf ze ukpogieva
2266,dud,fool w k
2267,dzuwa,hair pin
2268,papa,to pat e c a dog dy ob papa ɽ uhudvu he Is patting him on the head to dab a liquid on some thing e g a medicine on some part of the body
2269,papaapa,describes small things that are flat and smooth e g planks
2270,papaapa,noise made by aslack drum
2271,psrhε,to be flat psrhε flat oↄye pefrhε it is flat
2272,pεwepεɽεpεwε,describes the flight of a small bird e assse moving with short in tervals pεw εwɽeweɽe describes the flight of small birds from a pigeon downwards
2273,piapia,describes the sound of a whip oↄfi εrasa piapii he whipped him
2274,prrrr,describes the flight of medium size birds parrots pigeons doves at a short dis tance
2275,pupupu,short u s describes the flight of a bird about to die or of a domestic fowl i e rather an effort to fly oↄt pupupu it flutters
2276,ra,to rub a part of one s body with a finger previously dipped into a medicine or sacrificial I blood This is done after sacri fices to erha the senior son as well as the ↄka ε gb e with the elders of the family rub the big toes of their right feet which stand for one s male ancestors the oka ε gbεe and the elders doing so in order to give all the family ancestors their share When this has been done everybody touches his forehead with a finger dipped in blood in order to give his head v uwhubBu part of the sacrifice This is also done after a sacrifice made to a deity ↄfi obↄ y esagiε rhie ra he is dipping his hand into blood taking rubbing his fore head When sacrificing to one s head at igwe which is combined with a fufu sacr fice to one s guardian spirit as it is forbidden to kill anything for the εhi one rubs the middle of one s forehead with blood saymg ehae ῦε kokooko my forehead strong then the back of the neck is rub bed for the fhi with the words ugugfr ugu shi uε l wyou gus and guε your shi then both ears are touched ehb ruε h εsata your ear may hear the truth The heart is touched by somebody saylng ud uε gb ε your heart may be firm the waist εkii agbↄ n ↄma s uↄ to MA may waist of good life reach your ground may your happi ness be firmly grounded the knees ugud igu ε ya N may you not fall on the pala ver knee may you not have to kneel i e to beg anybody on your knees for the sake of a palaver At last the process is applied to the toes with the words uguxia rhi εG may you not go and take palaver may you not have trouble through going on a journey rais also used of rubbing oneself with a powdered medicine gbo as a remedy against bad spirits or as a love medicine ra x to catch from the alr ↄra ugbe n ifi gi εe he caught the stone which I threw at him to Join in a song cf uraῦ ihua ba ra to prepare a cooked coco yam for palm oil chop ra to cross ↄra ε zε he is crossing a river ↄ gzbe Ll a
2277,ra,he warms up the soup to be healthy with egbe body v egbe ra iE Iit body brightens him he is healthy to be bright day weather ede n gɽe raɽ the day of to day is bright to day is a fine day re r to be in a certain place to live at a certain place ↄr eva he is there ↄr εdo he S hves in Benin ir agbεd I Lve at Agbεda v ye r ↄ to be in it at it also equivalent to the English there Is ivami eka dε ɽa ε o ro can I get akara to buy Yes there are some skpεg e n ↄke warↄ it is a long time that he has been at it i e in some job n ↄdi n ↄrↄ the oldest one of them lit who there are n ↄɽ ↄw uε rM ɽ LULit what is your own scil con cern is it there or in it is there anything of your own concern is it your business as a rebuke re to come not used in the ipf w de v yo l
2278,re,also rei r to be far Isiloko re gbe Siluko is very far to be a long time ago only in the perf which can be areɽe as well as ↄreri srere n ↄ s unu it is a long time since it happened ri to tread mud or palm kernels iterat rilo to massage ↄrilo ῦ egbe he massaged my body mama lyaill ri X to knot together r iri na me tie me these ropes together z to make a noose r iri na me also make a noose iIn this rope but for to make a knot in
2279,mu,ri is used terat
2280,rilo,to make nooses in ropes and c preceded by mu to make knots in ropes ril iri na me tie these many ropes together ri cf also re ria to graze to browse of an animal in ria
2281,ixi,to take revenge oria B ixi he is taking revenge on me cf ɽe I eria
2282,iriaixi,to expound analyse an oracle iha J riaria to grow of a plantain fruit riaria to go around mostly with hope of sharing food
2283,rie,x to go away ↄrie a he is going away b he is gone to go the place where the subject is going to follows the verb chl Th in the ipf v yo rI ori gdo he is going w Benin Idiom ri EvVO n a iwua he ls going to a country which is not taboo i e where everybody must go where to go is not for bidden to anybody he is dead said of a big man a respect ful term ri eria to go grazing ri fɽiOi to go to εɽ i to die w yo
2284,xia,go and turn that yam for me so that it does not burn df weriε
2285,rie,to become be smooth
2286,orie,it is getting smooth
2287,arie,it is smooth f
2288,rig,tosmooth ↄrie erha he is smoothing a plank ↄ i ↄɽe he is smoothing it df
2289,rig,lukewarm of water sfu re rierig it is luke warm v rhiↄ
2290,rigrieriε,yellow not of fire used with the verb ba v
2291,rueɽuεɽva,to be durable of any breakable thing e g a pot L r to bear a weight ↄrↄ Te v itota nya ɽε it bore me when I sat on it e g a plank or rope r to stir e z porridge sro akasa he is stirring the akasa r ↄ f re
2292,rua,to push with hand foot or the whole body but not in a magical sense irua we I pushed foot i e I hurt my foot by knocking against a stone etc rua fua to push away irua ɽe fua I pushed him away v sua keke
2293,rusruↄrud,stammering ↄgua
2294,ruↄruoↄruↄ,he is stam mering v b εvε e rh a possible but rare alter native to the particle e t used perhaps only before pronouns of the nd pers sgl rh uws vexia N are you going too
2295,rha,to steal The verbal noun urhae is not used
2296,rha,to untie rha hi to detach irha ɽE hi I detached it rh aɽo to become be civilised lit to be unfolded as to the eyes cf
2297,irhago,loud
2298,rhaῦe,x to touch idiom
2299,iyarhavε,lt I take to touch slave the etymologi cal connection seems doubtful to dip in e g fufu into a soup before eating it mi ema ya rhawG iinwↄa ε me lit take miε rall fufu to take dip into soup give me dip some fufu into the soup and give it me
2300,rhe,an auxilary verb in dicating that the action ex pressed by the main verb stands in a concessive relation to the rest of the sentence ↄrherha oε a ivagixu εe gie though he has stolen from me who shall I drive him to lit send used if the culprit belongs to the same family so that one cannot pursue him
2301,rhere,farewell from rherhere arr ve in time said to a man leaving the speaker or met on the road going in the opposite direction
2302,rherhe,an auxiliary verb in dicating that the main action is carried out in due time irhe rhequ e did it in time e as answer to the poshon urherhepos ebe ni yi did you post that letter in timer
2303,rhia,to be become spoilt
2304,srhiae,it is spoilt also
2305,srhia,containing a ie fua f rhia
2306,rhia,to spoil to squander rhia igo also rhia rua or a c rhia
2307,rhiamarhiama,lean also used of a thin plantain used with the verb y e v kagii
2308,kagri,to take mu which seems to refer to heavier things to Lift up and was said to refer specially to things con taining grains or liquids not to whole things like rhie v further ya which implies to take in order to use ↄrhi εɽe he took it as answer to a question e Combinations with verbs
2309,rhie,ba to add rhie I fi to take and throw something rhie fua to throw away off ɣa rhie ῦ ikp fua v iri who threw my cloth off from the rope rhie kua is not possible as rhie im plies taking one entire object and kua a collective object like a liquid or grains however
2310,mu,gb axua to save more idiomatic than
2311,rhie,hi instead of rhie
2312,ya,may be used here ↄ rh izo ni gh axua xε z n atj e o n he saved that money for the law suit to which he was summoned rhie gb
2313,oto,to knock the ground with something irhi unwerhiε gh ots I knocked the whip to the ground in order to frighten somebody rhie hi D to take away a to keep to save rhi abε na hi me keep this pen knife for mel irh igo hi I bave saved money v rhie gb axua D to take out igha r ↄῦr ows dorhi εCe hima a thorn is in my foot come and take it out for me fua though possible need not be used as its idea of throwing away is understood in the sentence rhie lele to take and follow a to take something together with some thing else ↄrhi emiowo lel ema re he took meat along with fufu and ate it b to rub something along a surface arhi ↄda lel ge he is painting along it viz the surface of a wall etc rhie l e to take and hide arhi en ebe lε ɽe he BD took the book and hid it
2314,rhie,ma to show some thing to somebody to prove na rhie ma ur Xvi ῦ this shows that you are not my son as a re proach when the son has be haved badly or been dis obedient to his father arhie ma Geexdedian ↄgu εe he proved to me his bad character that is with him the ma is half long rhie na to give somebody something rhi eb ε e nef give him his book but v ya na to give as a present rhie m b to take and bhang up ↄrhi rhu ɽuε ro y
2315,egbaha,he took your hat and hung it on the door beam b to perch of birds ahiawε rhie rr y owana a bird perched on this house not rhi ers l rhie ῦF to take and hold mis rhie ε ε bhold it for me srhi ukp ε v ↄxid he held a cloth when going rhie b obↄ to take some body or something with oneself on a journey ↄrhi ↄti ɽ o obↄ v ↄri ehe he took his brother with him when he went travelling rhie y t to put some thing back to leave when told to do so but w se
2316,lae,y otↄ which means to leave behind weri egbhe may be added in front of y otↄ in order to stress the idea of the object being returned arhi en ukp weri egbe y otↄ h he left the cloth when told to put it back Combinations with nouns rhi
2317,egbe,to become free from being a servant mot from slavery a young man working with a senior brother i e relation can leave his service only when his brother lets him go not of his own frec will the trans verb is rhua which is also used in reference to the emada at the guae ugurhi egbenε v ↄguↄBadia
2318,fa,have you already become free from service rhi
2319,egbe,s otv se Q to obey to submit to admit some body s superiority Akugbe A prefers rhi egbe ri ot re ↄrhi egbe ri ot
2320,nε,he obeyed him possibly rhi egbe l rhi
2321,obu,to put hand to a paper to sign A Biogr rhi ↄha to marry a woman srhi ↄha n odε he was married yesterday
2322,rhiεrhiε,to taste well to be sweet but not sweet in the strict sense of the word ema rhifrhi gbe fufu tastes very well to be pleasant to look at or see iku na rhigrhiε gbe this dance is very pleasant iɽoili na rhi grhiε gbe this funeral is very grand miemiε
2323,rhigon,tall and lean of a man used with the verb ye v
2324,rhiamarhiama,rhifii all the time max ↄɽe
2325,rhii,from all the time to come since all the while cf rhirhi
2326,rhip,X when used by itself to start early with another verb to be early in doing some thing ↄrhi kpadↄ ugbε hia he always leaves early srhir xia he went early
2327,rhis,re to wake up l t to be early in coming is especially important orhi re he is awake rhi ↄh very cold e g of rain water a higher degree than
2328,xwerheε,it is very cold v rieric
2329,rhirhi,an auxiliary verb in dicating m that the action expressed by the main verb is continuous or at least fairly extended when used in the pf for some time ↄrhirhifu e he is doing it all the time or expressing the idea translated by whoever whatever etc n ↄrhirhizaxi eail whoever he may be anyone cf rhiiff
2330,rhixa,to become solid of mud in house building rho r to praise somebody for ome achievement swɣε rho ε don t praise me rho in rho da ba to insult the Jba by a mistake in etiquette or by irreverence gua gua n uɣε rho AN know how to talk lest you make a mistake in etiquette
2331,thovie,to insult to abuse cf the preceding rh to rain ame rhↄ b it is raining rhↄ to pick up small things from the ground irhↄ e si koko I picked it up and gathered it together e g scattered palm nuts when the bunch has been cut off rho eῦ
2332,izobo,to gather the things necessary for izobo to sort out same as han rhu to light a lamp also rh ukpa cf urhukpa rhu x to cover not with a lid gue but e g by putting some big object over a small one to be leaty of yam the poles and yam ropes are covered by the leaves to be blind in rhu aɽo ef arhuaɽo to blind somebody not only to dazzle v gb ebibi but in the full sense of the word in rhu gba ma to come closcly together
2333,rhua,to wear to put on to dress irh ukp a I have put clothes on I have dressed b I wear a cloth clothes srhua ɽ ukpↄ he is wear ing his i e somebody elses cloth es ↄrh ukp ɽε he wears his own dress to dress somebody oↄmhua ɽ ikp he dressed him with nasalised ɽ cf rhua
2334,rhua,to peel off skin of snakes or of human beings after some kinds of illness or the bark of certain trees u ugh ghↄ D egbe B rhuaɽr my body peeled to be clothed of an ↄmada the emada used to go naked during the term of their service so that to be clothed is an equivalent to to terminate one s time of service with the ↄba to clothe i e to terminate the term of service of an ↄ mada also I
2335,rhua,v ↄguↄῦadia to free somebody from servant hood in rhua egbe to be on one s guard w rhi
2336,egbe,to circumcize males and females cf arhuz J rhuε to set a trap the trap is bent when it is set the verb Is used with all names of traps except ↄaro verb fi irhug ifi I am setting a trap rhuz to congeal of oil v ki rh ulε to run ↄrh ulg he ran v le t uls mu to start running
2337,rhurhε,to pour rhurhe
2338,kua,to pour out ↄrhurh ofigh kua he poured palm oil out ↄfↄ rhurhε ku ↄῦ lit perspiration is pour ing on me I am streaming with perspiration
2339,rhurhurhu,staggering tumb ling against things ɽu rhurhu
2340,rhu,to move in the way described above v εnyaε
2341,rhudtuda,ɽ averb indicating that the action of the main verb is done because of some thing followed by a pronoun srhuvuda ɽe ɣagb ↄvoxa ɽε on account of it he beat his wife srhudvuda ɽe
2342,tota,he is sitting down because of it also used with the meaning in spite of irhuBuda ɽe Lu e Ldid it in spite of him the conjunction because gi owa ɽe hia rhuBuda ɣ ↄɽa
2343,kpas,he bur nt all his houses because he was going to leave done by the Sobo I people ɣ from iɣe h because of moun or pre position ixayo rhudud ↄse ve I shall go because of my friend rhuvud ↄni and rhuud ↄ i because of that therefore rhudud ↄni imag inagwi gbe N t is on account of that that never quarrecl any more rhu Bud ↄni ↄ wazε I yo lit it is account of that which will cause me to go ɣ from
2344,ixe,an auxiliary verb denoting imminence of the action ex pressed by the main verb going to about to ↄɽa su εe he is going to ac company him ↄterasu εe he was going to accompany him but it did not happen
2345,ra,or m ɽa iɽε f ↄɣayo I or he it is who mustgo particle indicating a question t uxia ɽa are you going
2346,rae,to go ivifae I am not going again ↄɽae he is gone same as arie d ɽa J ra Koɽavo light of the sky blue ↄye ɽaɣoraɣo it s blue re q to eat in front of vow els re becomes ri This occurs in the following combinations ri abe to be become guilty in a lawsuit a i abe he is guilty he has lost the law suit ri aɽ to be bitter ri arha to be accepted in ɽivi of a dead man ri ase to be become In nocent especially in court n ↄri ase innocent ri egie to obtain a title ri eɽe to make a profit ri ev aɽne to eat food to eat something ri εbↄ to eat juju to swear a false oath to Violate a promise given on oath e c of a woman who has com mitted adultery women must swear that they will be faithful to their husbands if they break the oath the jujus and ancestral spirits by which the oath was sworn must be pacified v z ri ok odε to cat the parcecl of the way to embezzle Ozo ri ok ode Ojo has embezzled sc money
2347,ri,osa to owe a debt BE tw ri ova to take have a nickname or praise name ri oya to suffer misfortune or disgrace ri oba to be Oba to reign as Dba ↄri oba n skp ugie he reigned as dba for twenty years ri uxu to inherit something to wear out through long use e g knife axe shoes but v also nwir to cheat in idiom ori oↄ ob ri oɽ owe kpεɽεkpsεte lit he ate his hand ate his leg entirely he cheated him pro perly the usual term is mu cu v do l re to be with a noun pre dicate Ozo r akswe Ojo is a clerk εge e εr e neither nor c ↄɽe eɽe gɽe
2348,re,na to hide oneself from something or somebody to bury ↄɣa ofibi v is eva he was burying a dead man when I arrived se there df uɽwed
2349,iroɽiol,rexerese or ɽeee loud of shouting ada tu ɽeɣee he shouted aloud w rharhaa
2350,rha,wcrw o v ↄb oxia
2351,rrɣeɽavvuee,pink used with the verb ba r
2352,rere,to deceive cf eɽzɽε
2353,to,x to overflow to inundate eze na o ihia river hau overflowed εki ɽo the market is full all the traders have come to be cheap co it is cheap ↄɽo it is always cheap w dis charge pus matter of a boil
2354,o,to think ito v erio think so ɽo iɣo to add up e g prices of goods bought l welcome or sold cf Yov fNil mrk ito w mu ro roɣo l to be watery soft e g of fufu gari cf oɽo ɣo
2355,rogo,x I to think ↄɣ iε ioro iut i of my own e q money that I am thinking to calculate i o n aɽoɽo money calculation to add in ɽoɽo ku gbe evi n aɽoɽ ku gbe things that are added to gether addition cf ɽo wo x to be ripe and soft highest stage of maturity for ripe fruits that are still hard uv vo uhoro na ox e this pawpaw is ripe to be cheap v ɽo n ei n ide v gki ɽB OXdE the things I bought in the market to day are cheap to be easy in ↄɽw x ῦ egbe I have an easy life i e I have
2356,all,egbe
2357,tu,x to do ↄɽu e fo he finished doing it u dↄ oↄrↄ to let the lip hang down ɽu b toill treat Combinations with nouns ɽu
2358,egbe,a to drag one another to kick q wu ekε to collect and mix mud for house building v ho D diom ɽu evi n egb εɽe to do the things of his body to bury him dxw song p ru εse to be kind in the meaning to bestow favours i e to gwve dashes ↄɽu se
2359,me,he always favours me viz with presents ɽu iko to hold a reclnl tu ohuε to hunt Gu osa to owe a debt v fa J D n a u ε osa to whom people owe a debt creditor tu ↄbafi to bunt also
2360,rↄbafi,uhe to cohabit with direct object indecent worse than ho for decent ex pressions v gu with ku to offer a sacrifice to ancestors the guardian spirit and deities u ehↄ tomake the annual ancestral festival including the sacrifice also ri ehs ɽe r ɽu erha to sacrifice to one s father ru εbↄ to offer a sacrifice to a deity cu εhi to sacrifice to one s guardian spirit Lu εrivi to sacrifice to the dead people used of sacrifices to the deities as well ru uhudu to make a sacrifice to I I one s head when advised to do so by the oracle ogwsga gw means to sacrifice to one s head at the igwe day tu can further be used with the name of the particular deity to whom one offers the sacrifice e c fu ↄ wabhe to offer a sacrifice to uwahε v rhi eɣo and mi eɣo y i na na l
2361,wa,na mu na gw rhↄ to be come be of a certain quality which is indicated by a re duplicated collective noun cor responds to English construc tions like to be sandy watery etc ↄwu exexae exae J itis becoming sandy e g a path that is frequently used ru amaame am it is becoming watery of soup ru amaame it s watery
2362,ua,second part of wverbal combinations which seems to intensify the meaning of the first part in some way or to indicate that the action implied by the first part is carried out to its utmost limit e g gbe to hit gbe ɽwa to kill z o and z iZo
2363,rua,to squander money rhi a o be spoilt en tirely After nasalised vowels the word occurs in a nasalised form fua and shortened forms are frequent ua a ua a
2364,ubuɽubu,to be jealous of women rue e to shake ↄɽue ɣ erha ni he shook that tree v
2365,xue,to move or shake faintly
2366,rueruerue,very small of things only used with the verb
2367,ye,your book After nasalised vowels uε agbhↄ ɽuε your life short forms are ug ub a we L to learn also ruε ebe lit to learn book ↄgwmu ↄe bhe is learning it to teach also
2368,we,ebe to teach book ↄɽuε o ebe he is teaching me ↄɽu ↄ e he is teaching him implying it as well cf icuεdi uɽuε
2369,oe,wuε to have a good effect of a sacrifice only used of ese to be accepted ɽuε
2370,na,to have a good effect in somebody s favour e ese n izoge Lue mea L the sacrifice I performed had an effect that was favourable for me
2371,fuεɽvuεɽuε,faintly burning used with the verb ba v
2372,rierierie,describes a pregnant woman also used to describe swellings caused by elephanti asis eve and pregnancy in cows or pigs used with the verb ye fa e to fry with oil or lard oko doɽfau d ↄd na n ima qɽe b triend come and fry this fowl for us to eat emiowo n aɽadv S na xi a is this fried meat rε L to know n ↄɽε vi or iɽEvi an intelligent man
2373,aifε,lit one does not know perhaps in case itama bwa aif v u aɽyu e Thave told you all the time scil all about the consequences in case you do it Lt something like one does not know whether you will do it cf iɽε i
2374,frhiifth,a specific adverb describing sawdust or worm dust feeble defeated ε to tickle w so
2375,igugguε,avariant of ni
2376,itia,to supplicate ↄɽivia ε n izEɣigb εe he begged me not to flog him again
2377,fivia,na to plead for somebody ↄɽivia nε he is pleading for him ↄε to marryy used of both sexes iri od ↄɣ erha Cε n iyaɽↄ I am going way of my father s to my father s place in order to go and marry a husband ɽↄῦ
2378,oxuo,to marry a woman dɽↄ ῦ ↄε a she married him b he marred her cf oɽↄῦe l
2379,tua,or fweJ very small indeed more so than the degree indicated by tinε of infants or of things used with the verb ye ueɽuerue Lahl fal tostart be startled once suddenly as result of a Fright but vw gw to tremble Qo used with girɽi ma v ↄɽe de kx egbe L rehiel skewaffa giri I and he dash ed n each other in the dark and he suddenly gave a start sa r to scoop water s ame v uhae he drew water from the well ↄs ame he drew water ↄ a ma he drew viz water for me in sa y to scoop into part of a liquid w rhurhε to turn the container over so that all the water is poured out tue r from vessels with a narrow neck like calabashes to cast in brass ↄsa e y D or ↄy efon sa e he cast him in brass no is put in here as the cast Ing in brass also necessitates pouring the brass into the moulds sa to shoot with gun bow and cross bow oy osisi s uzo he shot an antelope with a gun gbe is more used sa Te he hit me same as sf oe which however applies to shooting with a gun only sa to plait one s hair of women ↄsa et εɽe she has plaited her hair v tue to start weaving or net making i e to weave or make thefirst stripes ↄsa idol Jhe is weaving the first stripes ↄsa ewa he is beginning a mat Iterat salo in sal eto to comb one s hair rhi lli gh be n iya sal eto elve me a comb in order that I may take it to comb my hair I sa z x to burst ibi emo to na
2380,saɽe,this tyre in testines of motor car is burst ofiti na sa v Rko this corpse is burst at the abdomen ve also used to crack of a falling tree erha na sa gi als this tree is cracking let s run terat in salↄ kua to burst of several tyres kua is not used with sa w sↄ of cloth sa to raise ↄs ada lel oh
2381,sxwahε,be raises the ada sword follows the dxwahe priest he follows the dwahε priest with raised ada lel ↄba follows the da sa r to jump sa occurs in sa ibo to guess the identity of something hidden e g the contents of a closed bow as test for a new doctor or a man chosen by an ihε to be his pr iest wv ha ibo under ha
2382,saba,to be able ↄ asaba ɽu e he will be able to do it ↄsaba ɽu e he khew how to do it cf Port saber Pidgin savvy or sε I v s εti l
2383,sahε,to faint ↄsahε he fainted or has fainted s aka cf s
2384,sakpaɽεzodi,the Afifth generation of children cf ε odu v iwu s ame cf sa
2385,se,x to nail y ise s εe take a nail and nail it to sew cloth and leather ss ukp he sews cloth as ohii he is sewing leather cf ise s ebε cf sε I se I x to reach ↄs ↄf he reached it sε v erio reach thus so far or con Jugated osε v eriↄ ne n ulu yava edsa lit has it reached so far already that you are not going to branch off here something like are you so angry that you do not want to call on us any longer said e g to a disappointed lover by relations of the girl The high tone of ya indicates the negation s εri is also used to come true vw s unu ε dε sεe my word has come true to be enough ↄsze it is enough mabhese it is not yet enough ↄsz meε it is enough for me but ↄsr me it is effective for me viz a charm or medicine asε v erio that is enough e z when pouring out medicine to visit us eke n iye have you reached the place where am have you ever come tfo see me I diom ↄ ume what a nuisance an expres sion of regret or annoyance at some mistake also ↄsε we s egbee one has made oneself ↄs uε oh vou are a trickster to somebody who e g has broken a pot and put the pieces together so that it looks undamaged also ↄs uεs egbee ↄs ↄɽee I m sorry for him when learning of something bad that has happened to a man known to the speaker also ↄs ↄ e s egbee v sε eghbe The Lit meanings are possibly something like it has reached me you him but ume is a very strange form The last vowel is lengthened in these exclamations s eb to make a boundary between two or more farms gi ay ↄ ka s ebε y ugbo na let s take corn to make a boundary on this farm se egbe to reach body to befall to affect of curses not diseases b to be one s turn ↄs ↄɽ egbe a it befell him b it is his turn hence n ↄs vr egbe the next one n dLis ↄ egb ↄna xi the next omne is this cf ↄsegbe J v ze lele s i to glve evidence same as s osze ↄ ɽi me he gave evidence for me ↄs εɽ gbhe
2386,bε,he gave evidence agalnst me s εti to be able v m ti s bs ly a to begin b to catch also to find out somebody s guilt by oracle is ob mu ε or y o I have caught him or found him out Must not be mistaken for s obↄ to clap hands soI s o εε to give evidence ↄs osεe gb εe he bore evidence against him s ot reaching ground down d iguε s oto kneel down tota a s otↄ sit down se ↄk E to satisfy not of food ↄs dB Ska it has satisfied me I am content ↄs ↄ ↄhka h has satisfied him he is con tent cf is kε v ko s ukpε ukpε beak to poke one s nose into some thing to interrupt a talk to be pompo too forward idiom s ukpε v ↄwεwe he is interrupting in the course of the sentence ↄvoxa na s ukpε gbe v ↄta this boy meddled muchin the talk s uma to hold a council cf i suma s unu to happen b to come true se to break to split sε
2387,fua,to split off e g a corner of a pot uwawa na se fua v ehↄ ou this soup pot has split off at the edge s ivi a to husk palm kernels muy egbe n ugi aya s ivi get ready that you let go that we may and husk kernels b to bear twins cf ivi s ak to file teeth This is done by Yoruba people mostly but also by the Binis of Akurε and the people of Us With Bini people it is said to be a modern copying only The two middle upper incisors are filed mostly and by means of a knife or file ↄs ak he has his teeth filed ↄse B akb he filed my teeth n akpas ↄɽ aka lit whom a foetus has filed the teeth a man with a natural tooth gap s iwu to make the tribal body marks iwu Whether s iwu belongs to this verb does not seem to be quite certain se insε ɽae to leave ↄs ↄe ɽae he left him
2388,se,to surpass means to ex press the comparative idea skpalↄ sBe Oe he is bigger than pass me ↄɽε sεE Te tl he is becoming cleverer than I the seε is spoken on a low falling tone cf sE I
2389,serhiε,to revoke a curse this is in the case of a simple curse done by saying iserhi I take the curse from you re duplicated isBrhi rhi shortened into iszrhi If it is however a curse sworn at an ihε shrine a sacrifice must be made to the ihε whereupon water from a cup is spat on the man on whom the curse lies or Into the air if he is absent and the above mentioned formula is said If the cursed man is absent the formula is isεrhiε
2390,rhiε,I take the curse from him is crawling already to cause esp si ezo to cause a palaver ig ↄsi Zo it Is money that has caused the palaver oxuo ↄsi εzↄ it is woman that always causes palavers v ya ze bot o S m si kε a to be near owa resik ↄ ude vilg pal his house Is near to mine v
2391,dia,go further back si k ↄdↄ od go further there go further in that direc s ɽi cf sε s ti cf s I
2392,sit,x todraw to pull ↄ ika tion c to place near as in si k t tↄ to turn down the wick of a lamp but without v uw oha he is drawing ikain the bush ika is a creeper when it is wanted it is cut and pulled down si maama to be pressed together ifa si maam egbe they are pressed together of a crowd
2393,si,xua to equip oneself to get be ready lit to pull and turn one s clothes up siame to draw rain to make rain by charm b to be lean si egbe koko to gather intrans egbe may be omitted wa hia si egbe koko y eda v itere N vou all gather together here until I come s irhivirh to be come be mouldy ↄs irhirhji it is mouldy v mu b b o s wn he w h sie I Ir i in si amo turning the lamp out si ukpa na k ↄↄ tur n the lamp downl cf si insi kpa toremove from to leave a certain place fsi x to give thread of loom to spin isi oɽuɽu I am spinning cotton but do to weave is used of the spider to give the glad eye same as si si aɽo dↄ she is flirting
2394,si,εɽ to watch to observe cf yi εɽo to be black osieɽe
2395,duduudu,it is quite black cf usie sie to take a pot from the si osa to reclaim a debt fire osi εze he took it to draw debt oↄsi osa gbe down he is too harsh in re siZ todeny ↄsiε v INdTE D claiming debts si ukoko to smoke a pipe ↄsi ukoko gbe he smokes too much to crawl cf a baby ov uε na si ne this your child he denied it when I asked hive si to break down collapse fall in owing to subsidence same as suo uye na siε this hole has collapsed
2396,ↄsirɽe,may also be used in the following case when cassava has been ground it is put on a bag to dry and a heavy weight is put on top ILf this weight gradually drops off the cassava is dry and can be used In this case msuoɽo would not be possible siE fε describes bright moonlight used with the verb
2397,ba,describes the drop ping of water oↄla kua siεɽ t is dropping passing out gradually cf siε
2398,sigsisiε,a word used in the introductory formula of stories cf siuIl v um aɽave sigg sig very lean oↄye
2399,sigsigh,he is very lean v kagukagd
2400,sigosigo,tall and lean of human beings only used with the verb ye sige auxiliary expressing a doubtful uestion same as kwe D really ssisenwina is he really working osivere has he really come re is actually spoken with a rise from mid to high s ihua cf so
2401,sika,to shake each other holding one another at the upper arms first phase in wrestling after that the part ners let go of each other and the real match starts perhaps the original meaning is to stick to each other to clasp each other sika mu to stick gum to something ibob oti sika mu e ɽ ukpd an otiε a fruit skin has stuck to his cloth mu is low here not a low fall cf
2402,sikasila,tough of meat or wood which does not split easily ↄye sikasika it s tough cf sika
2403,simosimo,very lean very thin of plantains ↄye simostmo it is very lean v kagm
2404,kagii,a specific adverb describ ing an erect way of sitting v
2405,gika,he sits erect sira inthe presence of sira ɽe rokpia na narba in his presence it was that this man stole s ivi f se sivi to claim something by force or tricks from some body is expressed by gu l gu εe siGiLE claim it from him siti to be next of kin to somebody m ↄ or me ɽ d L sivi ozo Ojo is next of kin to me i c brother of the same father and mother in this case I am the senior perhaps it really means it is I who claims Ojo viz as his brother v sivi T Ode ersili Osagie Osagie is next of kin to Ode Ode being senior sivi to cure gu S si i ↄBa na help me to cure this man to protect e g n prayers s iwu cf sε sor tostab knock push with something pointed su ↄe knock it with a pointed instru ment espec to butt of rams goats cows su anyd to tap rubber so can mean to tap juice from any tree by means of a curved tapping instrument or knife v bε
2406,so,asef su asefε to tickle under the ribs with one finger ↄso isef he tickled me under the ribs so iguBguε samemeaning as the preceding ↄ dv iguEguε he is tickling me This word is also used when speaking of some body s intrigues or other magi cal exertions to damage a man v Eɽε so obↄ to shake one s hand isu εɽ obↄ I shook his hand s obb gl to knock at the door is obbↄ v εxu εm e I knocked at his door so to be dark only used with the subject ebiebi dark ness and with ofu u avocado pear in the impertf to denote its ripening the state of being ripe is expressed by
2407,bi,to make a noise amε sOo the rain is pelting down aso ti εɽe he is shouting to call him s ihua to sing a song ojↄs ithua he sang a song s oba l cf s I sor s oɣo to shake a vessel con taining water in order to rinse it kp oɣo to shake a pole in order to pull it out of the ground
2408,sokpa,to leave out to exempt mostly as a butt of one s boasting ugparhu gie n ikεɽe hia sokpa oε if you are boasting towards all the others leave me out but unless
2409,sokpjsba,name of a village Sakpoba its population con sists of Jekri people only cf
2410,sokpa,to pick of birds to bore a hole with a pointed Insttument v ha oↄsol εe he bored or picked it idiom to come true of a suspicion e g eῦi n εd ↄ hεkosolo the thing of the other day is gradually coming true v s unu sologasologa describes walking with one sore foot sO that it makes no full footprint xia sologasologa he is walking with one sore foot s osge f sε s oto cf sε sO I to grow of grass and hair u ifudu s to be hard s f urude t s not hard for him to do cf s v lↄɣ ↄ
2411,b,to split wood ↄsↄ
2412,erha,he is splitting wood to split intrans erha s the wood splits to tear cloth ↄsↄ v ukp he tore my cloth
2413,sogwagwo,tender of a child dmMb ne SHEWIIEWH tender child
2414,sono,x togrieve anger annoy to disgust be disgusting P describes something that foams v hu
2415,satε,to rebel ↄ jta he rebelled cf Yor fotε ote and Bini isote sss interjection used in calling dogs same as gba si r to be powdery of ground or pounded foodstuffs like corn or soup herbs oↄsu I S itis ground and powdery to make powdery ↄka n alↄ st gbe grinding corn makes it very fine or powdery v Ia dudu si to besticky like gum to be slow usii gbe you are too slow
2416,sua,to push with hand ssua ῦe gw iyeke he pushed me back to push into dangerous actions etc of harmful charms su anyↄ c so l su to begin ↄvesuε nef he is beginning again
2417,suεjf,describes the sound of some light object dropping into water small stones sticks etc but also of some bather jumping straigcht into the water ↄsa fi eze suεJ he jumped into the river plop w gbidii
2418,suku,in aɽo ε suku vour eyes look full of fear you are shy s ukpsε l df s
2419,sulele,on the shoulder in smu ε sulele he carried him on his shoulde s uma cf sε J stnↄs noↄ describes a lazy kind of walk with a slack limp body and possibly slightly moving arms ↄ Xia sUNↄsUNo s unu f s
2420,suo,to collapse of under mined soil same as siε
2421,swsisw,dark blue used with the werb birI same as dud iidd i
2422,sufi,describes a fixed look such as that of fortune tellers but also a foolish gape v ohua
2423,gbav,is equivalent to t ↄgb ↄε t uxia ɽa are you going a agh ↄ ɽa will he write it t ↄgb ↄε he must write it and also he is writing it withstresson the verb Instead of t rh may be used before singular pronouns or possibly only before the nd and rd pers sgl
2424,ta,to speak to say to tell st en ε ε he is telling the already mentioned story ↄta v eriↄ hesaid so ta ma to tell somebody t ohoyɣe to tell a liec to liec ↄt ohoɣe b he lied ohoɣ ↄta it is a lie he is telling t ↄta to tell something ↄt ↄta h mad ɽε he talked to him of me to guess ariddle used without an object only in the request ta guess with iro riddle the verb mu is used The same meaning to guess is perhaps underlying the following two combinations verb object t ise to play the isε game and t ile to bet Iterat tal to talk much to j abber a more re spectful term is gua tald does however also mean to report probably because this entails a somewhat lengthy talk ti r to spread to hang
2425,ta,yi to spread in t tlkp y ova spread the clothinthesun b to hangon g ti ε y egb ek hang it on the wall ata ε y egh ekε it hangs on the wall ta Qu t Gkpd gu etebuɽu spread the cloth on the table ta
2426,lele,would be used if a cloth were to be spread on several tables m H ↄ poI wp a rope as a clothes line at iri y ovi he fixed a clothes line in the sun t Gk to measure by means of a line mostly in timber work t oki y ↄ measure it lit stretch a rope to it cf t i p tai to be tall of human beings ↄῦa na taε this man is tall c ti
2427,ta,x to imitate jU εtaa vHD don t imitate me to compare gɣεya e taa ε don t compare him with me tab in idiom tab εr εῦ what is the matter what is wrong lit or is it not the matter viz is there anything the matter or is it not w p u εe ɽa tab BɽC uwε are you the one who did it or wasit not you cf Yor tabi
2428,tafia,to interfere to meddle in other people s affairs utafia
2429,gbe,you Iinterfere too much cf Engl interfere v mi arale
2430,taitai,describes the smell of corpses and of dog blood the i is not short here cf tataiata titaata I to be stretched straight and long used with the verb niε v Texts Uke keve arhuaro cf ta ɽ titaati salty fa it cuts tatadata it is salty sharp of smells e g of urine cf taitai
2431,te,an auxiliary verb Indicating r that something was going on or was in a certain state in the past but implying that the end of the action was not attained or that the state referred to is no longer existing ↄtema it was good but it is no longer so itewu J I was dying viz vb uhutu ni amu ῦ always when that illness attacked me This leads to the meanings nearly e g in itewu I nearly died and mis takenly utew εr eva nwa re enwa J you were mistaken in saying he is not there now that the action of the verb to which it is linked follows another action before imi ↄ v ↄtekpas I saw him before he had left imi Edεgbegbe v dtej axia I see him every day bofore he leaves
2432,te,to decorate t e decorate it ↄt e owa he is decorating the house ot egbe he is decorating himself the body t gbe mu f t
2433,teitei,imitates the beating of pulses generally with fear in the case of the tortoise leilei d iIs used in stories the i is long vw afiama
2434,tete,to save to be economical with something tet ze save it Ozo tet inya n iviↄ nws nin mi ekenay usε Ojo be economical with the yams I brought you so that they will last get a chance to last for five days I g
2435,te,to be contemptible to be useless utε nε v en uye na you are already use less in the state in which you are now
2436,tz,to urge somebody on to do something by flattering him or by acclamations ɣεt Be ru εe don t urge me on to do it e g for I shall be overtired
2437,tε,r to put in a file or row t bicka na n ifa ya y uvi sεse l arrange these chil dren so that they may be pro perly in a single file e g may be said by a teachern to claim as one s relative at Perhaps this should be a separ ate item t zo mu c tↄ ti to be famous but usually this is titi ti to be fat we na fεko ti this goat is gradually becoming fat ti to boil ame ti the water is beginning to boil ame
2438,ti,the water boils d
2439,ti,the ti to fly ahiave ti bird flew ti in t ihi to sneeze ot ihi he sneezed v zε
2440,ti,x to warm up liquid food s ups unw ῦe n atiɽi a warmed up soup to weld broken iron together ti emat na me weld this iron for me
2441,tia,to flatter itia dε don t flatter me any longer w
2442,t,to call ↄtie e he called me ti ebe to read ati εɽe he read it ti bo to curse juju in the meaning of to curse but v v this is not the worst way of cursing a man which is done with an exwae t ihε long i na to curse not very seriously at ih ma he cursed me also ↄt ihε ne he swore at him same as ti zbↄ v a ε ε mu εbↄ gbe t iko to call a meeting tie εzb to call to a lawsuit to sum mon n ati ε εzↄ who is called to a lawsuit defendant same as n agugwi vw gwi sxu nie n ↄti ↄ a z he who has called a man to a lawsuit plaintiff v
2443,stiobaεzo,to twist oti i e he twisted it to become be twisted ↄtiɣi it is twisted c tivitivitivi I tizitisi l otiɣici l
2444,tizitivi,this thread is twisted The word also describes matter congealed over a wound v iku L cf tizi t ihε cf tie t ihi J cf ti l
2445,tii,powerful harmonious of a unanimous shout of applause used with the verb we tiidigh i imitates the sound produced by the big em εdo drum used with kpe or
2446,wu,to despise ↄtila ῦe he despises me t ile l cf ta l IoI
2447,tine,very small tiny of babies and things a higher degree than xerhe ↄye tinf it s tiny t iri l df tA t ise cf ta
2448,titi,to be famous otetiti gbe v ↄye xerhe he was formerly very famous when he was young v ti r titiiti x noise made by Boras sus palms in the wind used with the verb kpe v uɽua his item has been contested by A who wanted to substitute
2449,dididididi,for it titiiti fat stout and at the same time short
2450,titititititi,imitates the sound produced by the small
2451,uke,drum used with the verbs kpe and ɽu ↄkp gre t he is beating it t v tiidighεy
2452,to,x to be hot of pepper to burn high of buming farm land to be active of an εbↄ or ihε i e quick in complyling with prayers and curses
2453,toba,in toba mu to stick to
2454,tobatoba,gumming together occurs iIn a magical formula only cf toba t obↄ added to the personal pronouns and at the same time followed by the possessive it conveys the idea of self mε t obↄ ε I myself we t obↄ ↄ you yourself or In commands t obↄ ɽuε t obↄ wuwε ɽu εe do it yourself l ɽ t obↄ ɽe he himself ma t ob ima we ourselves wa t ob uwa you yourselves iɽa t ob ifa they themselves ifa t ob ica awu εe they did it themselves cf obↄ
2455,toɣa,an interjection asking for the truth is it true really indeed The answer is
2456,ise,to pity it oha ɽ I pity him cf itoha Ll t ohoye f ta t okdi cf t A
2457,tota,to sit down to sit t to cf t
2458,to,to live long ↄt utↄv n ↄma Y he Lived a long good life uɽatↄ may you live long uɣpat kpε e if you live may it be long may you live long a mode of address to the ba of Benin and to chiefs t r to fell a tree v gbↄ special term referring to felling trees on the site chosen for a farm Iterat t noↄ toↄn iku erha ni gb ota cut those shrubs down with a matchet t to dig into the ground e g pots poles etc t o tↄ to dig into the ground the s only nasalised in the be ginning Iterat tons t n ↄ dibvi εsεse n am ukeu y ↄ dig them i holes deep and well so that we can put the yam poles in cf utdyots gwa to dig something out t X to be hot not of taste or the weather but of liquids or muetal ῦ Bnwaε ↄt gbe Dbe careful have sense it is very hot to roast ut inya ni nε have Ig you roasted that yam already inya n atↄε roasted yam cf inyats v ti rd
2459,ve,in t mu to lift wp to increase t ε i na mu Ilift this thing up t Egbe mu to Ilift body to be proud st Bg be
2460,mu,he is proud cf itε
2461,gbemus,to reopen a lawsuit by appeal e g ↄt mu he re opened the lawsuilt tol to itch obↄ t ↄl E my hand is itching me to scratch tal ↄr scratch it to cough in tj l ohuε t ↄta l c ta
2462,tu,to shout to cry for something as a complaint upazεtu dex ug akw εti lit if you cry continuously I hope you will stop an angry word in response to such a form of discontent to strike of the clock εgog isε
2463,mahetu,five o clock has not yet struck tu asε to spit ɣRqEtu asε ku
2464,dl,don t spit on mel splash me i e by accident but v gie cf tue I tua to pull strongly together things which are tied together tua eῦi n ugbae ni n ↄɣεrha pull those things you have tied strongly together so that they do not get loose stua ihε ni he tied that load tightly tua to be loud of human voice and drum stronger than la when referring to the voice it is used with ukpε beak tua kpε e ↄtua ukpe rharhaarha he spoke loudly w gboɽogboɽo tua to swell of corpse tua x to hasten to hurry ɣ tua inwina na don t hurry this work to be hurried of work etc not to be in a hurry inwina na tua
2465,gbe,this work is too much hurried i e and therefore hard to be serious A Biogr To take serious is ex pressed by mu gogoogo
2466,gbe,to take too high tue to ooze out to bleed esagiε yetue v nw na h the blood is still oozing out of this wound esagiε tue v egbe ῦε I am bleeding blood is coming out of my body to squeeze out viz the contents of the bowels of game tu ibi afave ni
2467,gsese,to dress one s hair of women oxuo na J atu eto this woman is dressing her hair tue to prepare medicine over a fire i e to fry it in a pan but without oil or lard fav uxudvu is nowadays used by the young people but it is not correct dxwahε text v le ca e t
2468,tuε,to visit a certain place to greet to salute koy ido Re Los tu ↄ koyↄ I have come to salute you cf otuε t uhu to stir up to disturb utug amε na you have disturbed this water by stirring up the dirt cf l uɣu z uRu t ule mu to start running at ule mu he has started running v rh ule
2469,tuo,re to descend to come down ↄtuo re nε v εɣε v ighera he had alrady come down by the time I passed by tuo re v od uxudu come down from above
2470,tubu,to have sexual inter course with used with direct object not decent w gu
2471,ve,ku ho u pron personal of the nd pers sgl abbreviated form ugb εe you killed him
2472,ugɣare,shall you come uba εzε F D list a tree Ochrocarpus africanus cf εzε I v oti
2473,ube,a women drum of varying length may be as long as feet beaten alternatively with a drumstick and the hand played during ugie and
2474,eho,a tree Sirombosia pustulaia
2475,ubi,the son of one among the
2476,ogiaves,a bad day u wedε
2477,ubi,pointed stick used by farmers for making the holes for yam sticks v gbe I ogha assgiε
2478,ubi,aslap gbe ubid a leopard like animal but smaller
2479,ubo,a creeper with a very thick stem fruit eaten by monkeys
2480,ubbrhε,stockings the word is not much used cf Yor
2481,ibↄsε,act of building cf ba x ubↄBε act of predicting prediction cf bↄ
2482,ububa,r a trce Vulex rivularis stocks for of fenders ka ɽε y ububa he put lit fixed him in the stocks
2483,ubudε,being numerous great number crowd ubuv εvo ita ya zade they were coming in crowds c bi
2484,udahae,coral bead strings about tied round the fore head worn by the Oba and some big chiefs cf εhae
2485,udasu,a small blue and red lizard said to be poisonous
2486,udazi,an attribute of Osa Osa n Udazi the meaning is not clear
2487,ude,enlarged spleen mainly as a babies disease visible swel ling in the abdomen movable a pinching feecling sleepiness and lack of appetite v ova name of the organ
2488,ude,advice ude n ubu ῦε e ma gbe the advice you have given me is very good cf ibude v bu
2489,udefiaghↄ,fallen into the world a man without any support backstay v oseɣe D atull orphan w de
2490,fi,fall break a tree Swariza fistuloides pro duces a seed which is used as soap by poor people v ev axuε J a long hanging coral necklace cf de gw xa
2491,udegboto,a kind of palm wine v exwexwe cf de gbe oto
2492,uderhu,fall upon I a big kind of hawk with white wing tips gives a whistling sound a man who has committed a rape cf de rhu ud oi from fried palm kernels grease cf Ibo ud
2493,udeni,name of a Bini village seat of an dxwahε shrine
2494,udi,x the oil palm FEiaesis guwneensis udi uxuvu a drink obtained from the oil palm the cut starts from the spot where the palm bunch begins no other part of the tree suffers lit palm of the top side this is the best kind of drink to be given as an offering to a god a kind of white water yam which is very long hence the appellation
2495,udia,tsetse fly udi eni h cnT i a big stinging
2496,udivε,courage cf di
2497,udigivε,being deep depth of divi ud dε thinness leanness cf ds
2498,udu,Lhver in udu n εko J udu of the abdomen lungs in udu n ohoyɣa the empty udu heart v kokodu ↄkadi
2499,ududu,lump udud ughe mote the tonel a lump I of a stone udud uῦε a lump of salt v ukp uῦSEdugie the better expression udud ucεD bo a lump of sugar ududu evaxuε a ball of soap nmative soap is sold in balls v oso cSↄ ε uduoho lo a tree with light wood Sterculia tragacantha
2500,udududi,also uded udi suddenly ↄde kii du udi he dashed against me all of a sudden unintention ally
2501,ufere,any instrument blown from one end fife bugle whistle the player is oluferm for whistle enwiso Engl may be used c Yor fere v ekperε flute i c an in strument played from the side
2502,ufiecε,act of clearing the bush c fie v ifie
2503,ufosε,end ewi re ↄma voH
2504,fose,things do not happen that have ῦε no end everything has an end cf fo
2505,ufbↄ,the mes senger of Ogi uwu the King of Death its head is in the middle of the body hands and feetissuing immediately from the head feet up and hands down ward it seizes sick people and carries them to εɽidi and it becomes visible to a man who is about to die if the patient is delirious it means that he is golng to be seized by it This is invariably regarded as fatal consequently when this is likely to happen the witch doctor is called in at once he dances in order to please ufↄ and I avert it from its prey Another name for it is uks n εfibi zee the messenger which the underworld has sent
2506,ufua,a kind of ikpε red yam but white
2507,uga,small vertical poles be tween the uhoho at eru yam stack the yams are tied to them by means of creepers and cane
2508,ugaga,two trees bLr delia maicrantha and Cuviera nigrescens F D List ogangan uga ε x act of serving e g for a wife to one s father in law e c edi ugade gifts made as part of that service for a wife Church service cf ga ugia ε cowries of the value of about bs d obsolete
2509,ugiavε,the frst Ishan speaking village on the Ekpoma Road six miles north of Eh ↄ
2510,ugie,twenty
2511,ugie,next occasion next time ugi fki the next market fki n ↄgbera the last market ɣade ugie n bↄde come at the next occasion i e at an indefinite time saild when there is no time to attend to a guest Any of the dba s ceremonies The prin cipal ugies are ugi ama ama is one of the ba s gods ugi azama for the dba s children ugi ovi ozuↄɽe at which titles are given ixurhε devoted to Otↄ e the ground ugi ↄ o a cycle of ugies opened by ami ↄɽo it consists of ugies devoted to the ba s an cestors which take place at in tervals of five days and which are called ugi iɽs orid n and ends with ugi erh ↄba the ugie made for the Oba s father after about three months After this period the annual ancestors festival eho seems to be celebrated in Benin After ehb there is according to one informant another cycle of ugies devoted to the royal an cestors which is called ugi ign and which again consists of ugi if s leading up to ugi erh ↄba After this i ec after about four months orhu is performed and an ugie called emobo This is followed by igwe the annual festival devoted to one s Head which is performed first by the dba then by his people After igwe the annual war procession
2512,isiokuo,was held no longer now which included egbala and amufi Then comes agwq the New Yam festival at the guae which is followed by the general practice of ihua glving new yam to the gods and finally agw ↄ εnε The order of these ugies is very doubtful and the col lected statements differ neither is their number complete
2513,ugietε,comparison d igiedi l ilrl
2514,ugiedε,act of burning blaze cf giε
2515,ugive,leaking cf gi
2516,ugo,a sort of red yam ikpε D which has gone wild v
2517,ogigha,twovillages distinguished in the following way Ugo n iyek orhi op the Ugo be rob hind the Ossiomo River and Ugo n iyek ikpoba the Ugo behind Ikpoba lying on the road to Agbon
2518,ugodε,m act of shouting songs accompanying the
2519,akaba,dances of the
2520,dwaheε,cult sung by the head dancers while the women dancers clap hands When the head dancers pause the women sing uke songs and both groups stamp their feet as accompaniment gbh uke cf go
2521,ugdgie,worship Akugbe cf g ugie
2522,ugdgd,r Bini name for the Sobo tribal marks a straight line leading from the middle of the forehead to the tip of the nose ug jg iyeke spine same as uv iyeke v uvi c g g ↄ g
2523,ugu,a tree Saccogloitis gabo nemsis its bark is pounded and mixed with palm wine in order to make it red ugu mu any na εssse the ugu has changed this wine very much
2524,ugu,vulture Common or Hooded V cf Yor igfi
2525,uguoↄmuaifia,lit you do not help an old man to cut it a tree with very soft wood Disco glypremna coloneura
2526,ugwe,lLd cover e g of a pot ugw εkpoki cover of leather box a tree Hanmoa klatneana ugw akpata cover of native harp besides the literal meaning a curved tuft of hair above the forehead worn by the dba and by all the chiefs as a sign of their rank also tuft of feathers on the head of some birds e awε and esikpoy o The latter meaning was disputed by A who said that osusu should be used for a tuft of feathers shade ugwow does not fit foot natural cutting or hollow with out water so narrow that both feet cannot be placed together in it there is one near the village of dgba c gwa
2527,ows,the not is contained in the high u v iya
2528,ze,a dance performed e g at second burials the dancers with rattles round their feet move in revolving circles side ways cf d ugba
2529,ugbadiyε,killer of fowls a disease of chickens the victims are sleepy first then giddy they spread their wings gasp and knock their heads on the ground watery discharge from the beak same as luku
2530,luku,dull cold weather is said to be mainly re sponsible for this disease
2531,ugbaɽo,x eye brow fore head face c f aɽo v
2532,uhaɽo,missile stone that is thrown
2533,ugbe,swelling of lower abdo men probably due to distended bladder ugb be writing utensils df gb ebe v ukeke
2534,ugbefε,side of body cf
2535,ef,bhair clipper scis sors this is the native Bini expression but wv alumagazi etuheru D cf ghe eto J
2536,ugbede,flogging dancing cf gbe
2537,ugbezaɽo,a tree iro caryon micraster the fruit called
2538,gbεezaɽo,when probably origin ally time because it is followed by the relative particle n or v in further there is ugbε so sometimes at times ugbε s ↄɣ ar owa at times he will be at home b perhaps w kee ugbr s xar owa perhaps he is at home cf ugbugbεhia
2539,ugbεkui,belt c gba
2540,eka,deplaced fonta nelle with a baby cf gbe here perhaps to push in foy
2541,erherhe,cork screw also ugbizi ugbezi ugbuzin c gbe ezn
2542,ugbo,farm ugb ↄgbↄ new farm gi a ɣari ugbo let us go to the farm v ogo
2543,ugbodoko,ugbodioko or lioko are also heard bone ugbodok ↄsa bone of chimpanzee a tree Randia dadantha its wood is very dur able v uve
2544,ugbogiofivi,age group at εɽivi Oc casionally carved in wood It is only considered as a kind of bogey and there is no belief in it jocular appellation for somebody who has lost his in cisor teeth cf ogie oɽivi L
2545,ugbore,W the shea butter tree Parkia biglobosa shea butter obtained from Hausa people ugb b a tree Kagelia africana its bark falls off in patches u rhua
2546,ugbↄxa,a tree bBombax buonopo ense
2547,ugbudia,tsetse killer fly killer cf gbe udia
2548,ugbugbe,x tree with scaffold on which victims of certain Bini sacrifices to the sun and the rain were crucified Cross in the Christian sense crosswise amu erha u gbu
2549,gbe,he is carrying the tree or stick crosswise so as to block the whole breadth of the path boys do so to stop their playmates overtaking them on the road
2550,ugbugbεhia,often ugbu gbε hia er iyas eva it is often that I go Lt reach there always imi ε u ghugbz hia v i ajari ugbo u are left without tone marks above ri ugbo is possibly in slow speech I see him always when I am going to the farm cf ugbε identical
2551,uɣa,a quadrangle in the guae where an ba is buried and has his shrine formerly each dba had his own quadrangle which was made after his death
2552,uvaε,difterence uɣa ε ↄna xi the difference is this u Eaε ni ɽa is that different cf l uɣaε U saɽa a village with mixed Jekri Sobo population on ornear the boundary of Warri Province uɣ ava thunderbolt be lieved to be thrown by Ogi uwu the King of Death i e the god of Thunder Yor ango D it is used in the
2553,awasε,that is kept on the shrine of Os I t is obtained by pouring four tins of oil into the hole where it has fallen down then it comes up and can be exhumed The uloko tree Iroko is believed to withstand the u ava while other trees are broken to pieces this is due to its importance for witches Ujw ava are therefore said to be found if uloko wood is sawed cf u a in uɣadva
2554,ava,axe uyEav ↄra an axe with a broad blade for merly used for splitting wood cf ugQava
2555,uɣadε,being dear i c expensive dearness pride in a bad sense cf ɣa
2556,uyaedε,same as exae act of dividing cf ɣa e
2557,uge,dances any performance show cf ɣe
2558,ujɣe,entrance of a village v
2559,agba,look body ɽm mirror glass but not vessell uyQ egb aɽo eye glass spectacles cf y e egbe
2560,ugede,look appearance ugɣee ɽuε m oha gbe your appearance is terrible e when a man is ill or angry or referring to a masked dress cf ɣe u ɣe
2561,uleded,day looker clock watch v utεɣε
2562,umuexε,ɽ name of a Bini village near kεhua through which the Bini people made their first contacts with Euro peans Gwatto a certain sib has its central area at Ujvbt their headman is the oh kii there i e the priest of Okii or Olokf Other members of the sib are found at J esse I ehe where there is also an hereditary priest and chief Oh
2563,skii,closed room in a Bini house with one or two entrances v rgwal J iku cf uɣal
2564,uwviva,different species kinds sorts ways uguɣa dↄba doↄɣ jre nwa Lt in a different way everyone is sensible every man has dif ferent ways of thought if something is interpreted in several ways cf uyaε ux udPb empty shell of a snail
2565,uɣhviyudu,stump of tree that is nearly level with the LALY ground also roots of trees swelling out of the ground w
2566,ezi,bow i shooting cf abↄ obↄ v ifedε ika i
2567,uhae,well uhae na ir ame A this well does not hold r r water uhae na s agba eha well is three layers deep
2568,uhaeso,asmall plank used as a pad when carrying yams whah εku the back
2569,uhaɽo,forehead cf εhae ato u ugbaɽo uhe L l lower end of a long object uh inya lower end of a yam uh ↄɣεdε do of a plantain cf uh erh D L uh erha lower part of a felled tree that is standing up right bottom of a wvessel uh axe bottom of a pot uh odo bottom of a mortar vulva anus uh erh a stick of firewood one end of which has caught fire also uw erh c uhe
2570,uhe,Iff Yor tones the hame occurs also in the morning greeting of a certain sib de la uhε o w εgbε er
2571,uhε,a village on the Bini Yoruba boundary uh wεve breathing breath cf hews
2572,uhi,law wegbe gbe very strict
2573,uhiage,x keeping up appearances struggling to recover one s health cf hia custom uhi na this law is e this the small of
2574,uhiɽi,a big kind of monkey N W Th baboon
2575,uhidviate,swelling of a whole limb uhiviaῦ obↄ ῦε na mu T oha gbe It the swelling of this my hand makes me afraid much cdf
2576,hivia,a trap for birds lime obtained from a creeper
2577,uhobo,the Sobo people
2578,uhoboriabe,the space between two main poles utdyoto J of ayam stack eru equals εkp ↄε uhoho equal I we
2579,uhoro,pawpaw uhor ebo thiεrhiε gbe Euro pean pawpaw a special kind of p is very good
2580,uhosa,a kind of leaf covered with pimples also called eb
2581,uhosa,and uhosa n ofi fi L N f osa uhued swelling not a whole imb uhueῦ eke n ↄxia ruε so tua gbgↄa goy the swelling at the place that pains you bulges out cf hue v hivia
2582,uhuki,an influence or power spirit which causes people to do things that are to their dis advantage and seem to be senseless Uhuki is said to be caused by ill treatment of or lack of consideration for one s wife or husband in the preceding reincarnation The actual cause seems to be the swearing uttered during one s previous re incarnation by the injured party against the offender Offences leading to this swearing and consequent uhuki are e g a man s not giving his wife food and clothes or not having inter course with her on the day when she purifies herself after men struation or a wife s promiscuous way of living so that the husband forsakes her or her omitting to mourn for her de ceased husband properly v xiε uhuki ↄkpokp εe uwhuki it is that is troubling him or her The trouble caused by uhuki may manifest itself in very different ways and In different degrees of intensity A man may refuse to marry and may hate women or even be temporarily impotent or mad with a woman it is believed to be the cause of frigidity and cer taln misdemeanours A sacrifice can bring them i e the uhukis to sense a doctor makes an Image representing the hus band or wife respectively of the preceding reincarnation and makes a sacrifice to it After wards the image is buried with the sacrifice ↄɽe uhuki he buried the uhuki The uhuki was said not to be the dead man or woman himself
2583,uhukpa,once ru εe uhukpa do it once and also at once at once ikek ↄre wamu bii
2584,hukpa,his bicycle broke at once
2585,uhudova,term sickness general uhudova lbH dε sickness is paining me I am ill cf emiadῦeε
2586,uhudu,x head it is believed to report to one s hi every evening about one s doings and it is given sacrifices gwε hence uhuu da bad head bad luck uhu u esi od head good luck an idiomatic expression is uhudu yay head takesforit you or he will get into hot water for it when scolding somebody for some mischief he has done in a proverb uhud ofɽibil head of corpse skull uhub
2587,elao,wooden sculptures representing heads forming part of the ancestral shrines v erha and iye in Bin houses The ba s and Ezymp s uhuῦ elao are of brass upside upward on top uhu εɽε on top of it uhuo εzε up stream uhuo
2588,oke,up hill uhuῦ owa top of house roof from out side v erhlirhudu D message in connection with
2589,gie,to send c uhuvova
2590,vrhrn,period of nine days eki uɣade v uhuBuɽi you should come with in nine days uhudu εgε not nasalised nine days from to day cf ihif
2591,ukata,straw hat usually εrh
2592,ukata,uke x top of a thing lying on the ground e g a load that has been put down or a tree lying on the ground ogwe v uhuBu mu R y uk εɽe L uke put it on top of it a pad used to raise women s hair in some styles of hair dressing e g okuku it was mostly made of itaxuε a stopper put into native guns in order to prevent the powder and charge from falling out it is made from rolled coco nut fibre the gun is charged as follows first the powder exae is put in then uke then
2593,igele,shot or efu bullet which is again followed by an uke a small round drum used by men
2594,uke,stamping in dancing v gbe uke pl ike x cross legged cripple porter at the guae cripples are dolng the service of porters at the guae because they are reliable they do not steal nor commit adultery at the riε harem because they cannot run away crooked in uk adε hook for picking fruit aɽe something hollow X tortoise shell als uk egwi lap when followed by
2595,egbe,body uk egbe mu ε nya uk egbe she or he took it on her his lap a baby e g
2596,ukeke,stick ukeke n aya
2597,gbgbe,stick for playing drum drum stick ukeke n aya bowa sticks for house building beams put on the walls in order to support the rafters n aya it which one takes ukek
2598,wvia,sticks of dvia two sticks knocked against each
2599,ukelu,there is no drumming at these dances the correct name is however ikpata J a wooden mallet piece of wood stuck through an iron cramp behind the door door bolt
2600,uki,r moon uki de ɽo the moon has hidden herself the moon is covered by clouds uki h em ota he the moon is carrying the even ing fufu the moon is coming out late in the night e g when it is full moon ukiotal even ing moon early moon When waxing and still small uki ↄgb new moon i e the very small waxing moon ovi agh εde meaning not clear it means perhaps makes the night bright like the day praise name of the moon when shining brightly uki ra ulki
2601,de,come while the moon is shining month cf aki ha uro ko ro Jbi bele vewae
2602,uko,calabash uk edↄl a pot or calabash where some
2603,itaxuε,is kept with water and red mud for the purpose of rubbing dalb the walls of a house uk εgbo calabash for holding water and other liquids uk axuε calabash used in taking a bath also uk ggb axuε v uwawa uk ev axuε calabash for holding soap
2604,ukobozo,also ukog obozo Latham s or Forest Francolin or bush fowl
2605,ukohudu,head supporter pillow cf ke uhu u
2606,ukoko,pipe
2607,ukoko,swelling on the back Something bulg ing out in ukok owεE ankle ukoko bↄ can be used instead of igu abↄ elbow v igwε I ukoko ɣ uk calabash used for storing medicines cf uko
2608,ukoni,kitchen at the women s side of the Bini house
2609,ukoti,hair pin ct
2610,ikoti,xX messenger uk ↄba messenger of the dba ukw
2611,ekd,attendant of an Jba or chief going in front of his master also supposed to be with the ihεs Olokd and J
2612,wahε,and Igbaɣ when they are travelling uk εb invisible mes senger of a god affecting offen ders against the god with sickness h man employed by a Native Court to lead litigants to a shrine in order to take an oath c man leading a proces sion of juju masqueraders He picks up anything that drops out of the masquerade dress uk usuεbↄ messenger of accompanying or leading juju same as uk εbↄ worry v kaε uk ɣ idiomatic I irre parable damage sma uks YSmH e D this damage cannot be recovered w also
2613,mu,m act of planting act of erecting the shrine of a god or of Erha at the second burial on the day when the arha ceremony is finished cf ka uk ↄῦε being foolish foolishness cf k ε uk oe D grazing of cattle c k wandering of a doctor in search of practice
2614,uku,a praise name of the dba cf Ibo uku v dba
2615,ukuasee,act of Inuring one self ukuav εnyε snake bite cf kua h whugb belt ukugb ovi a ueɽue o belt of small pulsing boils probably chronic inlammation of groin glands e due to syphilis
2616,ukuoki,r a piece of cloth or some leaves forming a round pad which one puts on the head when carrying loads pad for silencing doors
2617,ukuse,calabash rattle mostly used by women when dancing by men e g at the ohovo
2618,ugba,dance
2619,ukudε,act of playing df
2620,ku,εbε folder or lowerer title of a chief who carries the oba s εbE sword when the dba goes out he also hands the ada sword to the amada who is golng to carry it in front of the ba when εbε is used ada is left behind So he is in charge of both the ceremonial swords bε is raised only in presence
2621,ukpamɽo,here to lower εba
2622,ukpa,artificial light lantern cf urhukpa
2623,ukpabↄ,a wooden plate used to wash hands before eating fufu cf kpe abↄ
2624,ukpafε,hollow in the floor of Bini and Yoruba houses in the rooms called ikdii to which the rain falling through an opening in the roof is led cf the Roman piscina at the atrium ukpaf gbowe hollowalong the inside of the front part of
2625,odi,toothpick chewing stick ukpak εka tooth pick of Eka Ika people two trees viz Lonchocarpus griffo nianus and Hymenostygia afzlia c kpe ak v edia
2626,nukpaks,a dangerous disease called black tongue due to bowel complaints ezεgizεgi uw
2627,eko,diarrhoea of inside of abdomen there is a small swelling over the stomach and lack of appetite pain in the joints headache and no stool In the beginning there is a slight fever
2628,ukpe,two trees used as fire wood only ukpe n exwi black wu Phuwalodiscus wui jugatus ukpe n ↄfua white u Blighia sapida visible pulsation of heart palpitation
2629,ukpε,tip po int ukp
2630,afadd,tip of the tongue ukp ehↄ ear lobe ukp
2631,ukpzku,ukpo year
2632,ukpo,enwe tip of breast male and female ukp asoɽo point of a spear beak also ukp ahiad ε beak of a bird ukp ↄↄx beak of a fowl a style of hair dressing worn by the wives of an dba iloi there are said to be two different sub styles This ukp ↄxdↄx ↄ can be seen on the female attendants accompany ing the idol of the goddess Olo ku and Igbay ukpε r ɣodi a leaf used in composing charms very sweet used as a cough cure for children a hook thrown during ibako hunting by encircling an area of bush they are used in the areas of Isil and Iyek orhiↄd
2633,ukpukpo,every year ukpukp okpia na yaz ihana every year this man usually makes ihina the ordinmary sacrifice to one s tather the sentence implies that the man is very poor because he makes ihana only instead of
2634,eha,a female year or ukpo n ↄwee a male year the first expression means a mild year the second a year of bad luck and many deaths in the English of my informant a leap year the worship of the year is possibly of Ika origin cf e ne something raised altar same as ogiukpo dais where the odba or a chief recelves visitors couch bed araised nichein Binihouses ukp ek mud bed ukp erha wooden European bed modern usage Government road the point of comparison being either its being broad and smooth or perhaps its being cut out and therefore having high borders rank position relative to that of others ukpo n uye kpↄlo gbe the rank in which you are is very high lit great
2635,ukpogɣo,pl ikpiɣo a single cowrie many cowries ukpoy
2636,uzo,cowrie of antelope something white in the eye ball of the uzo antelope hence a disease of the eye the affected eve looks like that of uzo i e the middle of the eye ball has a white spot it impairs the sight considerably Not identical with aɽo n ↄs oze dJdf
2637,ixo,staff stick for walking or fighting
2638,ukpokpo,trouble
2639,ukpomobiε,the Black Bee eater and also name for all the sunbirds e g the Scarlet Breasted Sunbird a yellow bird smaller than ↄkpa has no nest but digs holes in the sides of pits ukp cloth ukp he cloth worn during menstruation
2640,ukpↄbia,a squirrel similar to uxdↄrhↄ but a little smaller ↄta is still smaller and axiexiε the smallest t lives in tree holes but it is not smoked out like axiεxiε its holes are covered with mud at night so that it is choked and can be taken out by means of uk adε vw uke it is eatable
2641,ukpↄlↄῦε,being large big size cf kpal
2642,ukpu,L cup tin ukpu enw gεmila cow milk tin a kind of round water yam white v igiofua
2643,ukpukpε,a kind of dance or physical training for men and boys accompanied by singing In tightly closed files the dancers quickly advance and retire perhaps originally a war dance it s now mostly danced before wrestling in order to attract others to join the match or when a chief who has obtained a title goes around the town in a procession in order to thank the dba and the chiefs
2644,ukputu,a tree Bosquica angolensis its latex looks like blood doctors rub their
2645,exwae,charm with it in order to make it unbreakable because the latex gums it together its leaf is greatly liked by goats but it intoxicates them and kills them if eaten in large quantities
2646,ukpudeedugie,a lump of salt found in salt bags as the re sult of dampness v ududu
2647,ulakpa,red soil used in house building where the mud is too black or too sandy it it mixed with ulakpa cf Yor il kpa
2648,uladε,sound of instruments bells rattles and any piece of Iron cf la
2649,ulelefe,dumb ant hill an ant hill without a cap or top ulelefe n ↄrhu
2650,erhu,cappedant hill the top or cap is shaped like an umbrella
2651,ule,running away cf ls
2652,uleko,a charm with a bell attached to it worn round the neck by pregnant women it is worn during the whole day but is especially important at meals thus the child in the womb is made to partake of the food it also prevents miscarriage ocf
2653,la,idiomatic word for a special sort of calabash used for drinking palm wine by the old people young people drink out of tumblers and by wine tappers for scooping the wine out of the big clay wine pot ax any u axe same as ope
2654,uloko,the Iroko tree Chloro phora excelsa gives good timber it is said to produce the tsetse fly uloko n Enyaε the roko tree of Enyae a meeting place forwitches but other Iroko trees have the same repute df Yor iroko v isi
2655,ulbka,corn cake maize is fried in a pan then pounded or ground and fnally baked df
2656,lib,stopping of passers by near a place where secret ceremonies are performed as done e by a rope and bull roaring dvia society bull roaring alone dxwahε D or by people armed with whips at some ugie secret performance at Jdvia and ugie cf lε ↄῦa N v emila usa unwe
2657,rhista,name of a Bini village seat of an dxwahe shrine uma private council or discussion held before reaching a decision as e g that of the court chiefs or a council of war um aɽave council of animals fable story um aɽavε de wu the story has fallen and died formula denot ing the end of a story um aɽad kpa sigsifsiε a story is threading along formula beginning a story um
2658,gnwaε,a wise intelligent man v sε I oxa itε
2659,umaza,a tree Standia stipitata
2660,umazza,name of a Bini village on the Siluko Road um the camwood tree Pterocarpus osum a red dye is obtained from it which is used for dyeing mats and by women to paint their faces as a sign of the gods wahε and
2661,akε,Fulani cattle cf Yor
2662,malu,Umodu name of a sib the senior is chief Eɽiyo at Benin City the sib comes from
2663,uhq,royal family of Benin its head is the ba descended from Ile Ifε v gbεe
2664,umosii,a sib the chief ɽo belongs to it vw εgQbεe
2665,umozo,sword
2666,umpobiε,a woman who bears many children a fertile woman cf biε ↄmy v aga umob step son daughter foster son umob erha r stepfather fosterfather v erha
2667,umodia,a straight line or road ya e y umpodia make it straight umpbdia na ta gbe this straight road is very long also used for mile cf dia v ibiviki
2668,umobomyd,native iron hammuer umov catapult used by boys to kill birds
2669,umoxa,a tree Pycnanthus Rombo bI D list has umoghan cf umz
2670,umuddiyε,chicken killer a carnivorous animal N W Tlh has serval usually called fox cf mu adiyε v UMuLX XO umusy clock a new word not considered by A as the cor rect term v uteɣ ε ugεdε D it would literally mean a punctual instrument f muiu cgogo umudxdX same as umuadiyε serval uniε a tree Xylopia aethiopica fruit of the above it is an ingredient in a pepper soup also called uniε which is drunk by women after delivery and also by sick people the soup is not cooked with oil v azako uniε family εgbεe uni εɽ the εɽE is not nasal ised in four days time cf ε b s ε l
2671,unↄmunps,thing that al ways asks a name for the o
2672,gwsga,mouth unu iya gate in Jzuonla s big wall and ditch
2673,unuvgise,mouth cannot reach an old expression equi valent to oloi wife of the dba
2674,unwagweε,the senior chief at the Iwebo society he is in charge of the ba s dresses and especially his coral beads He used to act for three years as the dba when an dba had died during which three years the dba s death was kept a secret this practice was not followed the last time thus he was and still is in theory the only man to wear the Jba s dresses the title is hereditary or at least It remains in the family Igi
2675,esa,brightness of day or weather unwaῦ εdε n εɽ l uxaε gbe lLt the brightness of to day is wvery different to day it is much brighter than wusual ova might be substituted above for unwadε cf nwa
2676,unwe,a god of the ba s v Jsa Osua
2677,unwerhiε,whip idiom εse rhi unwerhiε kindness has taken a whip things have taken a bad turn or something well intended has had a bad end e g an advice not taken vey e v εse rhi unwerhiε see agaln how kindness has come out wrong unwerhi tz squirrel s whip a shrub Glyphaea laterifolia F D list unwerhi t Egbo sgbo bush same as asuε A a shrub Grewia coria ceae The unwerhi th is kept in allihε and εb shrines except the ancestral shrines Erha and Iye asthejujuswhip When the oracle has found out that a man is a witch or has sworn εbb to kill somebody the priest of the shrine whips him three times with the unwerhi ta in telling him so and the man will confess Women keep it at the
2678,olokui,shrine The urho n isE use unwearhi ta on many occasions to whip on lookers away e gQ when fetching palm wine for the royal house hold as nobody must see the contents of their loads or when fetching water for the aba he never drinks water from dDgba t is was also used by the
2679,dvia,and Ekpo societies unwo nwε a small tree Alchornea cordifolia its leaves are used by the Yoruba people as a mild purgative for Ochil dren unwd doε soup its main in gredients are ize n ↄfua crayfish εhiε native pepper ev ariε native butter u ε salt and
2680,ofighↄ,palm oil There is also ocro soOup unwoHῦ ixXiav and afↄ soup unwHῦ
2681,afↄ,bitter leaves or eb itεtε spin ach or eb ↄd ds ikp og i CG ete
2682,unyεgbe,tray unyεgb emus ash tray unyεɣε I a tree Monodora cornifolia unyεɣ a kind of rat brown with two white stripes on its back running from head to tail
2683,unyivee,custom manners u nyiv vo na make fo the custom of this country does not suit finish is not perfect wants improving u nyiv ε ke gbe his manners are very suitable he has good manners dbↄ unyivD he has no manners cf
2684,nyi,nyudu
2685,uradε,joning In a song urad ithua taking up song chorus
2686,urecbo,a tribal mark on the forehead worn by women mostly found at Oke and Urho n
2687,ighe,a beauty mark for women consisting of dots on the breast produced by a knife originallyy a Jekri custom lit able to hold rↄ a full grown man e ele df
2688,urgbo,residue of water jn the mould where palm kernels have been mashed left when the palm oil which is floating above has been taken off
2689,uria,a seed similar to that of
2690,ixioi,poor man s soap but no longer nowadays when mostly em uxuε and
2691,udε,are used
2692,uria,far away c re dry season cf uri x a smooth skinned lizard also called alimi urigd a tree Cordia awrantiaca its fruit contains gum
2693,uriɣs,name of a Bini village seat of an d wahε shrine
2694,uro,tray on which pepper Is ground v ovi ufudu hole on
2695,ise,board used for keeping the gained isε in the game of ise same as ogi uro ur
2696,ise,isε board v ogie
2697,urhemehε,name of a Bini village
2698,urho,gate urh eɣεɣε private passage leading from the apartment containing the Osi shrine to the outside occasionally also passage from od uw owa private rooms of husband to od εric women s appartment urh owa l ane between market stalls urhon is thefivegates young servants at the guae they accompany the iloi and carry water etc for the guae as well furthermore they collect material wanted by the ewaisε
2699,urhokposta,the entrance to
2700,gfivi,in Bini folklore said to have been closed by one Nba cf urho olpe ↄta Ll Urho n igbe the ten gates name of a populous Bini town in the south east of the Benin Division often called Usonigbe urhu r neck idiom ↄ ῦa εv y ↄῦ wurhu Sada he is forming words on my neck he is adding something wrong to my words that belies r a round wooden them e g in court he contra dicts my true testimony urhu oeε gu ↄna gwa my neck does not fit this I cannot bear this e a fine that is to be payed urhu abↄ neck of arm or hand wrist urhu awa neck of foot ankle i e not only the bone v ho voice v
2701,cho,blinder a cactus same as ↄ ɽx
2702,urhukpa,lantern cf rhu x ukpa Yor atukpa
2703,uɽeve,burmial d ɽe
2704,ufi,two hundred
2705,uɽo,line ya e y uɽo put it arrange it in a line t y uɽo fall in Lne ɽu ε ce uɽCuUUɽO do it as it should be done lne by line uɽ odε pathway of road ur eha a style of bhair dressing worn by women during the elghth month of pregnancy it consists of three rows of hair one in the middle of the head and one at each side v uvig
2706,uɽoɣo,a crowd of people
2707,uɽoho,r a Bini village on the Sapele road its inhabitants are sald to be very shy and retiring shy diom Uroho n gu ob ↄῦa a shy man who does not make the acquaintance of anybody
2708,uɽoɽa,name of a Bini village seat of an Ixwaheε shrine upor ama x small gutter leading off under the tloor the rain water gathered in ukpafε a direction something like west when clouds appear there rain is certain to fall cf
2709,ame,a big clay demijohn such as are used e g in stores y upu ni yak ↄgoↄ re take that demijohn go and buy ka palm wine and come fetch some palm wine in that demijohn a pot dug into the earth at every juju shrine containing water mixed with chalk and charms this mixture is sald to drive evil spirits away the priest splashes it instead of chalk v orhue b over supplicants e g sick people men wanting an ordeal or pregnant women
2710,wua,Borassus flabellifera a rattle is made from its leaves v εgwE d
2711,urubu,book barb iffd
2712,ufubu,barbed arrow a trap made of pointed iron rods
2713,uqubu,a smooth skinned lizard bigger than alimiↄɣkb it is said to be able to kill snakes
2714,uɽuhe,a tree Pterocarpus mildbyaedil an example of it is to be found near εki bↄba the central market of Benin City where it is given sacrifices under the name of emota It stands now in front of the C M S bookshop opposite the entrance of the market
2715,uquva,boill cdf Jekr urubε ler l
2716,ufa,and are strangled The trap can be entered from both ends Existing clearings in the forest with creepers hanging across are used in the same way and then the lane can be dis pensed with
2717,usa,secret performances form ing part of the worship of the ihd Dxwahε during which passers by are stopped by bull roaring or messengers v ul da l
2718,usama,but built at the dlat quarter for the dba s coronation
2719,usana,ifana
2720,usapεlε,name of a trading centre in Warri Province Sapele some old people call it Usakpele
2721,use,myutual help between neighbours in bigger tasks of farm work in mud treading etc
2722,use,a Bini village situated on the road leading to Siluko Is iloko
2723,usε,a village near the Yoruba boundary
2724,use,poverty want use s Je hYD B R x D poverty is reaching him he is in a state of want us ↄmp gɣ is ↄ may want of child not reach you may you never lack children thanksgiving after a meal used by women towards a senior woman or man
2725,usε,a period of five days i e a native week with both rest days εd ekε included ws εki native market held matches cf Yor I every five days us εki n ↄgbera the market of five days ago us εki n ↄde the market coming within five days v ugie usiiP not nasalised in five days time including to day v εdε l us dsε every five days or native week us ws dyadu εki
2726,enyaε,do every five days the market of Enyaε is held cf isε
2727,usi,starch obtained from cassava v ebabazi
2728,usi,for a long time js eva ne u si s he has been lit reached here a long time usie black coloured border on lower part of walls in Bini houses produced by rubbing them with ogbigbo about feet high cf sie
2729,usoge,nolse of water and crowds cf so
2730,usi,ɽ line row of people usii n ↄxRia ni er en okpia ye E L among the line of workers that is moving on over there it is that the man s among v otu
2731,usugba,round lump of fufu
2732,utalawe,trousers cf owε
2733,utiata,hillock only a few feet high a praise name of the dba is no hi utete n ↄɣ uɣe s ↄῦa e D he who climbs the hill that looks at the dance show more than any body else
2734,uteɣε,time teller clock a new and perhaps the best II word besides εgogo df
2735,ta,a praise name of the Ezymob Ezyms n Uti
2736,dnya,act of calling call cf tie itie
2737,uto,iron arrow head uto pe oval iron arrow head v
2738,ope,duvg in ground r main pole in eru rack where yams are kept a big clav pot sunk into the ground so that its mouth is at a level with it in order to keep water cool cooler cf t yir
2739,otↄ,mushroom
2740,utu,a sacred symbol erccted on farms corresponding to the
2741,inyatd,in villages i e it is the ground that is thus wor shipped it has no shrine but is only an ixivi tree part of every meal is given to it with out utu being planted nobody may have intercourse with his wife on the farm
2742,utukpudu,stump of a felled tree u uyhywuvu εz
2743,isi,shouting cf tu
2744,uvafadoe,bone cf ahuvε
2745,ugbodocko,a tree Tetrorchidium aQdynostemon uvi x line row rank file ita xia v uvi they an walking in single file ya e y uvi put it in a row uv r
2746,iyeke,hollow line along the back ava ε y uvi Gviε arrange it line by line systematically probably also group by group in divining group of combinations belong Ing together ogwεga
2747,uvievε,weeping uvieῦ kpa the cock s crow
2748,uvii,small hole also of an animal uvi ehↄ ear hole uvii ihue nostril uye
2749,uvua,a small clay pot used for fetching water or preparing medicine idiom k iri k uvua de uhae rope as well as water pot have fallen into the well a woman who was with child has died
2750,wovede,scarcity dearth uvev igari scarcity of gari cf ve
2751,uvi,girl in ↄvo wvi h besides dvox uo alsoin uvi n esa the girl of Ishan a timber tree FEmntan drophragma cylindrium very tall straight and smooth other wise the word is rarely used in that sense and when standing alone it mostly means daughter of the royal house of Benin and the Ezↄymp s family okoɽo
2752,use,salt uve mu ε gbe salt has caught it too much it is salty food udↄBuvk n quick speech also u Hↄudε r equal in height e qQ ifa ya y udOUubD y they are equal in height said of people trees etc also used in the meaning of εrε e hY uwa pronoun disjunctive of the nd pers pl
2753,wa,riches pleasure old word you cf
2754,uwawa,a clay pot for cooking soup uwaw ugwe soup pot with cover uwaw ezε xXe rhε a kind of flat pot used by the Jekri people for cooking pepper soup uwaw axuε wash basin
2755,uwaya,telegraph cf Engl wire
2756,uweε,pronoun disjunctive of the znd pers sgl you c u
2757,uwiῦee,being lost cf wi
2758,uwobwe,a tree Albizzva oc curring in the following species uwbwen ugu Albiz a fer ruginea uwↄwe n aba fw Albizzna sassa c ba fric J tbhat glows faintly uwbswe n ↄlaɣ abↄ Al bi ra sassa cf laga to spread abↄ waving or spreading branches uwo w n d ema ɽe dIlbyiz a zeia that cooks fufu and eats All of them are used as firewood only
2759,uwu,in the house v odε
2760,uwu,death cf wu Og i
2761,uwu,boundary between two villages or between the farm land of different families culti vating the same plot
2762,uwusa,a timber tree
2763,uxadε,act of telling de ciding decision uxa ε na ke gbe the decision of this matter is very wise suit able cf a
2764,uxadε,process of tiring uxad n εUE na xa Of kpↄl gbe L NY the tiring which this palaver tires me is very great this matter makes me very tired cf d
2765,uxaxa,a tree Fagara macyo phylla and xanthoxyloides the juice from its stem is put on Ioose teeth to fix them
2766,uxegie,a village famous for the skill of its inhabitants iIn setting fractured bones v ko I door hinge cf xε
2767,exu,a big blue black bird with grey feathers on its head and a long tail its cry is be ILeved to spell evil uxi ↄL half fi xi me v inya ni cut me half of that yam ux navel
2768,uxdhↄ,a tree Alstonia con gensis its bitter bark is pre pared with cold water as a medicine against a certaln fever
2769,uxu,gag put into a man s mouth and stretched so as to prevent him from crying ap plied to victims of human sacrifices in the old times
2770,uxu,inheritance heritage v ce r
2771,uxu,seed the sprouting tip
2772,uxuε,remains of palm fruit after the kernels have been removed they are burnt and the ashes em ɽixug used in the preparation of native soap evaxuε v erhe I uxuεf ε same as axuef bathing having a bath df
2773,xuε,a carved stick a few feet long forming part of the ancestral shrines Erha and
2774,iye,e g Dxwahe dvia and others During prayers they are knocked on the ground in order to confirm the words uxurh ↄhↄ a kind of tree its branches form the most essential part of an ancestral shrine and of others u below because these branches are be lieved to ensure communication with the spirits of the dead to speak to them and to hear them The branches of uxurh sha have joints and fall off when old its leaves resemble those of the gum tree uxurh ↄhs i e the branch is found on the shrines of the ihE who were once human beings i not on that of Olokii and some others t is likewise found under some inyat i e the trees where
2775,otↄe,varous
2776,uxudu,the top side above cf ode ava xubu time when the yam creepers are still growing up along the poles and when there is no food left in every year about March then the women go to the abandoned farms ogo in search of is go famine uxudu fi famine is reigning
2777,uxudu,xr medicine for heal ing charm eaten or used for washing with the object of en suring success or protection but never harmtul like εbo not even when used for protective purposes uxuu n aya xXu awa n aya xu oha J me dicine for bathing the dog one takes to hunt in the bush
2778,edae,uxuxue different uxuxu edvi n ↄvia re hiab the different sorts of things he has brought are many he has brought many different things
2779,uxwaxwamε,being crowded jostling each other c xwaxwa
2780,uxwerhe,a round stool cut from a block of wood without legs carried by means of holes in the sides uxwerhe namayo se this stool is not high enough lit reaches
2781,uxwerhe,sugar cane v R d
2782,ↄhs,being mild mild ness cf xwerhe
2783,uye,big hole or pit natural or dug by men idiom uye de gbe n ↄt ε the hole fell against him who dug it machinations or intrigues have turned against the one who perpetrated them uy egwi tortoise hole perhaps in terior of tortoise shell deep round cavity in the bottom of a pond e g at ok uwu made to enable it to hold more water
2784,wyee,act of remembering memory uyed ev afu εse iwi the memory of a good deed of what is done well is not lost cf ye x
2785,uyi,bhonour dignity the honour bestowed upon a man as well as his inherent dignity awe cf Yor iyi
2786,uyisε,act of creating creation cf yi
2787,uzamal,the dba s council con sisting of the following chiefs
2788,ezↄmo,a sandy place df
2789,exae,x chief EzZzmy s quarter at Benin City a dance w igbuz bu df Yor Ijε bu
2790,uzεvε,being proud pride uz v fuε buw gbe your pride is very great cf zε v hio
2791,uzbla,big week Sunday uzlla n exerhe small week Saturday Of Yoruba origin
2792,uzuade,begging for food cf
2793,zua,x to break into pieces that are already designed by nature and therefore break away without difficulty such as the parts of a kola nut to butcher va to branch off e g a yam rope or a branch inya ma va ɣ obↄ na e towards this yam rope branches to this side va mu to embrace mainly of prostitutes but cf avamu v dede D va to ail in uhubvu va oe I am ill not of headache only h va wvhu
2794,bovwa,to cry at a high pitch used of elephants and toucans described by xwaxwa
2795,va,to split into two equal parts v so A to split into many parts e g wood with axes
2796,va,to stop at a certain place in order to rest when on travel to branch t iva eva d I will rest there cf ↄvavie
2797,vagavajxa,occurs in a song only describes a staggering kind of motion broken by intervals of clinging to a tree used of the bat avamu and also meta phorically of prostitutes with the verb ru c va and the next item vagava xa describes the flight of herons hornbills and of the bats ↄwo and avamu i e that of fairly big but not powerful animals whilst vuypa
2798,vugavuja,describes the powerful flight of a big bird ↄti vag avaya it Mfles clumsily cf the preceding item
2799,ve,to offer a price for some thing and to argue about it to prize il igo uv ge how much do you give for it v ee me Re ask for it for me to see used e g when the trader is absent or speaks a foreign language ve y urhu lit to promise on one s neck promise to pay to vote a sacri fice or cowries to an ih or fbo
2800,vi,q to open of a sore only to come out of a secret εῦe na vεe the secret word has come out cf ve ve r to wrestle oko na m obↄ gua vE r this fellow i e responsibility to knows well how to wrestle cf ev v to swear an oath v Ebↄ J v ihE to swear by a god to swear juju v ↄε swear it i e that you have not done it by cursing yourself with a Juju vi to catch of fire erhε ve the fire is catching cf
2801,ve,to reveal a secret ↄw εie
2802,ni,he is revealing that word secret ↄ ↄɽe he revealed it cf ve
2803,ve,to light a pipe to see that a fire catches iv rhε na am lighting this fire by blowing on it d v v hie
2804,veεe,r extremely deep of a hole the bottom of which cannot be seen such as e g fissures caused by an earthquake but also of a river Used with the verb ye very far away ix ε e veεε v umoddia I see him very far away straight ahead lit in a straight line i e on a straight road
2805,vewae,to wax of the moon v ko uro uki
2806,vizi,to jump vil ra to Jump across vi x to cut aswelling open dovi e aɽi eɣa na come and cut me this abscess to make a mark on paper sand a wall etc vi uvigE y ena draw a line here vi ow y ada n ulao make a mark with your foot at the junction which you take lit enter said to somebody going in front that he may mark the way for the people who follow to make a tribal mark the place must be indicated awi ῦ
2807,irho,he marked my cheeks
2808,via,to grumble e ε about the lack of something ɣεvida ma oε don t grumble show me don t grumble to me df
2809,ovia,vie r toweep c eve to discharge blood or water of a wound or sore gte n ↄr d We vie yiyi yi the sore on his leg is discharging water continuously tocrow of a cock akpa viε the cock is crowing cf uviεve
2810,vie,to be ripe of palm fruit edi na mabheviε these palm fruits are not yet ripe vievievi or vwiεJ very small of infants and things the very smallest size smaller than
2811,werwerwe,it is very small tiny v ihE cf vE
2812,vio,to take with a plural object w mu rhie
2813,vio,kua to throw away
2814,vio,de re to bring vi eti ni re bring these things viↄ lovir to lay down s hoho v ifuvu na
2815,lovie,this grass lies down along the ground vi ab ema to take the drooping branches and creepers of yam and tie or wind them up the poles and ropes clipping them as well iri ugbo iyavi ab ema I am going to the farm to Ro and tie the creepers up v to become be full ↄw ε it is full ↄv it is getting full wvH na to be full of w Yor kii fu uko na v n ame this calabash is full of water also ame v iko na cf v
2816,vi,to fill ↄw fε L he filled it cf v
2817,vu,r to pull not dig out e fruit in the ground cas sava wie is used of yams dolele ῦ oε yavu iga i come and accompany follow me to go and pull out cassava toroot out tree stumps to force one s partner in wrest ling out of his posture
2818,vi,tofall by accident of men and animals only ↄvu a v uhuv erha he fell down from the top of the tree vu a in a pause general term v de
2819,vuxavugavuga,describes the flight of big birds like vultures ducks hawks eagles toucans etc ↄti vuyavuRavuya it flies heavily cf vaya
2820,vajqa,vuu very deep of a well without water the bottom of which is almost invisible or of a very deep river oye v uui it is very deep v v εε deeper still vuuii describes the noise of a flying beetle or other insect sgwi xia vuuw Lt it is making a noise going along e v x a preposition indicating rest in a locality or motion from a locality its meaning is often shown more precisely by a following noun of locality as I e g In v uwu in inside in v uhudu at head on top of v otↄ in ground underneath In this way the English prepositions are ex pressed by means of one Bini preposition only linked with various local nouns v obↄ lit in hand means from when a human being is qualified by it ov is also employed to form a great number of ad verbial expressions as e g v eva L O there v odↄ there a locality still further away than that indicated by v eva v eῦa here v oɽe outside on the street used when the speaker is at home and means another place in the town The prepositions formed by means of linking v to a noun of place can also be used ad verbially e g v od aɽo in front Reneralised by adding odε road in front of v iyeke at the back behind v od uxudu above Other adverbs formed with the help of v are v ehia in all altogether e g ix ikp igie v ehia xiε sold twenty pounds in all I sold goods amounting to the value of twenty pounds v eriↄ
2821,or,or IN thus v gxoxXo in the corner privately e v as like used with nouns sba v eb axuε h it is red like a parrot tail feather v enε as if introducing sen tences asye v en ↄmawviε he looks lit is as if he has not slept To v enε may be added awe onef says aɽu v en aw ↄri ase he be haves lit does as if he were right e v I what interrogative v u ade what did you get v u amiε what did you see what relative con structions with o in this sense are in some cases used to denote objects which in other languages would be expressed by nouns e c ev aɽe what one eats food ev axuf short for ev ayaxue what one takes to have a bath soap to this class belongs probably also ev ariε cf ri native butter why with following
2822,gu,or ze v ↄgu ɽuU εe why did he do it what did he do it with or for v ↄzf n ↄna ɽu εe what caused him to do it how interrogative he is put at the end of the sentence v uwa vie hε how have you pL slept where but cf vo r v u arie where are you going v u aye where do you live particle intro ducing temporal relative sen tences v n e g ugbε or εɣe v ide at the time when I was coming
2823,va,r to meet to pass on the road iva re I met him idiom va v owa to meet in the house to deflower v ↄ ere to affect
2824,ve,a conjunction linking up nouns and Ozo Ode ia keɣighina n owir Ojo and Odε they were fighting this morning we v if Bgbay
2825,ugbo,you and he did you Lit he go to farm to gether gba Instead of this construction wa v ↄɽe you pl and he is said to be more in use Cf ve ve r an auxiliary verb used alone or in connection with another auxiliary verb e g ke It corresponds to the Eng lish again als as well when standing between verbs skeveru ε and he is doing it as well ojkeveru εe and he did it as well Instead of ke kevi and may precede it Cf ve ve to be scarce igafɽi ve v vO na gari cassava is scarce in this town f
2826,uvede,r on account of owing to used with a following noun or pronoun about not in a lccal sense ix are vekpa ε e n uxaɽe ni N I shall come on account of that matter about which you have spoken
2827,ve,to become be broad ↄdεf na
2828,vee,this road is broad Idiom aɽo ve ei eye is or was broad with me I have been greedy said e g when blaming oneself for having taken the best looking share of a dish only to find oneself deceived in it cf ve aroveTe ve I to widen ifA vↄ de na they are widening the road vↄ is lengthened df
2829,ve,in ve re to bow
2830,vie,to sleep deɣ uvigɽe I hope you have slept scil well A formula of salutation uguvi LsE o may you sleep well said to be the most correct and best form also vi gse o and most used uvi εSe o I
2831,vigvie,to warm up water vievi am ε na me n iyaxuε r warm this water for me so that I may have a bath tobewarm ↄvievige itis warm water the body v ra soup weather ti soup vo r to be where inter rogative we vo where are you nε or lf ve where is it ɽε vo where is he vo to be ripe with yellow colour as bananas pineapples oranges and pawpaws alimoi na voro this orange is ripe
2832,ovovo,to hold oneself on somebody s back to back aninfant dovovo n ugi ay axia come and hold on to my back that you may let us be going come on my back and let s go to carry on the back ↄvov εe she carried it on her back voxXo r to be flexible
2833,aroxo,it is flexible to bend εhohovox erhani the wind is bending L tree v
2834,guleε,to praise pounded izε as evo o only used in a certain saylng
2835,voxovoxo,solid starchy as result of good pounding fufu used with the verb ye
2836,v,to hop straight up with both legs ↄvↄ e he jumped v sa vi topull out e g aplant with the hand v z with a pointed mnstru ment out is fua or hi v uhoo ni fua pul that pawpaw shrub out
2837,vaↄrdevↄrd,describes tears running down over the face and latex flowing out of the rubber tree used with the verb
2838,vie,not solid powdery of fufu which is not well pounded well pounded fufu sticks to gether a duↄ ema na yi ↄye
2839,vuεvuε,who has pounded this fufu it is powdery
2840,vuεvuεvuε,fat of human beings ↄye vwuεvuεvuε he is fat
2841,vuovuo,avocado pears by digging them into ashes to become or be rotten of meat leaves and corpses aↄvuovuo it is rotten v gbe
2842,ga,x our ↄɣ iuda nb it is ours us miε da he saw us
2843,ba,x to measure length Ca utac erhaA na measure thelength of thisplank a egbe to measure body ocne self to be proud ↄBa egbe gbe he is very proud to weigh a isawewε ni weigh those groundnuts c
2844,itaegbe,x to arrange e g yams in piles a inya ni arrange those yams to fumble continuously with one s dress looking whether i t is in good order considered as proud wefjɣIDaOA v eva n ulare n ayvaxia don t look around yourself there any more lit that you come that we may go df
2845,evava,r my owa ῦf mv itis x to bake yam or my house me ifA miε ve they saw me
2846,bε,to have ivB gb ↄɽe egbe D I have the same lit its body also gb ↄXe l se rhi erhid to be eager zealous ε i
2847,bε,osa to owe a debt money ↄῦε osa he owes me a debt iv r osa I owe him a debt v ɽe ↄɣae to be warm of water food the body evafe na Sɣae this food is hot n ε i E which has not corresponds to the English without n ε i f which has no end eternal Biblical e g uwε ɽo d uf sfe n ε i f fa D do you think you have riches without end eεme it has not followed by a nega tive verb expresses necessity must edε imayo it has not there is no chance that I do not lit did not go I must go v the English I cannot but n ↄnwina d mari evae he who has worked must also eat
2848,wa,pers pronoun znd pers pl used in conjunction with a verb wa I to spread ↄswa ukp ↄ y otↄ he spread a cloth on the ground to divide iwa emi I am dividing something also I am spreading something on the ground for sale to revive an exwae or εbↄ by spitting on it or rather to awaken The εbↄ s or charms are awakened in order to make them attend to com plaints for some of them tra vel i e the spirits leave the shrine The charm is awaken ed by blowing chewed kola and alligator pepper on it swa εbo he is reviving charms awa uxudu he is reviving medicine to give food to witches wa n azε give food to the witches e g before telling the future cf ewa z waed i swaisε l wa tocastrate cf ↄwa wayg a to fall to pieces to crumble of bread tobacco e g but also of sandstone also wagQa a i e cwua d
2849,wagawaypa,crumbly used with the verb ye c waɣa
2850,warha,describes a man with big buttocks sitting tota warha w aɽo f wo
2851,we,to order something w eῦi ma v fki order me things from the market iɽaw ei v ebe I am golng to order things from the cata logue we to open anything covered a box book etc ↄw ekpεti na he is opening this box we to shout in applause used with the onomatopoeic
2852,kpii,they are shouting in applause w egbe cf wo
2853,weriε,r to roll to turn change weri egbe to re turn weri egbe ha to repay weri unu to with draw one s word
2854,we,to say aw D he said afowa ov wh do my mastersays do i e greets you
2855,wee,gently gradually ↄde xia
2856,wee,be is falling gradually ehoho ne ws ε a gentle breeze
2857,weεeweε,describes stealthy walk like that of a thief ↄxia
2858,weerwεe,he is walking stealthily
2859,weiwεiwei,describes a quick way of walking with short steps used with the verb xi
2860,weikeweke,also welswe ls describes the walk of a duck e Q but is also applied to a woman walking with swinging hips n
2861,weleweεlε,describes a soft and steady motion as e g that of a waving flag or feather
2862,wewsrhe,shallow of ponds also of pots plates etc but not of flowing water ↄye wsawsrhε it s shallow
2863,wewewe,denoting whisper secret talk agua wewew he is talking secretly
2864,wi,to get lost ↄpia E wiri my matchet is lost
2865,wia,to smell ↄwiaɽe he is smelling it ↄwia re the smell is coming over here lit it smells comes swia ixa it smells bad
2866,wie,to pull ocut yam in order to store it iwi nya v otↄ I pulled the yam out of the ground cf wio yuo
2867,wio,x to fall out e uills broom sticks fibres of a mat igh wee na wio kuafo igba the bristles of this broom have fallen out entirely to take out a quill
2868,wo,to be strong in w aɽo to be covetous to snatch things from other people w
2869,egbe,to become be strong ↄwegbe gbe he is very strong wo o to make noise of a crowd of people e gQ In a market cf owogo
2870,wohia,m to be strong to have powerful and effective charms okpia na wohia gbe this man s charms are effective cf wo v dido
2871,woo,describes a fire burning with low flames ↄba woo it burns with low flames
2872,wowowo,describes fire same as ypiriyici
2873,wod,to tire n inwina wa B egbe this work is tiring me egbe whr ῦe body has tired me am tired
2874,womuwonmu,als de scribes voracious eating used as a verb in a song wↄ dra denoting tallness ↄye woↄp s he is tall
2875,wu,todie mostly of a childless person also applies to animals and plants as well as to break able things with the exception of wooden things Further it may be used to denote an abandoned road It is also used of the end of the masquerade dances uwegbe na wu this mirror is broken so as to be useless ukpu na wu this cup is completely broken odε wu the road is aban doned εdε n ε i vi wu the day when the masquerade dances finish fi
2876,wuo,x to rub oneself to mark oneself with chalk iy udε
2877,wuo,I greased myself with palm oil after a bath to keep the skin smooth especially during the time of harmattan wu orhue to mark the shrine and temple of an ihε with chalk patterns as done by the priests on every εd ek and εBd ek n aka to make scratch together a yam heap wu εh inya ni me pile that yam heap for mel
2878,xa,to say ↄRaɽ w ifε i yo nwa we e wa he said he would not go just now ↄxa ve
2879,or,he said it a ma to tell v ta ma sa ma Oε w ifE de he told me that he was coming the syllable ma is low not a low falling tone xa ε ε to say a word a to settle a palaver cf ↄxaεovε b to curse with the help of a charm ↄy exwae xa εbε nf he cursed him with an
2880,exwae,to sift corn maize when mixed with water rhi ahε re n ayaxa ka na bring a sieve that we may take it to sift this corn ka is ka v bsw xa to tire of food and work ema xa ε fufu is tiring me I am beginning to get tired of fufu when the speaker has been eating fufu for a long time but hithu which is used after a single rich meal v wo
2881,xarha,ɽ to drop xarha
2882,kua,to drop off alimoi ni xarha kua v ↄɽueyR erha ɽε those oranges were dropping off when he shook their lit its tree to repeat cf exarha
2883,xerhe,small used with the verb ye cf xerhe v in descending order of size ting ewεɣ cwey viEs
2884,xerhe,to be small cf the pre ceding item and Yor kere
2885,xe,towait followed by direct object to await dia xε ε o d ɣ ide stand and wait for me for I am coming ix arhi eso v eda I am waiting here for some people ix ↄ d de I am waiting on the road e g as a guard during a secret performance v b odse
2886,xi,to be preceding a noun predicate okpia uxi you are a man as a word of praise for some work or e g success in wrestling For the rd pecrs sgl
2887,na,is used i qεce also xi v ↄ N to be of concern to to have to do with ive v ixi ewe I have not what I am to him I have nothing to do with him ivE v ixi v I I bave nothing to do with lit in it cf xi I
2888,x,to become e g in the following greetings ↄxXi εdε hia good bye l lit something like it becomes all days any day viz that we me t mxi owiε good night lit it becomes morning the reply Is upuvi εse o may you sleep well ol ↄxi v azlkpεe see you later Ilit something like it becomes what lasts a littie in quick speech is heard instead of v Further In xi maε to become old cf xi xia xiε
2889,ia,to walk i e not with a definite aim to take a stroll as second part of verbal combinations it means that the main action is stretching over a certaln time in combination with verbs of motion it can be translated by along e ahiadε ti xia the bird is flying along This translation is also used in the local form of English when no verb of motion is concerned e g they are working along ifa nwina xia In combinations it is only used in the ipf mood of action Redupl xiaxia to go about v rie yo
2890,xia,to hurt ows xia ɽe his foot hurts him
2891,ia,to turn into x iko to obstruct somebody s in tentions xεx iko lele ῦε don t follow me in order to obstruct my affairs used e g by a girl who is followed by her sister on a secret way to her lover cf iks to trans form into something the trans formation is done by the help of the εbↄ Osiui such transformers have no chil dren It is said to be possible to be transformed into any thing but the most difficult thing which is only achieved by a few adepts is to transform into a cow At the death of a transformer some magic is expected to happen so that he will know when he is going to die When he dies a flash of light is said to go up from his Osii shrine i e the spirit of Osii has left the place All transformers have the powers of witches but they are not necessarily harmful like witches cf iE v fi egbe del egbe xiε wuh to sell t ixi uikpↄ na uvade ɽa h I am selling this cloth can or will you buy by traders in the market to passers by n ↄxi evi ku t b he who sells things on credit a trader buying on credit and paying when he has sold his goods creditor v dε to beat somebody in a game v axhoa
2892,xiε,to mourn for ↄxXi ↄti ɽε n ↄwu J he is mourning for his dead brother re lative xiε gbe to mourn to sit lonely and thinking of one s affliction cf ax
2893,ixizegbe,to move like a snake gnyε xiε yo xiε re the snake is moving here and there to twist round ↄxiε ob he twisted my hand round e g in order to bring me down on my knees xiε to wipe xiε ɽs N wipe it iy ukps xi egbe I took a cloth towel and rubbed myself iε hi re to wipe off xi Tlinwↄ ε n ↄr uhud Blpati ni hi ve hre dLN wipe off the soup that is on top of that box boxes are often used as tables xie gbe cf xi
2894,xiexigxi,winding e g of a rope used with the verb ye cf iε
2895,xio,to break pieces of a kola nut off with one s finger nails this is always done when saying prayers to one s ancestors or any εbↄ after the prayer those pieces which have been collected in the palm of the hand are blown upon not necessary and then thrown on the shrine x itkↄ cf ia xi to block a passage or channel to cork a bottle xi uroɽ ames na stop this gutter
2896,xirhiirhi,rushing of people only Egh Hist ifa tulε mu xia xirhixirhi they were rushing along ran along rushingly rapid of speech used with the verb gua cf Yor kitikiti x to resemble ↄR erha e he resembles his father oko ni X tE Gε n εr owa D that fellow oko is teve A a man known to the speaker as well as to the person spoken to re sembles my brother relative who is away lit not at home v i bad i e useless seems to be used with edi only even when men are spoken of v dia which means of bad cha racter eGi d ↄna x this is a useless thing edi x ↄ
2897,uxi,you are a naughty child cf the nextitem possibly evi ↄ is only a short relative sentence with the verb x x to be harsh severe ux gbe you are always severe x ↄrhi to be ugly of people s appearance the ↄ in X ↄ is lengthened x ↄrhi cf x to wage war of indi viduals to quarrel continuously while toquarrel occasionally is gbina the town etc agalnst which war is waged is the direct object of the wverb x mu otb to conquer also metaphorically used Bba nosa xↄ iite mu oto dbanosa conquered Ute ear Akurε ix mi ɽ oto I bave conquered it some difhiculty or hardship miε instead of mu is only used with a pronoun following x ihii to be jealous Osa nobua n x ihui me xi I am a jealous God Akugbe x to be needed i o n amo mpa X Oε v ɣε ni I needed lent money at that time v ho
2898,xu,todrive away iterat xulo to drive in different direc tions xu kua to drive out ↄm xul ifa kua v owa he drove them out of the house xu iwu to bate a word used by the older people ↄ u iwu ε he hates me v mu ohu which is not so strong a term but is used with the above meaning by young people xua r or xwa to pinch ↄxua
2899,oε,he is pinching me anwa xua obↄ tongs have pinched my hand pinched my hand with the tongs xua used as second part of a verbal combination with si r only
2900,xuaa,to be heavy agba na
2901,xuaa,this stool is heayvy
2902,xue,to touch faintly ɣεxu εɽe n ↄ εz ↄla xu don t touch it that it may not drive us e g a sleeping snake xu
2903,egbe,to shake move a little e g in sleep u ɽueve
2904,xxuε,to set a trap wɣa i ifi J kpa n ↄr ades odε ni who has set a trap on the track that is in the middle of that road
2905,xuε,but uε gbe means to wash oneself with a charm and kill somebody w hↄ for things and also the hair
2906,kpe,for parts of the body e g hands feet to swim ggua xuε he cannot swim
2907,xuε,to cut the remnants of a farm fire u ῦa na εse rhuvu da g ↄmato cut this place properly because it is not burnt well cf exuε
2908,xxugniε,to answer xu n iroro to answer without being called
2909,xud,to strip off the grains from the maize stalk with the fingers also to strip leaves from the mid ribs xu di to beill uxuↄ diɽa are you ill
2910,xurhu,to become thick to be thick of soup
2911,xupuxuquxuɽnu,describes the walk of a cripple with his knees together and his feet wide apart used with the verb
2912,ia,to thrash somebody with one s hands unly serves as iterative verb to kivi ixwarha e I thrashed him or gave him several blows
2913,xwaraxwaɽa,rough like a rasp or unplastered mud walls or the fish ekpalakpala used with the verbs y e or
2914,tu,to jostle one another in a crowd to be crowded df
2915,uxwaxwadε,strict enya
2916,xwaxwaaxwa,a strict promise
2917,xwerhε,to be soft ↄxwe rhze it is sOft to sOften e c mud fufu ↄ wserh ↄe he is softening it also xwerhe J vua both trans and in trans ↄmwerh ↄɽ ua he made it too soft by adding too much water cf xwerhsε l
2918,xwerhεε,m cool not as cool as the degree indicated by
2919,rhiↄd,lit a very mild man it is is this man
2920,xwi,black ukp ne xwi ↄna xi this is a black cloth Ba ne xwi black man African cf xwiwi
2921,xwi,to lock box or door yaxwi ekpεti ni m h go and lock that box for me
2922,xwiexwigexwie,undersized of human beings animals or corn used with the verb ye cf d i iXwiexwie i
2923,xwiiri,very black apparently not as high a degree as dududdd iidgln
2924,xwixwi,to be black ukp na xwi xwi this cloth is black cf xwi BD ya to take in the meaning of to use for a certain purpose ↄy ↄ ia u e bhe did it with a matchet lit took a matchet did it ya e tu εe take it todoit pia n aya nwina a matchet which is taken used to work a matchet for work ing ukeke n aya gb Ebe a stick that is used to write a writing stick a pen to last a certain time ↄL na y edε ha ↄkewu this bottle lasted for three days before lit and then it broke to cause f dya e s unu it is he who caused it to happen ɽ dya E tu ε it is he who caused me to doit see below
2925,ya,nwina ya re v also z Combinations with verbs ya d egbe dε to substitute somebody for oneself as a pawn or as a victim for a sacrifice ya dido to lead astray by showing the wrong way or by giving false information about something dya oe dido v en ε ῦE he gave me false information in or about this affair v also
2926,gie,ma J bibi gu dido gu A
2927,ya,fi oha to proclaim a woman or possibly an article as a present to the Jba this is mainly done when two people quarrel about something and the weaker party sees that he cannot keep or obtain it in any case but also when something causes trouble to its owner it is also done e by a father whose daughter is troublesome I the O ba does not refuse a present This action may also be taken in a similar way by giving something as a present to a big man ↄy en oxuo fi oha gi wba gie l lit he took the woman and announced her as present to the d ba ya gbe lmperat of yal gbel cry of encourag ment for a wrestler knock him down or throw him down when the oppoment is ldfted from the ground Pidgin lε go letgol gbaɽaɣadal
2928,ya,hi egbe to cover oneself with something rhi ukp ni n uya hi egbe take that cloth to cover your self with ya ma to forgive iyaLe ma ɽuε forgave it you ya m egie ma to appoint some body to a title ya na to present somebody with something to dash y edi
2929,me,give me something dash me ya nwina to make somebody work
2930,ya,re to bring about A Biogr yva ta re to repeat in one s second life an il ness from which one has suffered during the preceding life this is prevented by removing the presumed causeof thedisease out of the body e g in the case of a cough consumption by removing a bag containing a white milky substance out from the abdomen w also
2931,eve,we to allot something to somebody iy evaɽe n uarhirhimiε v eva hia w ue A AN L have taken food whichever you may find there all ie the food allotted to you I declare all the food you may find there to be yours ya yi to be lieve iyv ev uxaɽwe yi I believe what you have said a iy ev uxaɽeyil what you have said cannot be be lieved ↄy ude ε yi he took my advice cf iyayi v ↄmodbe ya y εool l to hope to put hope yal
2932,yi,obↄ to put a certain affair into somebody s hand e c the revenge for an offence Iv ε ɽ y ↄῦ obↄ he put his affair into my hand i e he begged me to take it up
2933,ya,y ↄmo to adopt as child ↄya e y ↄmↄ he adopted him Combinations with nouns y egbe ko to put oneself under the pro tection of somebody y eɣo to give something after a prayer to a priest in order that he may give it to the god later on also mi eɣo from mie D v cu ll yv ɽ l to do something with cunning
2934,ya,ers a to provide lodging for somebody y ckpia na er h give this man lodging b to provide food for somebody c idiom mostly used by old people to throw away y εɽ ers throw it away ya ike to sup port somebody ↄy ↄsi oɽr ike v en εzↄ he supported his friend in the lawsuit also rhi yobs na D ya
2935,oba,to help a man ↄy erha ῦ obs bhe helped my father y obↄ tie to beckon to somebody iy obↄ ti ɽe I beckoned to him y obↄ y otↄ to come about to commence intrans of a thing or affair v ↄya y obↄ y otↄ hε how did it come about y ob ↄ y N vi to agree to it the second verb yi may be followed by nouns as well vw
2936,kwe,y iy obↄ y ↄ I agree to it y owε rilo to tread lit w ith feet idiom uy owe ril ↄῦε you have trodden on me you have committed adultery with my wife y ↄɣ na to honour to pay respect to y ↄɣ n en ↄdiε ɽuε pay respect to your senior oↄy ↄvↄ mea he always pays respect to me y ↄmo na to betroth dash a girl to somebody i e generally as a child when the suitor has asked for her after the betrothal the suitor starts the ugadε the service for his father in law v also mu xuε ↄy ↄmp
2937,nε,he betrothed a girl to him y unu y L to demand a price for something of the seller il igo uy unu y ↄ how much money do you want for it v ve ya an auxiliary verb used in relative sentences when the relation is a temporal one when d εɣε n ↄva re
2938,or,at what time was it when he came when did he come cf ya v na ya to join in ya ba to join ya gha to stick together to become knotted e c of a rope into which some body has made a loose knot that has become tight iri na ya gha this rope has become knotted ya ku gbe to agree with one another ma v ↄɽe ya ku gbe we agree sometimes
2939,va,a verb implying the idea to go but only used with a main verb following it corresponds to do tocome and sↄwaɽu he goes to do it he went and did it
2940,ye,to be I indicating quality oy eriↄ it i s sO oye sogwosagw it is tender of a child to be in a certain place but only in relative clauses otherwise v re ɽ owa n dye the house where he lives ye re to remember imayviy ε ε na I cannot remember this word iy εɽe re T am remembering him cf ayere ye an auxiliary conferring the idea that the action of the main verb is still or again done edi n akauyi ayeru e y what has been done before is still being done ↄyer eva he is still there oↄyeweri egbe
2941,re,he has come back again y erhε cf yↄ
2942,ve,it pleases me
2943,yqgbεyεgzbε,describes the tired walk of very fat people esp women and among the animals of fat cows o xXia
2944,yvegbeεyεgbε,she is moving wearily because of her stout ness I
2945,yekuyεku,big fat of rats fore ukaɽu e yi h have or pigs also describing the walk you done it before v ɽa of such animals ↄf na xxia yiwEɽ describes the fall of a
2946,yekuyεku,this rat is small fruit e Q avocado pears walking clumsily because of and big leaves for bigger fruit its being fat v εbete v kpu ↄde yixεɽ it
2947,yeyε,to be foolish v kiza fell of a small fruit boεε yiyi vi describes the con yi a verb indicating the tinuous flow of a lLiquid v direction in which an action is vic performed something like to yo I to go to a certailn put into to put in a certain place in the imperf it expresses place or simply into mr habitual action only progres eke n irhi ere yi the sing action is expressed by rie place where I put it irhi εɽe uy eskuɽ w ɽa do y eva I put it there you go to school iyo b yes N in it e g ↄkeghina I go i e usually iy eva wu y he fought and iy εe lit it pal I went died in it he died while there iyo I am not going fighting Egh Hist y ihe as a refusal Vviz on an errand into the place instead etc but irie I am not irhi ↄna y ih ↄ o n ↄwiri golng away yo and re when I take this instead added to a verb of motion of mine which is lost express the idea of to and yi to create Osa yi agb s fro e g ↄxia yo xia re it was God or Osa who he is walking to and fro created the world uyive n osa yo tall not of human beings yi d ↄ hɣ ighogiε n B D in erha nayo this treeis high the creation as which Osa has y in y erh to set fire to created you was one of a joke farmland only to make fire sald e g when somebody has in kitchen or sleeping place is done a very stupid thing kok erh mu egbe n ayay yi ama to make a mark erhε get ready that indicating ownership e g b we may go and set fire to the to wound y uhi to make farm a law or rule yↄ to fill gaps in a crop by a yi in ywi ε mo to second sowing watch to observe oↄy εɽC εɽ o yↄ yvir l he observed him ama n yↄkoↄdↄ big and fat of birds dya y f ε ↄna h ll mostly fowls and also of insects this is the mark he has used as e g mosquitos when full of to watch it e g a piece of his blood ↄaye yↄkad it is big property lest it be stolen and fat cf yↄkosyↄko vi a particle often used at yↄkↄyↄks describes the the end of questions but not ne clumsy movement of very fat cessarily meaning possibly be fowls cf yokadↄ yↄ describes a noise as of distant rainfall in the forest or of a distant waterfall or rushing river in the Benin Area only the Oxuo river rushes like that
2948,yↄyay,describes long falling hair or a beard cf iyoyↄ
2949,dtoomiyoↄyↄ,m to pull out to drop out ↄyuo fua it is dropping out cf wie wio o
2950,za,to speak ill of a man without just cause to slander the noun is oza cf z z
2951,zaxxa,m to scatter also zaɣa cua zag uherh ni ua scatter this firewood if the fire is not yet wanted zagQ i o al ua to squander money to be scattered a curse t uɽazagɣa a ɽua may you be scattered ie all your belongings etc cf the next item za azagɣa describes the act of tearing something to pieces and also women tearing each other s hair cf zava z z
2952,zaizai,describes a brisk and hurried kind of walk like that of a man who does not want to waste time and e g talks to others while hurrying along used with the verb xia
2953,zama,to respect izzZam ↄBa
2954,hiehie,I don t care for anybody cf Uzama z aɽo cf z
2955,zaza,to scatter the contents of a box etc also to tear each other s hair of fighting women ɣεzazA Ukp don t scat ter my clothes ↄziza ɽ eto she tore her hair cf za azaɣa l za a l
2956,ze,to be hard stiff to be strong powerful ze vw udu to Dbe strong at the heart a to be courageous v di to be bold b to be obstinate cf izevudu z edu cf zε
2957,zewɣezeɣe,very lean and weak as a man recently re covered from illness used with the verb ye v nyiɣε zE I to choose to select ebↄ z ↄ is an ebↄ choosing you viz as priest said if somebody suddenly becomes excited and moves like someone drunk or mad such as people do when entered by a spirit also z εbↄ i l a re ne er inaz ↄɣ ↄ nε I shared it already and then selected his own share and gave it him to take out icaz ema v odo I am going to take fufu out of the mortar iraz ema y ↄkpa yi am going to put fufu on a wooden plate take fufu out and put on or iɽay ↄkpa z ema ya Iam going to take a wooden plate to put fufu sc on i e out of the mortar tocause v yarx used with following ij e or a construction with na fɽ zε ɣ ↄs unu it is he who caused that it happened v also e v Combined with verbs
2958,ze,ba to take more of a certain thing than accorded or allowed azε ba isawεwh n iya nef h he has taken more of Q the groundnut than what I allowed Lit took gave him the ba is low here not falling v ze yi zε hi to take a certain amount away from something e g grains or gari oↄze hi gaɽi ni look he is taking out of that garil zε kuva to take something out and throw it away ↄ XoXo z ize n ↄlua na kua the fow took these crawfish and threw them away l e scratched some away and made them thereby useless
2959,ze,lele to choose and follow to be next of kin or In rank to somebody m oↄ en ↄzε lel en uxa ni M lit it i I who chooses follows that one whom you are or were speaking of I am next to the man you were speaking of zε ta tfo guess say to spread rumours cf ↄzεta e
2960,yi,same as zf ba
2961,ze,y same as z
2962,ba,implies an object which has already been mentioned to take more of it to take heed of some thing also in ↄz y ↄ s ε eE he is minding my word Combined with nouns z abↄ to do something quickly also giεgiε z abↄ axia n urherhere o quick ly that you may come in time z abↄ ɽu εe do it quickly Idiom z ak iha Lt to bring out the tooth in the wrong direction to be irritated of otherwise peaceful people e q by mockery also of animals when attacked or wounded the more ordinary expression is ohu m ob ↄmu ε anger seizes him strongly z axo wa to choose as substitute z aze to pay a fee to a doctor or somebody who has taken care of a man z en azef pay the fee z ebaɣ al to be out of control to be res tive εsi na z ebay a this horse is troublesome uncon trollable oks na z eba a the canoe is out of control e g in a strong current eki z eba a there is a slump in the market z en unu to state one s case in the Bini with a following possessive pronoun this combination be longs perhaps to zε also gwi en unu εɽε zε unu in the idiom ↄmd z ↄ unu the child chose his mouth he or she had a child several times but it always died never stayed z eto to shave hair lahↄ doz ↄῦ eto please come and shave my hair gb eto is to cut hair with scissors z εgbele to commit suicide by hanging oneself z εti to oppose to contradict ↄz ↄ ε he opposed me z εtu to shave beard z idase to play naughty tricks of boys oz idase gbe he is naughty z idwna to play magic tricks i e to wvanish or to transform things but to trans form oneself is xid it is also used of conjuring tricks as e In ↄz d ɽna y ↄha inya L he is playing tricks turning corn into yam xia z igie to select the best used by old people v u az igie z ↄkpa or rhi ↄkpa o A N what are Bo picking for the best for take one among them z igwε to give presents of a wife to her husband or of a man to his superior chief hi oha
2963,imuoha,to cut teeth of a small child b to pay money as a fine or when blackmailed but ha for a debt ↄz iɣO y amiↄ dave he payed money for adultery z
2964,ixo,to fine or blackmail somebody iz ↄɽ i o I fined him z ihi to blow onef s nose z obↄ lt to take out hand to glve up to cease ↄz obↄ v inwina he has ceased working z ↄɽ ob he gave it up Idiom z ukpj obↄ lt to give up wearing a cloth to die v Oxwahε song z ogiε to take out laughter a to joke b to cause laughter to be ridiculous amaɽu egbe z ogiε one does not do each other to cause laughter the things you do to each other are no matter for laughing Idiom az ogiε z ῦata as a martter of fact lit we joke and say the truth which means perhaps though it seems a joke it is true The more modern expression is v od εvata lit on the road of truth z okeke to make false excuses uya yi Ozo z okeke a do you beliecve that Ojo makes false excuses z oko to pay a fine but not in money cf oko z otu zE oe as to divide up in working gangs waz otu n uwa rherheɽu e divide yourselves in gangs that you may do it in time z owε to step z ↄhka to shout at somebody to speak harshly ↄz ↄka da D da AD he is always shout ing at me but to shout to somebody is da tie z ↄ rh to purify oneself from being a widow z ↄxxi aɽo lit to have a strong eye to make a pretence of strength or power in order to obtain something z unu to choose mouth to be squeamish about one s food cf izunu zUwu to choose death to com mit suicide v z εgbεle to send izↄma bu εm sent a man to meet him ze tobe proud inagood sense z aɽo tobesevere izaɽ o mu g skexaxia I was se vere with him and then he went zE an auxiliary verb in dicating that the main action is performed or has been per formed for some time z
2965,kpεe,to be soon iɣ as od shso v azekpεe arrive there soon lit when it has lasted some time zZ to speak a certain language ↄz εdo he speaks Bini or e when hearing a foreigner suddenly speaking Bini ↄz uhobo he speaks Sobo z edu to interpret edu n ↄzεz ma gbe the interpretation which he per forms is very good according to maru se z v en uxa e we did it as you said cf zg ε
2966,zgbi,to be guilty ↄzεbi he is guilty cf Yor jebi
2967,zeε,exactly eriↄ ye zeεε itis exactly so quietly intensifies seε ɽae to leave alone s ↄ e ɽae zε v en i e ruε na lit leave him alone as I am looking at you now i e something like can t you see that I am angry leave him alone cf ze ve zexɣεeze h loose shaking e g of a tooth or rafters in the roof construction of a house used with the verb ɽu ↄ u zeɣεzεɣε it shakes
2968,zezeze,trembling vwiolent esp with fear stronger than that described by hiyahiɣa zεBzεzε is mostly used with the verb gw s
2969,z,to bear to endure also zi egbe ↄi egb εre he endured it z to get hold of some thing to which one is not en titled but with the intention of using it exclusively by force to stamp the ground or to beat the soi with a stick round a pole newly rammed in in order to fix it zi
2970,dwo,yi to look carefully at something to scrutinize zigz to force into ↄzEzi ikpd y uwsɽe he is forcing the cloth into it e a box cf
2971,ziga,to try v hia ↄziga ru e he tried to do it cf zgala z zigala r to fly of butterflies very idiomatic used only by old people the existence of this word was doubted by A df
2972,ziga,zigarakpazyaɽakpa de scribes the walk of a ma suffering from rheumatism lum bago or any complaint con cerning the hips i a sort o walk with the legs a little apar and a careful movement of th hips used with the verb xia
2973,zixirhi,to be firm solid eg of trees z to germinate t shoot up edvi okↄ na zↄ εsεs this seed has com up well to pick out witl a pointed instrument or will the finger nail also zↄ fu D akↄ to pick on teeth with a pin or the quill o a broom Iterat zↄlb ku to pull or pick many thing out of a heap or out of a mas of things which are pasted to gether by means of somethin pointed e g one s finger nail but wv yuo to get hol of part of a plant and punl it out zdl em ↄgbεhui ku v ↄhka ni pick th useless scil ears or grains ones out of that corn fu cannot be used with zslo zy in zdj ese or zε es to perform a sacrific ordered by an oracle or an prediction in order to pacify for some offence especialls adultery by the husband of th guilty wife ese n azy performing the pacificatio sacrifice The powers to b pacified are Erha Osil and Ogii but drↄmila priests pacify their wives adul tery besides at the shrines of d Imila Esu a nd
2974,oɽiolε,himself i e if he is a junior son his eldest brother must perform the ese In case the senior brother dislikes his junior brother or the culprit woman he sends for the ska gbεe the head of the sib who will insist on all the amount paid by the para mour or damages being used for the sacrifice as well as the money received by the woman as a present then the husband cannot keep any of the money paid to him by the paramour as he would otherwise do esp as the ↄka εgbεze comes ac companied by other elders of the sib and must be entertained
2975,zud,to watch a man eating in the hope of obtaining food or usually some more food by this silent appeal cf uzuaovε O Jl z uxu to trouble of stomach only εko z u u ↄE stomach is troubling me I have indigestion cf t uxu I uxlu
2976,zuroↄzurd,describes the walk of a man as it were afraid of hitting against something though there is nothing to be afraid of of people not bright in move ment possibly slouching is the nearest adequate termj used with the verb xia
2977,zuzuzu,describes a smell like that of a dead animal used with the verb wia v h hhi CAMBRIDGE PRINTED BY R I SEVERS
